,time,pressure,topside_temp,topside_temp_ADC,par,fluor,tilt,datetime
2,1551453709.0,6.67266845703125,1.2054354654222266,26087,106.96038356164384,0,9,2019-03-01 15:21:49.000
3,1551453709.0,6.67022705078125,1.2061950574688467,26086,106.96038356164384,0,9,2019-03-01 15:21:49.000
4,1551453709.25,6.64276123046875,1.2046759058511611,26088,105.8756712328767,0,12,2019-03-01 15:21:49.250
5,1551453709.5,6.61376953125,1.2046759058511611,26088,105.8756712328767,0,6,2019-03-01 15:21:49.500
6,1551453709.75,6.58447265625,1.2039163787528082,26089,105.8756712328767,0,9,2019-03-01 15:21:49.750
7,1551453710.0,6.5557861328125,1.2039163787528082,26089,105.8756712328767,0,18,2019-03-01 15:21:50.000
8,1551453710.25,6.52984619140625,1.2039163787528082,26089,105.8756712328767,0,21,2019-03-01 15:21:50.250
9,1551453710.5,6.5020751953125,1.2039163787528082,26089,105.8756712328767,0,16,2019-03-01 15:21:50.500
10,1551453710.75,6.473388671875,1.2039163787528082,26089,105.8756712328767,0,8,2019-03-01 15:21:50.750
11,1551453711.0,6.44500732421875,1.2031568841246099,26090,105.8756712328767,0,7,2019-03-01 15:21:51.000
12,1551453711.25,6.41632080078125,1.2031568841246099,26090,105.8756712328767,0,15,2019-03-01 15:21:51.250
13,1551453711.5,6.3885498046875,1.2031568841246099,26090,105.8756712328767,0,12,2019-03-01 15:21:51.500
14,1551453711.75,6.35955810546875,1.2031568841246099,26090,105.8756712328767,0,6,2019-03-01 15:21:51.750
15,1551453712.0,6.33026123046875,1.2031568841246099,26090,105.8756712328767,0,11,2019-03-01 15:21:52.000
16,1551453712.25,6.30218505859375,1.2031568841246099,26090,105.8756712328767,0,17,2019-03-01 15:21:52.250
17,1551453712.5,6.27471923828125,1.202397421964065,26091,105.8756712328767,0,18,2019-03-01 15:21:52.500
18,1551453712.75,6.24603271484375,1.202397421964065,26091,105.8756712328767,0,15,2019-03-01 15:21:52.750
19,1551453713.0,6.217041015625,1.202397421964065,26091,105.8756712328767,0,7,2019-03-01 15:21:53.000
20,1551453713.25,6.18743896484375,1.202397421964065,26091,105.8756712328767,0,0,2019-03-01 15:21:53.250
21,1551453713.5,6.1590576171875,1.202397421964065,26091,105.8756712328767,0,1,2019-03-01 15:21:53.500
22,1551453713.75,6.13006591796875,1.2016379922683882,26092,105.8756712328767,0,3,2019-03-01 15:21:53.750
23,1551453714.0,6.0992431640625,1.2016379922683882,26092,105.8756712328767,0,6,2019-03-01 15:21:54.000
24,1551453714.25,6.0699462890625,1.2016379922683882,26092,105.8756712328767,0,9,2019-03-01 15:21:54.250
25,1551453714.5,6.04034423828125,1.200878595034908,26093,105.8756712328767,0,11,2019-03-01 15:21:54.500
26,1551453714.75,6.0125732421875,1.200878595034908,26093,105.8756712328767,0,13,2019-03-01 15:21:54.750
27,1551453715.0,5.98419189453125,1.200878595034908,26093,105.8756712328767,0,12,2019-03-01 15:21:55.000
28,1551453715.25,5.9552001953125,1.200878595034908,26093,105.8756712328767,0,7,2019-03-01 15:21:55.250
29,1551453715.5,5.92498779296875,1.200878595034908,26093,105.8756712328767,0,0,2019-03-01 15:21:55.500
30,1551453715.75,5.89569091796875,1.200878595034908,26093,105.8756712328767,0,4,2019-03-01 15:21:55.750
31,1551453716.0,5.86700439453125,1.2001192302612367,26094,105.8756712328767,0,6,2019-03-01 15:21:56.000
32,1551453716.25,5.83709716796875,1.2001192302612367,26094,105.8756712328767,0,6,2019-03-01 15:21:56.250
33,1551453716.5,5.8074951171875,1.199359897944305,26095,105.8756712328767,0,6,2019-03-01 15:21:56.500
34,1551453716.75,5.780029296875,1.198600598081839,26096,105.8756712328767,0,11,2019-03-01 15:21:56.750
35,1551453717.0,5.7525634765625,1.1963228931940648,26099,105.8756712328767,0,11,2019-03-01 15:21:57.000
36,1551453717.25,5.72601318359375,1.194804585492136,26101,105.8756712328767,0,12,2019-03-01 15:21:57.250
37,1551453717.5,5.6988525390625,1.193286407544349,26103,105.8756712328767,0,11,2019-03-01 15:21:57.500
38,1551453717.75,5.67169189453125,1.192527367221544,26104,105.8756712328767,0,8,2019-03-01 15:21:57.750
39,1551453718.0,5.64422607421875,1.1917683593293873,26105,105.8756712328767,0,6,2019-03-01 15:21:58.000
40,1551453718.25,5.616455078125,1.1902504408262757,26107,105.8756712328767,0,5,2019-03-01 15:21:58.250
41,1551453718.5,5.58868408203125,1.1894915302100344,26108,105.8756712328767,0,5,2019-03-01 15:21:58.500
42,1551453718.75,5.5615234375,1.1887326520138686,26109,105.8756712328767,0,9,2019-03-01 15:21:58.750
43,1551453719.0,5.53436279296875,1.187214992871077,26111,105.8756712328767,0,11,2019-03-01 15:21:59.000
44,1551453719.25,5.50506591796875,1.1864562119192783,26112,105.8756712328767,0,9,2019-03-01 15:21:59.250
45,1551453719.5,5.47698974609375,1.1849387472414605,26114,105.8756712328767,0,7,2019-03-01 15:21:59.500
46,1551453719.75,5.44952392578125,1.1849387472414605,26114,105.8756712328767,0,6,2019-03-01 15:21:59.750
47,1551453720.0,5.42144775390625,1.1841800635102118,26115,105.8756712328767,0,7,2019-03-01 15:22:00.000
48,1551453720.25,5.394287109375,1.1834214121806212,26116,105.8756712328767,0,9,2019-03-01 15:22:00.250
49,1551453720.5,5.364990234375,1.1834214121806212,26116,105.8756712328767,0,8,2019-03-01 15:22:00.500
50,1551453720.75,5.3369140625,1.1834214121806212,26116,105.8756712328767,0,6,2019-03-01 15:22:00.750
51,1551453721.0,5.308837890625,1.1834214121806212,26116,105.8756712328767,0,6,2019-03-01 15:22:01.000
52,1551453721.25,5.27984619140625,1.1834214121806212,26116,105.8756712328767,0,6,2019-03-01 15:22:01.250
53,1551453721.5,5.2496337890625,1.1826627932499036,26117,105.8756712328767,0,6,2019-03-01 15:22:01.500
54,1551453721.75,5.22064208984375,1.1819042067156715,26118,105.8756712328767,0,4,2019-03-01 15:22:01.750
55,1551453722.0,5.19073486328125,1.181145652575026,26119,105.8756712328767,0,5,2019-03-01 15:22:02.000
56,1551453722.25,5.16204833984375,1.1796286414643191,26121,105.8756712328767,0,10,2019-03-01 15:22:02.250
57,1551453722.5,5.13427734375,1.1781117598969217,26123,105.8756712328767,0,12,2019-03-01 15:22:02.500
58,1551453722.75,5.10528564453125,1.1773533676853276,26124,105.8756712328767,0,11,2019-03-01 15:22:02.750
59,1551453723.0,5.07568359375,1.1758366803932176,26126,105.8756712328767,0,8,2019-03-01 15:22:03.000
60,1551453723.25,5.04638671875,1.17432012259178,26128,105.8756712328767,0,4,2019-03-01 15:22:03.250
61,1551453723.5,5.0152587890625,1.1735618922434128,26129,105.8756712328767,0,1,2019-03-01 15:22:03.500
62,1551453723.75,4.98504638671875,1.1728036942598692,26130,105.8756712328767,0,2,2019-03-01 15:22:03.750
63,1551453724.0,4.954833984375,1.1720455286384208,26131,105.8756712328767,0,4,2019-03-01 15:22:04.000
64,1551453724.25,4.92462158203125,1.1720455286384208,26131,105.8756712328767,0,9,2019-03-01 15:22:04.250
65,1551453724.5,4.89532470703125,1.1712873953765097,26132,105.8756712328767,0,12,2019-03-01 15:22:04.500
66,1551453724.75,4.86663818359375,1.1712873953765097,26132,105.8756712328767,0,13,2019-03-01 15:22:04.750
67,1551453725.0,4.83734130859375,1.1705292944714643,26133,105.8756712328767,0,10,2019-03-01 15:22:05.000
68,1551453725.25,4.80712890625,1.1697712259206128,26134,105.8756712328767,0,6,2019-03-01 15:22:05.250
69,1551453725.5,4.776611328125,1.1682551858712031,26136,105.8756712328767,0,1,2019-03-01 15:22:05.500
70,1551453725.75,4.74761962890625,1.165981368388259,26139,105.8756712328767,0,4,2019-03-01 15:22:05.750
71,1551453726.0,4.71710205078125,1.1644656517631802,26141,105.8756712328767,0,5,2019-03-01 15:22:06.000
72,1551453726.25,4.68719482421875,1.1606769259858538,26146,105.8756712328767,0,6,2019-03-01 15:22:06.250
73,1551453726.5,4.65728759765625,1.1576465271417646,26150,105.8756712328767,0,7,2019-03-01 15:22:06.500
74,1551453726.75,4.627685546875,1.154616645251508,26154,105.8756712328767,0,8,2019-03-01 15:22:06.750
75,1551453727.0,4.598388671875,1.1515872801472824,26158,105.8756712328767,0,10,2019-03-01 15:22:07.000
76,1551453727.25,4.57000732421875,1.1493155953590417,26161,105.8756712328767,0,10,2019-03-01 15:22:07.250
77,1551453727.5,4.541015625,1.1462871342268386,26165,105.8756712328767,0,8,2019-03-01 15:22:07.500
78,1551453727.75,4.5123291015625,1.1440161272250862,26168,105.8756712328767,0,7,2019-03-01 15:22:07.750
79,1551453728.0,4.482421875,1.1417454105854858,26171,105.8756712328767,0,6,2019-03-01 15:22:08.000
80,1551453728.25,4.454345703125,1.1409885695516664,26172,105.8756712328767,0,8,2019-03-01 15:22:08.250
81,1551453728.5,4.42657470703125,1.1387182399516291,26175,105.8756712328767,0,10,2019-03-01 15:22:08.500
82,1551453728.75,4.39788818359375,1.136448200548898,26178,105.8756712328767,0,11,2019-03-01 15:22:08.750
83,1551453729.0,4.36920166015625,1.1334219326412835,26182,105.8756712328767,0,7,2019-03-01 15:22:09.000
84,1551453729.25,4.339599609375,1.1303961803473044,26186,105.8756712328767,0,1,2019-03-01 15:22:09.250
85,1551453729.5,4.31060791015625,1.1273709434997272,26190,105.8756712328767,0,3,2019-03-01 15:22:09.500
86,1551453729.75,4.28070068359375,1.1235901220322262,26195,105.8756712328767,0,3,2019-03-01 15:22:09.750
87,1551453730.0,4.25140380859375,1.1198101053624328,26200,105.8756712328767,0,5,2019-03-01 15:22:10.000
88,1551453730.25,4.22271728515625,1.1175424815278916,26203,105.8756712328767,0,10,2019-03-01 15:22:10.250
89,1551453730.5,4.19342041015625,1.1145194334644088,26207,105.8756712328767,0,13,2019-03-01 15:22:10.500
90,1551453730.75,4.1650390625,1.1107413469795233,26212,105.8756712328767,0,13,2019-03-01 15:22:10.750
91,1551453731.0,4.13726806640625,1.1077194564643378,26216,105.8756712328767,0,12,2019-03-01 15:22:11.000
92,1551453731.25,4.1082763671875,1.1046980801441464,26220,105.8756712328767,0,6,2019-03-01 15:22:11.250
93,1551453731.5,4.0802001953125,1.1024323852444695,26223,105.8756712328767,0,1,2019-03-01 15:22:11.500
94,1551453731.75,4.051513671875,1.1001669794157465,26226,105.8756712328767,0,5,2019-03-01 15:22:11.750
95,1551453732.0,4.0234375,1.0986568694235643,26228,105.8756712328767,0,8,2019-03-01 15:22:12.000
96,1551453732.25,3.99566650390625,1.0979018625877188,26229,105.8756712328767,0,11,2019-03-01 15:22:12.250
97,1551453732.5,3.96728515625,1.0963919452237292,26231,105.8756712328767,0,11,2019-03-01 15:22:12.500
98,1551453732.75,3.939208984375,1.0948821562524813,26233,105.8756712328767,0,10,2019-03-01 15:22:12.750
99,1551453733.0,3.91082763671875,1.0933724956532274,26235,105.8756712328767,0,8,2019-03-01 15:22:13.000
100,1551453733.25,3.88214111328125,1.0926177134866748,26236,105.8756712328767,0,7,2019-03-01 15:22:13.250
101,1551453733.5,3.853759765625,1.0918629634052763,26237,105.8756712328767,0,5,2019-03-01 15:22:13.500
102,1551453733.75,3.82415771484375,1.091108245406474,26238,105.8756712328767,0,4,2019-03-01 15:22:13.750
103,1551453734.0,3.79486083984375,1.089598905646426,26240,105.8756712328767,0,8,2019-03-01 15:22:14.000
104,1551453734.25,3.76556396484375,1.0888442838800074,26241,105.8756712328767,0,11,2019-03-01 15:22:14.250
105,1551453734.5,3.73748779296875,1.0888442838800074,26241,105.8756712328767,0,13,2019-03-01 15:22:14.500
106,1551453734.75,3.70941162109375,1.0880896941857259,26242,105.8756712328767,0,12,2019-03-01 15:22:14.750
107,1551453735.0,3.680419921875,1.0873351365611938,26243,105.8756712328767,0,10,2019-03-01 15:22:15.000
108,1551453735.25,3.6517333984375,1.0865806110036829,26244,105.8756712328767,0,7,2019-03-01 15:22:15.250
109,1551453735.5,3.6224365234375,1.0858261175105213,26245,105.8756712328767,0,4,2019-03-01 15:22:15.500
110,1551453735.75,3.59283447265625,1.0850716560793785,26246,105.8756712328767,0,1,2019-03-01 15:22:15.750
111,1551453736.0,3.5638427734375,1.0850716560793785,26246,105.8756712328767,0,5,2019-03-01 15:22:16.000
112,1551453736.25,3.53546142578125,1.0843172267074692,26247,105.8756712328767,0,11,2019-03-01 15:22:16.250
113,1551453736.5,3.50677490234375,1.0843172267074692,26247,105.8756712328767,0,12,2019-03-01 15:22:16.500
114,1551453736.75,3.47747802734375,1.0835628293921786,26248,105.8756712328767,0,7,2019-03-01 15:22:16.750
115,1551453737.0,3.44879150390625,1.0835628293921786,26248,105.8756712328767,0,2,2019-03-01 15:22:17.000
116,1551453737.25,3.4197998046875,1.0828084641310056,26249,105.8756712328767,0,3,2019-03-01 15:22:17.250
117,1551453737.5,3.39111328125,1.0820541309213354,26250,105.8756712328767,0,9,2019-03-01 15:22:17.500
118,1551453737.75,3.3624267578125,1.0820541309213354,26250,105.8756712328767,0,12,2019-03-01 15:22:17.750
119,1551453738.0,3.3331298828125,1.08129982976061,26251,105.8756712328767,0,12,2019-03-01 15:22:18.000
120,1551453738.25,3.30322265625,1.080545560646101,26252,105.8756712328767,0,8,2019-03-01 15:22:18.250
121,1551453738.5,3.2733154296875,1.079791323575364,26253,105.8756712328767,0,4,2019-03-01 15:22:18.500
122,1551453738.75,3.243408203125,1.079791323575364,26253,105.8756712328767,0,4,2019-03-01 15:22:18.750
123,1551453739.0,3.214111328125,1.0790371185457843,26254,105.8756712328767,0,2,2019-03-01 15:22:19.000
124,1551453739.25,3.18603515625,1.0782829455546903,26255,105.8756712328767,0,9,2019-03-01 15:22:19.250
125,1551453739.5,3.157958984375,1.0782829455546903,26255,105.8756712328767,0,12,2019-03-01 15:22:19.500
126,1551453739.75,3.1304931640625,1.0775288045996376,26256,105.8756712328767,0,10,2019-03-01 15:22:19.750
127,1551453740.0,3.10272216796875,1.0775288045996376,26256,105.8756712328767,0,9,2019-03-01 15:22:20.000
128,1551453740.25,3.07525634765625,1.0775288045996376,26256,105.8756712328767,0,7,2019-03-01 15:22:20.250
129,1551453740.5,3.045654296875,1.076774695677841,26257,105.8756712328767,0,4,2019-03-01 15:22:20.500
130,1551453740.75,3.01727294921875,1.076774695677841,26257,105.8756712328767,0,2,2019-03-01 15:22:20.750
131,1551453741.0,2.9888916015625,1.076774695677841,26257,105.8756712328767,0,6,2019-03-01 15:22:21.000
132,1551453741.25,2.96051025390625,1.076774695677841,26257,105.8756712328767,0,9,2019-03-01 15:22:21.250
133,1551453741.5,2.9315185546875,1.0760206187868562,26258,105.8756712328767,0,9,2019-03-01 15:22:21.500
134,1551453741.75,2.90252685546875,1.0760206187868562,26258,105.8756712328767,0,10,2019-03-01 15:22:21.750
135,1551453742.0,2.87384033203125,1.0760206187868562,26258,105.8756712328767,0,9,2019-03-01 15:22:22.000
136,1551453742.25,2.8448486328125,1.0752665739241252,26259,105.8756712328767,0,6,2019-03-01 15:22:22.250
137,1551453742.5,2.8167724609375,1.0752665739241252,26259,105.8756712328767,0,3,2019-03-01 15:22:22.500
138,1551453742.75,2.7886962890625,1.0752665739241252,26259,105.8756712328767,0,3,2019-03-01 15:22:22.750
139,1551453743.0,2.760009765625,1.0752665739241252,26259,105.8756712328767,0,4,2019-03-01 15:22:23.000
140,1551453743.25,2.730712890625,1.0745125610868627,26260,105.8756712328767,0,6,2019-03-01 15:22:23.250
141,1551453743.5,2.70233154296875,1.0745125610868627,26260,105.8756712328767,0,8,2019-03-01 15:22:23.500
142,1551453743.75,2.67333984375,1.0745125610868627,26260,105.8756712328767,0,10,2019-03-01 15:22:23.750
143,1551453744.0,2.64495849609375,1.0745125610868627,26260,105.8756712328767,0,9,2019-03-01 15:22:24.000
144,1551453744.25,2.61566162109375,1.0745125610868627,26260,105.8756712328767,0,6,2019-03-01 15:22:24.250
145,1551453744.5,2.58575439453125,1.0737585802726812,26261,105.8756712328767,0,5,2019-03-01 15:22:24.500
146,1551453744.75,2.5579833984375,1.0737585802726812,26261,105.8756712328767,0,4,2019-03-01 15:22:24.750
147,1551453745.0,2.529296875,1.0737585802726812,26261,105.8756712328767,0,10,2019-03-01 15:22:25.000
148,1551453745.25,2.5006103515625,1.0737585802726812,26261,105.8756712328767,0,14,2019-03-01 15:22:25.250
149,1551453745.5,2.4713134765625,1.0737585802726812,26261,105.8756712328767,0,11,2019-03-01 15:22:25.500
150,1551453745.75,2.4407958984375,1.0745125610868627,26260,105.8756712328767,0,0,2019-03-01 15:22:25.750
151,1551453746.0,2.4114990234375,1.0745125610868627,26260,105.8756712328767,0,8,2019-03-01 15:22:26.000
152,1551453746.25,2.3828125,1.0737585802726812,26261,105.8756712328767,0,6,2019-03-01 15:22:26.250
153,1551453746.5,2.353515625,1.0737585802726812,26261,105.8756712328767,0,7,2019-03-01 15:22:26.500
154,1551453746.75,2.32452392578125,1.0737585802726812,26261,105.8756712328767,0,13,2019-03-01 15:22:26.750
155,1551453747.0,2.29583740234375,1.0737585802726812,26261,105.8756712328767,0,15,2019-03-01 15:22:27.000
156,1551453747.25,2.26715087890625,1.0737585802726812,26261,105.8756712328767,0,14,2019-03-01 15:22:27.250
157,1551453747.5,2.23876953125,1.0737585802726812,26261,105.8756712328767,0,11,2019-03-01 15:22:27.500
158,1551453747.75,2.20977783203125,1.0737585802726812,26261,105.8756712328767,0,6,2019-03-01 15:22:27.750
159,1551453748.0,2.18048095703125,1.0737585802726812,26261,105.8756712328767,0,2,2019-03-01 15:22:28.000
160,1551453748.25,2.15087890625,1.0737585802726812,26261,105.8756712328767,0,1,2019-03-01 15:22:28.250
161,1551453748.5,2.1221923828125,1.0730046314788524,26262,105.8756712328767,0,6,2019-03-01 15:22:28.500
162,1551453748.75,2.093505859375,1.0730046314788524,26262,105.8756712328767,0,9,2019-03-01 15:22:28.750
163,1551453749.0,2.06451416015625,1.0730046314788524,26262,105.8756712328767,0,13,2019-03-01 15:22:29.000
164,1551453749.25,2.0367431640625,1.0730046314788524,26262,105.8756712328767,0,13,2019-03-01 15:22:29.250
165,1551453749.5,2.00836181640625,1.0730046314788524,26262,105.8756712328767,0,9,2019-03-01 15:22:29.500
166,1551453749.75,1.9793701171875,1.0730046314788524,26262,105.8756712328767,0,4,2019-03-01 15:22:29.750
167,1551453750.0,1.95068359375,1.0730046314788524,26262,105.8756712328767,0,3,2019-03-01 15:22:30.000
168,1551453750.25,1.92138671875,1.0730046314788524,26262,105.8756712328767,0,2,2019-03-01 15:22:30.250
169,1551453750.5,1.89239501953125,1.0730046314788524,26262,105.8756712328767,0,7,2019-03-01 15:22:30.500
170,1551453750.75,1.865234375,1.0730046314788524,26262,105.8756712328767,0,12,2019-03-01 15:22:30.750
171,1551453751.0,1.83837890625,1.0730046314788524,26262,105.8756712328767,0,15,2019-03-01 15:22:31.000
172,1551453751.25,1.80938720703125,1.0730046314788524,26262,105.89504109589042,0,12,2019-03-01 15:22:31.250
173,1551453751.5,1.781005859375,1.0730046314788524,26262,105.8756712328767,0,7,2019-03-01 15:22:31.500
174,1551453751.75,1.7529296875,1.0722507147029319,26263,105.8756712328767,0,3,2019-03-01 15:22:31.750
175,1551453752.0,1.7230224609375,1.0730046314788524,26262,105.89504109589042,0,4,2019-03-01 15:22:32.000
176,1551453752.25,1.6949462890625,1.0722507147029319,26263,105.89504109589042,0,7,2019-03-01 15:22:32.250
177,1551453752.5,1.66656494140625,1.0722507147029319,26263,105.89504109589042,0,10,2019-03-01 15:22:32.500
178,1551453752.75,1.6387939453125,1.0730046314788524,26262,105.89504109589042,0,12,2019-03-01 15:22:32.750
179,1551453753.0,1.611328125,1.0730046314788524,26262,105.89504109589042,0,12,2019-03-01 15:22:33.000
180,1551453753.25,1.5826416015625,1.0730046314788524,26262,105.89504109589042,0,8,2019-03-01 15:22:33.250
181,1551453753.5,1.55426025390625,1.0730046314788524,26262,105.89504109589042,0,3,2019-03-01 15:22:33.500
182,1551453753.75,1.524658203125,1.0730046314788524,26262,105.89504109589042,0,2,2019-03-01 15:22:33.750
183,1551453754.0,1.49627685546875,1.0730046314788524,26262,105.89504109589042,0,4,2019-03-01 15:22:34.000
184,1551453754.25,1.46759033203125,1.0730046314788524,26262,105.89504109589042,0,9,2019-03-01 15:22:34.250
185,1551453754.5,1.439208984375,1.0730046314788524,26262,105.89504109589042,0,12,2019-03-01 15:22:34.500
186,1551453754.75,1.409912109375,1.0730046314788524,26262,105.91441095890411,0,11,2019-03-01 15:22:34.750
187,1551453755.0,1.380615234375,1.0730046314788524,26262,105.91441095890411,0,5,2019-03-01 15:22:35.000
188,1551453755.25,1.3507080078125,1.0730046314788524,26262,105.91441095890411,0,1,2019-03-01 15:22:35.250
189,1551453755.5,1.3214111328125,1.0730046314788524,26262,105.93378082191781,0,3,2019-03-01 15:22:35.500
190,1551453755.75,1.292724609375,1.0737585802726812,26261,105.93378082191781,0,6,2019-03-01 15:22:35.750
191,1551453756.0,1.263427734375,1.0737585802726812,26261,105.93378082191781,0,10,2019-03-01 15:22:36.000
192,1551453756.25,1.234130859375,1.0737585802726812,26261,105.9531506849315,0,13,2019-03-01 15:22:36.250
193,1551453756.5,1.204833984375,1.0745125610868627,26260,105.9725205479452,0,11,2019-03-01 15:22:36.500
194,1551453756.75,1.17584228515625,1.0745125610868627,26260,105.9725205479452,0,7,2019-03-01 15:22:36.750
195,1551453757.0,1.146240234375,1.0745125610868627,26260,105.9918904109589,0,3,2019-03-01 15:22:37.000
196,1551453757.25,1.1163330078125,1.0752665739241252,26259,106.0306301369863,0,5,2019-03-01 15:22:37.250
197,1551453757.5,1.08734130859375,1.0752665739241252,26259,106.05,0,6,2019-03-01 15:22:37.500
198,1551453757.75,1.0577392578125,1.0752665739241252,26259,106.06936986301369,0,8,2019-03-01 15:22:37.750
199,1551453758.0,1.0284423828125,1.0752665739241252,26259,106.0887397260274,0,7,2019-03-01 15:22:38.000
200,1551453758.25,0.99822998046875,1.0752665739241252,26259,106.1274794520548,0,5,2019-03-01 15:22:38.250
201,1551453758.5,0.96832275390625,1.0752665739241252,26259,106.16621917808219,0,2,2019-03-01 15:22:38.500
202,1551453758.75,0.938720703125,1.0752665739241252,26259,106.26306849315068,0,4,2019-03-01 15:22:38.750
203,1551453759.0,0.90972900390625,1.0760206187868562,26258,106.32117808219178,0,8,2019-03-01 15:22:39.000
204,1551453759.25,0.880126953125,1.0760206187868562,26258,106.41802739726027,0,11,2019-03-01 15:22:39.250
205,1551453759.5,0.850830078125,1.0760206187868562,26258,106.53424657534246,0,10,2019-03-01 15:22:39.500
206,1551453759.75,0.82122802734375,1.0760206187868562,26258,106.66983561643835,0,9,2019-03-01 15:22:39.750
207,1551453760.0,0.791015625,1.076774695677841,26257,106.82479452054795,0,8,2019-03-01 15:22:40.000
208,1551453760.25,0.76141357421875,1.076774695677841,26257,107.13471232876712,0,4,2019-03-01 15:22:40.250
209,1551453760.5,0.73089599609375,1.076774695677841,26257,107.38652054794521,0,3,2019-03-01 15:22:40.500
210,1551453760.75,0.70068359375,1.0775288045996376,26256,107.65769863013699,0,4,2019-03-01 15:22:40.750
211,1551453761.0,0.6707763671875,1.0775288045996376,26256,107.96761643835617,0,5,2019-03-01 15:22:41.000
212,1551453761.25,0.64056396484375,1.0775288045996376,26256,108.27753424657534,0,8,2019-03-01 15:22:41.250
213,1551453761.5,0.6109619140625,1.0775288045996376,26256,108.62619178082191,0,8,2019-03-01 15:22:41.500
214,1551453761.75,0.58197021484375,1.0782829455546903,26255,108.97484931506848,0,8,2019-03-01 15:22:41.750
215,1551453762.0,0.5535888671875,1.0782829455546903,26255,109.57531506849315,0,10,2019-03-01 15:22:42.000
216,1551453762.25,0.52520751953125,1.0782829455546903,26255,110.04019178082193,0,10,2019-03-01 15:22:42.250
217,1551453762.5,0.49713134765625,1.079791323575364,26253,110.64065753424657,0,8,2019-03-01 15:22:42.500
218,1551453762.75,0.4693603515625,1.08129982976061,26251,111.35734246575342,0,7,2019-03-01 15:22:42.750
219,1551453763.0,0.4425048828125,1.0828084641310056,26249,112.22898630136987,0,6,2019-03-01 15:22:43.000
220,1551453763.25,0.4150390625,1.0850716560793785,26246,113.33306849315068,0,7,2019-03-01 15:22:43.250
221,1551453763.5,0.38665771484375,1.0865806110036829,26244,115.54123287671233,0,8,2019-03-01 15:22:43.500
222,1551453763.75,0.35736083984375,1.0888442838800074,26241,117.4007397260274,0,7,2019-03-01 15:22:43.750
223,1551453764.0,0.32867431640625,1.091108245406474,26238,119.60890410958903,0,7,2019-03-01 15:22:44.000
224,1551453764.25,0.299072265625,1.0933724956532274,26235,122.30131506849315,0,8,2019-03-01 15:22:44.250
225,1551453764.5,0.2691650390625,1.0956370346902986,26232,125.43923287671232,0,6,2019-03-01 15:22:44.500
226,1551453764.75,0.24017333984375,1.0979018625877188,26229,128.88706849315068,0,6,2019-03-01 15:22:44.750
227,1551453765.0,0.21087646484375,1.1001669794157465,26226,134.87235616438355,0,4,2019-03-01 15:22:45.000
228,1551453765.25,0.1806640625,1.1024323852444695,26223,140.0247397260274,0,3,2019-03-01 15:22:45.250
229,1551453765.5,0.150146484375,1.1031875847552897,26222,147.0366301369863,0,6,2019-03-01 15:22:45.500
230,1551453765.75,0.12115478515625,1.1046980801441464,26220,155.05575342465752,0,10,2019-03-01 15:22:45.750
231,1551453766.0,0.09185791015625,1.1062087040402844,26218,164.2758082191781,0,14,2019-03-01 15:22:46.000
232,1551453766.25,0.062255859375,1.1069640641849787,26217,170.57101369863014,0,13,2019-03-01 15:22:46.250
233,1551453766.5,0.03387451171875,1.1084748808808058,26215,182.4253698630137,0,16,2019-03-01 15:22:46.500
234,1551453766.75,0.01922607421875,1.1099858261358122,26213,215.79964383561642,0,3,2019-03-01 15:22:46.750
235,1551453767.0,0.01739501953125,1.1107413469795233,26212,214.09509589041096,0,11,2019-03-01 15:22:47.000
236,1551453767.25,0.01861572265625,1.1122524851124354,26210,213.3009315068493,0,8,2019-03-01 15:22:47.250
237,1551453767.5,0.02899169921875,1.1137637518565384,26208,202.1632602739726,0,17,2019-03-01 15:22:47.500
238,1551453767.75,0.028076171875,1.1145194334644088,26207,177.54416438356162,0,11,2019-03-01 15:22:47.750
239,1551453768.0,0.02227783203125,1.115275147232751,26206,190.69630136986302,0,12,2019-03-01 15:22:48.000
240,1551453768.25,0.01861572265625,1.11603089316435,26205,214.94736986301368,0,16,2019-03-01 15:22:48.250
241,1551453768.5,0.018310546875,1.1167866712618775,26204,218.62764383561642,0,6,2019-03-01 15:22:48.500
242,1551453768.75,0.0189208984375,1.1175424815278916,26203,220.7195890410959,0,11,2019-03-01 15:22:48.750
243,1551453769.0,0.0189208984375,1.1182983239648934,26202,219.44117808219178,0,3,2019-03-01 15:22:49.000
244,1551453769.25,0.01861572265625,1.1190541985754976,26201,213.04912328767122,0,2,2019-03-01 15:22:49.250
245,1551453769.5,0.01861572265625,1.1190541985754976,26201,212.1774794520548,0,14,2019-03-01 15:22:49.500
246,1551453769.75,0.01861572265625,1.1198101053624328,26200,209.83372602739726,0,18,2019-03-01 15:22:49.750
247,1551453770.0,0.01861572265625,1.1198101053624328,26200,213.94013698630138,0,6,2019-03-01 15:22:50.000
248,1551453770.25,0.0189208984375,1.1198101053624328,26200,217.54293150684933,0,5,2019-03-01 15:22:50.250
249,1551453770.5,0.018310546875,1.1198101053624328,26200,217.11679452054796,0,8,2019-03-01 15:22:50.500
250,1551453770.75,0.018310546875,1.1198101053624328,26200,217.4267123287671,0,9,2019-03-01 15:22:50.750
251,1551453771.0,0.01861572265625,1.1198101053624328,26200,217.9884383561644,0,11,2019-03-01 15:22:51.000
252,1551453771.25,0.01861572265625,1.1198101053624328,26200,215.4703561643836,0,9,2019-03-01 15:22:51.250
253,1551453771.5,0.01861572265625,1.1198101053624328,26200,212.44865753424656,0,10,2019-03-01 15:22:51.500
254,1551453771.75,0.018310546875,1.1198101053624328,26200,213.18471232876715,0,9,2019-03-01 15:22:51.750
255,1551453772.0,0.018310546875,1.1190541985754976,26201,213.5527397260274,0,2,2019-03-01 15:22:52.000
256,1551453772.25,0.018310546875,1.1182983239648934,26202,214.15320547945205,0,5,2019-03-01 15:22:52.250
257,1551453772.5,0.01861572265625,1.11603089316435,26205,214.25005479452054,0,10,2019-03-01 15:22:52.500
258,1551453772.75,0.01861572265625,1.1137637518565384,26208,215.62531506849314,0,14,2019-03-01 15:22:52.750
259,1551453773.0,0.01800537109375,1.1114968999709163,26211,215.43161643835617,0,8,2019-03-01 15:22:53.000
260,1551453773.25,0.01861572265625,1.1084748808808058,26215,213.61084931506852,0,10,2019-03-01 15:22:53.250
261,1551453773.5,0.018310546875,1.1054533760275262,26219,213.8820273972603,0,11,2019-03-01 15:22:53.500
262,1551453773.75,0.0177001953125,1.1016772178527958,26224,216.36136986301372,0,7,2019-03-01 15:22:53.750
263,1551453774.0,0.0177001953125,1.1001669794157465,26226,218.49205479452056,0,15,2019-03-01 15:22:54.000
264,1551453774.25,0.0177001953125,1.097146887855331,26230,217.89158904109587,0,4,2019-03-01 15:22:54.250
265,1551453774.5,0.018310546875,1.0933724956532274,26235,215.0635890410959,0,12,2019-03-01 15:22:54.500
266,1551453774.75,0.018310546875,1.0888442838800074,26241,214.25005479452054,0,9,2019-03-01 15:22:54.750
267,1551453775.0,0.0177001953125,1.0843172267074692,26247,216.2451506849315,0,16,2019-03-01 15:22:55.000
268,1551453775.25,0.0177001953125,1.080545560646101,26252,216.1095616438356,0,22,2019-03-01 15:22:55.250
269,1551453775.5,0.0177001953125,1.0775288045996376,26256,216.07082191780822,0,11,2019-03-01 15:22:55.500
270,1551453775.75,0.018310546875,1.0737585802726812,26261,214.03698630136984,0,12,2019-03-01 15:22:55.750
271,1551453776.0,0.01861572265625,1.0722507147029319,26263,209.89183561643836,0,22,2019-03-01 15:22:56.000
272,1551453776.25,0.018310546875,1.068481610999811,26268,214.48249315068492,0,10,2019-03-01 15:22:56.250
273,1551453776.5,0.018310546875,1.064713307354566,26273,219.4605479452055,0,11,2019-03-01 15:22:56.500
274,1551453776.75,0.018310546875,1.0624527090605511,26276,221.24257534246576,0,24,2019-03-01 15:22:56.750
275,1551453777.0,0.01861572265625,1.0609458034436443,26278,221.66871232876713,0,17,2019-03-01 15:22:57.000
276,1551453777.25,0.01861572265625,1.0594390257325585,26280,219.61550684931507,0,7,2019-03-01 15:22:57.250
277,1551453777.5,0.01861572265625,1.0586856848352681,26281,216.1095616438356,0,9,2019-03-01 15:22:57.500
278,1551453777.75,0.0177001953125,1.057179098944232,26283,214.75367123287674,0,7,2019-03-01 15:22:57.750
279,1551453778.0,0.0177001953125,1.057179098944232,26283,213.61084931506852,0,9,2019-03-01 15:22:58.000
280,1551453778.25,0.01800537109375,1.057179098944232,26283,210.24049315068493,0,7,2019-03-01 15:22:58.250
281,1551453778.5,0.018310546875,1.057179098944232,26283,205.80479452054797,0,21,2019-03-01 15:22:58.500
282,1551453778.75,0.01800537109375,1.0564258539453704,26284,203.67410958904108,0,25,2019-03-01 15:22:58.750
283,1551453779.0,0.0177001953125,1.0549194598279428,26286,208.88460273972603,0,18,2019-03-01 15:22:59.000
284,1551453779.25,0.01739501953125,1.0541663107041472,26287,216.34199999999998,0,18,2019-03-01 15:22:59.250
285,1551453779.5,0.01739501953125,1.0526601083137734,26289,219.28621917808218,0,37,2019-03-01 15:22:59.500
286,1551453779.75,0.0177001953125,1.0504010443322613,26292,219.44117808219178,0,32,2019-03-01 15:22:59.750
287,1551453780.0,0.01800537109375,1.0481422678136596,26295,221.22320547945208,0,16,2019-03-01 15:23:00.000
288,1551453780.25,0.01861572265625,1.0451310128332238,26299,218.8407123287671,0,7,2019-03-01 15:23:00.250
289,1551453780.5,0.018310546875,1.0428729067908193,26302,214.42438356164382,0,16,2019-03-01 15:23:00.500
290,1551453780.75,0.01800537109375,1.0413676623397237,26304,212.71983561643836,0,12,2019-03-01 15:23:00.750
291,1551453781.0,0.018310546875,1.039862545526148,26306,213.6689589041096,0,8,2019-03-01 15:23:01.000
292,1551453781.25,0.018310546875,1.0391100349771136,26307,214.8892602739726,0,4,2019-03-01 15:23:01.250
293,1551453781.5,0.01861572265625,1.0383575563296858,26308,215.99334246575341,0,5,2019-03-01 15:23:01.500
294,1551453781.75,0.01861572265625,1.0383575563296858,26308,216.14830136986302,0,9,2019-03-01 15:23:01.750
295,1551453782.0,0.01861572265625,1.0376051095814205,26309,216.55506849315069,0,4,2019-03-01 15:23:02.000
296,1551453782.25,0.01861572265625,1.036852694729646,26310,216.32263013698628,0,9,2019-03-01 15:23:02.250
297,1551453782.5,0.01861572265625,1.0353479607053941,26312,214.25005479452054,0,6,2019-03-01 15:23:02.500
298,1551453782.75,0.018310546875,1.034595641527801,26313,213.94013698630138,0,7,2019-03-01 15:23:02.750
299,1551453783.0,0.01800537109375,1.03384335423641,26314,215.41224657534246,0,8,2019-03-01 15:23:03.000
300,1551453783.25,0.018310546875,1.03384335423641,26314,216.47758904109588,0,13,2019-03-01 15:23:03.250
301,1551453783.5,0.018310546875,1.03309109882872,26315,214.13383561643838,0,5,2019-03-01 15:23:03.500
302,1551453783.75,0.01800537109375,1.0323388753021732,26316,209.79498630136987,0,10,2019-03-01 15:23:03.750
303,1551453784.0,0.0177001953125,1.0315866836540977,26317,208.3228767123288,0,13,2019-03-01 15:23:04.000
304,1551453784.25,0.01739501953125,1.0308345238820493,26318,212.1193698630137,0,3,2019-03-01 15:23:04.250
305,1551453784.5,0.0177001953125,1.0300823959832996,26319,214.38564383561643,0,7,2019-03-01 15:23:04.500
306,1551453784.75,0.01739501953125,1.0293302999554044,26320,215.99334246575341,0,13,2019-03-01 15:23:04.750
307,1551453785.0,0.01739501953125,1.0270742030709243,26323,219.0344109589041,0,10,2019-03-01 15:23:05.000
308,1551453785.25,0.01739501953125,1.0255702977882493,26325,221.9592602739726,0,25,2019-03-01 15:23:05.250
309,1551453785.5,0.01739501953125,1.0248183929312518,26326,222.94712328767122,0,23,2019-03-01 15:23:05.500
310,1551453785.75,0.018310546875,1.023314678773204,26328,221.84304109589038,0,11,2019-03-01 15:23:05.750
311,1551453786.0,0.01861572265625,1.0225628694670377,26329,218.1821369863014,0,15,2019-03-01 15:23:06.000
312,1551453786.25,0.018310546875,1.0225628694670377,26329,215.79964383561642,0,12,2019-03-01 15:23:06.250
313,1551453786.5,0.0177001953125,1.0218110920059758,26330,217.09742465753425,0,13,2019-03-01 15:23:06.500
314,1551453786.75,0.018310546875,1.0218110920059758,26330,217.7753698630137,0,14,2019-03-01 15:23:06.750
315,1551453787.0,0.01861572265625,1.0218110920059758,26330,214.8505205479452,0,23,2019-03-01 15:23:07.000
316,1551453787.25,0.01922607421875,1.0218110920059758,26330,211.15087671232877,0,14,2019-03-01 15:23:07.250
317,1551453787.5,0.0189208984375,1.0218110920059758,26330,200.18753424657535,0,9,2019-03-01 15:23:07.500
318,1551453787.75,0.0177001953125,1.0270742030709243,26323,206.07597260273974,0,14,2019-03-01 15:23:07.750
319,1551453788.0,0.018310546875,1.036852694729646,26310,209.03956164383564,0,21,2019-03-01 15:23:08.000
320,1551453788.25,0.01861572265625,1.046636576468586,26297,212.91353424657535,0,5,2019-03-01 15:23:08.250
321,1551453788.5,0.018310546875,1.0511540337156475,26291,211.26709589041096,0,16,2019-03-01 15:23:08.500
322,1551453788.75,0.018310546875,1.0601923986012025,26279,217.07805479452057,0,14,2019-03-01 15:23:08.750
323,1551453789.0,0.01861572265625,1.068481610999811,26268,215.85775342465752,0,3,2019-03-01 15:23:09.000
324,1551453789.25,0.01861572265625,1.0760206187868562,26258,212.3711780821918,0,20,2019-03-01 15:23:09.250
325,1551453789.5,0.01983642578125,1.0820541309213354,26250,190.9481095890411,0,10,2019-03-01 15:23:09.500
326,1551453789.75,0.018310546875,1.0858261175105213,26245,216.2451506849315,0,23,2019-03-01 15:23:09.750
327,1551453790.0,0.0177001953125,1.089598905646426,26240,220.21597260273973,0,25,2019-03-01 15:23:10.000
328,1551453790.25,0.01861572265625,1.0933724956532274,26235,218.8600821917808,0,14,2019-03-01 15:23:10.250
329,1551453790.5,0.0189208984375,1.0948821562524813,26233,210.49230136986301,0,1,2019-03-01 15:23:10.500
330,1551453790.75,0.018310546875,1.097146887855331,26230,208.36161643835618,0,15,2019-03-01 15:23:10.750
331,1551453791.0,0.0177001953125,1.0986568694235643,26228,209.5625479452055,0,13,2019-03-01 15:23:11.000
332,1551453791.25,0.0177001953125,1.1009220825773696,26225,212.42928767123286,0,1,2019-03-01 15:23:11.250
333,1551453791.5,0.0177001953125,1.1039428163877005,26221,213.06849315068493,0,11,2019-03-01 15:23:11.500
334,1551453791.75,0.0177001953125,1.1069640641849787,26217,212.04189041095893,0,12,2019-03-01 15:23:11.750
335,1551453792.0,0.01861572265625,1.1084748808808058,26215,193.65989041095892,0,10,2019-03-01 15:23:12.000
336,1551453792.25,0.01739501953125,1.1092303374371681,26214,213.32030136986302,0,15,2019-03-01 15:23:12.250
337,1551453792.5,0.0177001953125,1.1099858261358122,26213,211.05402739726026,0,18,2019-03-01 15:23:12.500
338,1551453792.75,0.0177001953125,1.1114968999709163,26211,209.7562465753425,0,16,2019-03-01 15:23:12.750
339,1551453793.0,0.01800537109375,1.1137637518565384,26208,211.44142465753424,0,3,2019-03-01 15:23:13.000
340,1551453793.25,0.0177001953125,1.115275147232751,26206,213.5527397260274,0,1,2019-03-01 15:23:13.250
341,1551453793.5,0.01739501953125,1.115275147232751,26206,213.80454794520546,0,5,2019-03-01 15:23:13.500
342,1551453793.75,0.01800537109375,1.1137637518565384,26208,214.77304109589042,0,14,2019-03-01 15:23:13.750
343,1551453794.0,0.018310546875,1.1107413469795233,26212,216.92309589041096,0,7,2019-03-01 15:23:14.000
344,1551453794.25,0.01861572265625,1.1077194564643378,26216,219.94479452054793,0,13,2019-03-01 15:23:14.250
345,1551453794.5,0.01800537109375,1.1039428163877005,26221,220.7195890410959,0,28,2019-03-01 15:23:14.500
346,1551453794.75,0.018310546875,1.1016772178527958,26224,221.10698630136986,0,27,2019-03-01 15:23:14.750
347,1551453795.0,0.01861572265625,1.0986568694235643,26228,219.82857534246577,0,3,2019-03-01 15:23:15.000
348,1551453795.25,0.01861572265625,1.0963919452237292,26231,210.60852054794518,0,18,2019-03-01 15:23:15.250
349,1551453795.5,0.01800537109375,1.0933724956532274,26235,210.82158904109588,0,13,2019-03-01 15:23:15.500
350,1551453795.75,0.01800537109375,1.0918629634052763,26237,215.97397260273974,0,9,2019-03-01 15:23:15.750
351,1551453796.0,0.018310546875,1.091108245406474,26238,219.78983561643838,0,20,2019-03-01 15:23:16.000
352,1551453796.25,0.01861572265625,1.0926177134866748,26236,219.92542465753425,0,17,2019-03-01 15:23:16.250
353,1551453796.5,0.01861572265625,1.0933724956532274,26235,214.63745205479452,0,9,2019-03-01 15:23:16.500
354,1551453796.75,0.018310546875,1.0933724956532274,26235,208.26476712328767,0,12,2019-03-01 15:23:16.750
355,1551453797.0,0.01800537109375,1.0933724956532274,26235,206.90887671232875,0,5,2019-03-01 15:23:17.000
356,1551453797.25,0.01800537109375,1.0933724956532274,26235,207.7998904109589,0,12,2019-03-01 15:23:17.250
357,1551453797.5,0.01800537109375,1.0933724956532274,26235,208.69090410958904,0,17,2019-03-01 15:23:17.500
358,1551453797.75,0.01800537109375,1.0918629634052763,26237,212.13873972602738,0,4,2019-03-01 15:23:17.750
359,1551453798.0,0.0177001953125,1.089598905646426,26240,217.21364383561644,0,17,2019-03-01 15:23:18.000
360,1551453798.25,0.01800537109375,1.0880896941857259,26242,219.4605479452055,0,23,2019-03-01 15:23:18.250
361,1551453798.5,0.0177001953125,1.0873351365611938,26243,216.57443835616436,0,2,2019-03-01 15:23:18.500
362,1551453798.75,0.01800537109375,1.0865806110036829,26244,213.10723287671232,0,14,2019-03-01 15:23:18.750
363,1551453799.0,0.018310546875,1.0843172267074692,26247,204.60386301369863,0,9,2019-03-01 15:23:19.000
