datetime,depthavetemp
2019-04-24 23:00:00+00:00,3.8998513513513524
2019-04-25 00:00:00+00:00,3.805213829771089
2019-04-25 01:00:00+00:00,3.7105763081908254
2019-04-25 02:00:00+00:00,3.712209710695873
2019-04-25 03:00:00+00:00,3.706567846299905
2019-04-25 04:00:00+00:00,3.700925981903937
2019-04-25 05:00:00+00:00,3.707355954737069
2019-04-25 06:00:00+00:00,3.713785927570201
2019-04-25 07:00:00+00:00,3.7168898951454437
2019-04-25 08:00:00+00:00,3.719993862720686
2019-04-25 09:00:00+00:00,3.725217045344208
2019-04-25 10:00:00+00:00,3.73044022796773
2019-04-25 11:00:00+00:00,3.7268261622480936
2019-04-25 12:00:00+00:00,3.7232120965284574
2019-04-25 13:00:00+00:00,3.7215649204642274
2019-04-25 14:00:00+00:00,3.719917744399997
2019-04-25 15:00:00+00:00,3.7081567901046717
2019-04-25 16:00:00+00:00,3.6963958358093465
2019-04-25 17:00:00+00:00,3.710112340784985
2019-04-25 18:00:00+00:00,3.723828845760624
2019-04-25 19:00:00+00:00,3.7300178111804065
2019-04-25 20:00:00+00:00,3.7362067766001896
2019-04-25 21:00:00+00:00,3.7423296336668033
2019-04-25 22:00:00+00:00,3.7484524907334174
2019-04-25 23:00:00+00:00,3.746860135660482
2019-04-26 00:00:00+00:00,3.7452677805875467
2019-04-26 01:00:00+00:00,3.7542415011767267
2019-04-26 02:00:00+00:00,3.7632152217659067
2019-04-26 03:00:00+00:00,3.7624711171749583
2019-04-26 04:00:00+00:00,3.76172701258401
2019-04-26 05:00:00+00:00,3.769866366048909
2019-04-26 06:00:00+00:00,3.778005719513808
2019-04-26 07:00:00+00:00,3.780305686103473
2019-04-26 08:00:00+00:00,3.782605652693138
2019-04-26 09:00:00+00:00,3.777007299081417
2019-04-26 10:00:00+00:00,3.7714089454696964
2019-04-26 11:00:00+00:00,3.768883970846137
2019-04-26 12:00:00+00:00,3.7663589962225776
2019-04-26 13:00:00+00:00,3.7560709573869886
2019-04-26 14:00:00+00:00,3.745782918551399
2019-04-26 15:00:00+00:00,3.7455165940326802
2019-04-26 16:00:00+00:00,3.745250269513962
2019-04-26 17:00:00+00:00,3.741833035853799
2019-04-26 18:00:00+00:00,3.738415802193636
2019-04-26 19:00:00+00:00,3.7538268793670637
2019-04-26 20:00:00+00:00,3.769237956540492
2019-04-26 21:00:00+00:00,3.7822276532692367
2019-04-26 22:00:00+00:00,3.7952173499979818
2019-04-26 23:00:00+00:00,3.803432797438803
2019-04-27 00:00:00+00:00,3.811648244879624
2019-04-27 01:00:00+00:00,3.8162143957538737
2019-04-27 02:00:00+00:00,3.8207805466281233
2019-04-27 03:00:00+00:00,3.80631574474445
2019-04-27 04:00:00+00:00,3.7918509428607767
2019-04-27 05:00:00+00:00,3.8137316610157592
2019-04-27 06:00:00+00:00,3.8356123791707413
2019-04-27 07:00:00+00:00,3.8234728670261395
2019-04-27 08:00:00+00:00,3.8113333548815382
2019-04-27 09:00:00+00:00,3.809045412475655
2019-04-27 10:00:00+00:00,3.806757470069772
2019-04-27 11:00:00+00:00,3.8095036089538494
2019-04-27 12:00:00+00:00,3.8122497478379263
2019-04-27 13:00:00+00:00,3.804530620141451
2019-04-27 14:00:00+00:00,3.796811492444976
2019-04-27 15:00:00+00:00,3.7943970714643904
2019-04-27 16:00:00+00:00,3.791982650483805
2019-04-27 17:00:00+00:00,3.792379292701108
2019-04-27 18:00:00+00:00,3.792775934918412
2019-04-27 19:00:00+00:00,3.7951670472744916
2019-04-27 20:00:00+00:00,3.7975581596305714
2019-04-27 21:00:00+00:00,3.813649283431044
2019-04-27 22:00:00+00:00,3.829740407231516
2019-04-27 23:00:00+00:00,3.825196901273184
2019-04-28 00:00:00+00:00,3.820653395314852
2019-04-28 01:00:00+00:00,3.8299575707718567
2019-04-28 02:00:00+00:00,3.8392617462288614
2019-04-28 03:00:00+00:00,3.8377608308778433
2019-04-28 04:00:00+00:00,3.8362599155268255
2019-04-28 05:00:00+00:00,3.8486693248107438
2019-04-28 06:00:00+00:00,3.8610787340946624
2019-04-28 07:00:00+00:00,3.861072425777187
2019-04-28 08:00:00+00:00,3.861066117459712
2019-04-28 09:00:00+00:00,3.8648941148912943
2019-04-28 10:00:00+00:00,3.868722112322877
2019-04-28 11:00:00+00:00,3.858097615078618
2019-04-28 12:00:00+00:00,3.8474731178343586
2019-04-28 13:00:00+00:00,3.8559075141688712
2019-04-28 14:00:00+00:00,3.864341910503384
2019-04-28 15:00:00+00:00,3.8269469530466687
2019-04-28 16:00:00+00:00,3.789551995589953
2019-04-28 17:00:00+00:00,3.7993112837466327
2019-04-28 18:00:00+00:00,3.809070571903312
2019-04-28 19:00:00+00:00,3.81430377944231
2019-04-28 20:00:00+00:00,3.819536986981308
2019-04-28 21:00:00+00:00,3.8313196078177647
2019-04-28 22:00:00+00:00,3.8431022286542214
2019-04-28 23:00:00+00:00,3.899416299395673
2019-04-29 00:00:00+00:00,3.9557303701371254
2019-04-29 01:00:00+00:00,3.9256027544242276
2019-04-29 02:00:00+00:00,3.89547513871133
2019-04-29 03:00:00+00:00,3.8925656094723218
2019-04-29 04:00:00+00:00,3.889656080233313
2019-04-29 05:00:00+00:00,3.873979592604329
2019-04-29 06:00:00+00:00,3.858303104975345
2019-04-29 07:00:00+00:00,3.8717801083323895
2019-04-29 08:00:00+00:00,3.8852571116894343
2019-04-29 09:00:00+00:00,3.884941796574693
2019-04-29 10:00:00+00:00,3.8846264814599514
2019-04-29 11:00:00+00:00,3.8994518814240173
2019-04-29 12:00:00+00:00,3.9142772813880833
2019-04-29 13:00:00+00:00,3.910160162814308
2019-04-29 14:00:00+00:00,3.906043044240533
2019-04-29 15:00:00+00:00,3.9022399705247706
2019-04-29 16:00:00+00:00,3.898436896809008
2019-04-29 17:00:00+00:00,3.88400339185393
2019-04-29 18:00:00+00:00,3.869569886898852
2019-04-29 19:00:00+00:00,3.862580192569654
2019-04-29 20:00:00+00:00,3.855590498240456
2019-04-29 21:00:00+00:00,3.875286011972168
2019-04-29 22:00:00+00:00,3.894981525703881
2019-04-29 23:00:00+00:00,3.925856492511958
2019-04-30 00:00:00+00:00,3.956731459320035
2019-04-30 01:00:00+00:00,3.9669082761934824
2019-04-30 02:00:00+00:00,
2019-04-30 03:00:00+00:00,
2019-04-30 04:00:00+00:00,3.997438726813825
2019-04-30 05:00:00+00:00,3.972559299531139
2019-04-30 06:00:00+00:00,3.947679872248453
2019-04-30 07:00:00+00:00,4.257707993128743
2019-04-30 08:00:00+00:00,4.5677361140090325
2019-04-30 09:00:00+00:00,4.235289675580533
2019-04-30 10:00:00+00:00,3.9028432371520334
2019-04-30 11:00:00+00:00,3.9269679452821893
2019-04-30 12:00:00+00:00,3.951092653412345
2019-04-30 13:00:00+00:00,3.963259083275476
2019-04-30 14:00:00+00:00,3.9754255131386076
2019-04-30 15:00:00+00:00,3.9807710134268928
2019-04-30 16:00:00+00:00,
2019-04-30 17:00:00+00:00,
2019-04-30 18:00:00+00:00,3.996807514291748
2019-04-30 19:00:00+00:00,3.9786140364491978
2019-04-30 20:00:00+00:00,3.9812950226110213
2019-04-30 21:00:00+00:00,3.968429543198588
2019-04-30 22:00:00+00:00,3.955564063786154
2019-04-30 23:00:00+00:00,3.978771287607673
2019-05-01 00:00:00+00:00,4.001978511429192
2019-05-01 01:00:00+00:00,4.000545081611024
2019-05-01 02:00:00+00:00,3.9991116517928575
2019-05-01 03:00:00+00:00,4.027562195232568
2019-05-01 04:00:00+00:00,4.056012738672279
2019-05-01 05:00:00+00:00,4.041403962505889
2019-05-01 06:00:00+00:00,4.0267951863395
2019-05-01 07:00:00+00:00,4.020142784317911
2019-05-01 08:00:00+00:00,4.013490382296322
2019-05-01 09:00:00+00:00,4.001030766494195
2019-05-01 10:00:00+00:00,3.9885711506920694
2019-05-01 11:00:00+00:00,3.985402846392258
2019-05-01 12:00:00+00:00,3.982234542092447
2019-05-01 13:00:00+00:00,4.008048565130743
2019-05-01 14:00:00+00:00,4.033862588169038
2019-05-01 15:00:00+00:00,4.398731080483195
2019-05-01 16:00:00+00:00,4.763599572797352
2019-05-01 17:00:00+00:00,4.3787147989531086
2019-05-01 18:00:00+00:00,3.9938300251088656
2019-05-01 19:00:00+00:00,4.005967901283377
2019-05-01 20:00:00+00:00,4.0181057774578885
2019-05-01 21:00:00+00:00,4.010262792685237
2019-05-01 22:00:00+00:00,4.002419807912586
2019-05-01 23:00:00+00:00,4.00914145015087
2019-05-02 00:00:00+00:00,4.015863092389154
2019-05-02 01:00:00+00:00,4.031899049832683
2019-05-02 02:00:00+00:00,4.047935007276212
2019-05-02 03:00:00+00:00,4.050213330645706
2019-05-02 04:00:00+00:00,4.0524916540152
2019-05-02 05:00:00+00:00,4.031992739972697
2019-05-02 06:00:00+00:00,4.011493825930193
2019-05-02 07:00:00+00:00,4.177276122302883
2019-05-02 08:00:00+00:00,4.343058418675573
2019-05-02 09:00:00+00:00,4.18761318425365
2019-05-02 10:00:00+00:00,4.032167949831727
2019-05-02 11:00:00+00:00,4.010292444501269
2019-05-02 12:00:00+00:00,3.988416939170812
2019-05-02 13:00:00+00:00,3.9895425457622116
2019-05-02 14:00:00+00:00,3.9906681523536105
2019-05-02 15:00:00+00:00,3.9721037380873723
2019-05-02 16:00:00+00:00,3.953539323821134
2019-05-02 17:00:00+00:00,3.9464153368653916
2019-05-02 18:00:00+00:00,3.9392913499096487
2019-05-02 19:00:00+00:00,3.954377960663006
2019-05-02 20:00:00+00:00,3.969464571416364
2019-05-02 21:00:00+00:00,3.9870247647220403
2019-05-02 22:00:00+00:00,4.004584958027716
2019-05-02 23:00:00+00:00,4.034214584244307
2019-05-03 00:00:00+00:00,4.063844210460898
2019-05-03 01:00:00+00:00,4.054549684812107
2019-05-03 02:00:00+00:00,4.045255159163317
2019-05-03 03:00:00+00:00,4.060534110004174
2019-05-03 04:00:00+00:00,4.075813060845031
2019-05-03 05:00:00+00:00,4.069856669281126
2019-05-03 06:00:00+00:00,4.063900277717222
2019-05-03 07:00:00+00:00,4.0173939782425885
2019-05-03 08:00:00+00:00,3.9708876787679546
2019-05-03 09:00:00+00:00,3.9874335500587463
2019-05-03 10:00:00+00:00,4.003979421349538
2019-05-03 11:00:00+00:00,4.011383722363133
2019-05-03 12:00:00+00:00,4.01878802337673
2019-05-03 13:00:00+00:00,4.018734458156647
2019-05-03 14:00:00+00:00,4.0186808929365645
2019-05-03 15:00:00+00:00,4.043496735111088
2019-05-03 16:00:00+00:00,4.06831257728561
2019-05-03 17:00:00+00:00,4.063683937564511
2019-05-03 18:00:00+00:00,4.059055297843411
2019-05-03 19:00:00+00:00,4.0368218896632655
2019-05-03 20:00:00+00:00,4.014588481483119
2019-05-03 21:00:00+00:00,4.037090389810915
2019-05-03 22:00:00+00:00,4.059592298138712
2019-05-03 23:00:00+00:00,4.057095308893921
2019-05-04 00:00:00+00:00,4.054598319649128
2019-05-04 01:00:00+00:00,4.079032799036178
2019-05-04 02:00:00+00:00,4.103467278423229
2019-05-04 03:00:00+00:00,4.110696390838724
2019-05-04 04:00:00+00:00,4.11792550325422
2019-05-04 05:00:00+00:00,4.097872200808043
2019-05-04 06:00:00+00:00,4.0778188983618655
2019-05-04 07:00:00+00:00,4.091317361685458
2019-05-04 08:00:00+00:00,4.10481582500905
2019-05-04 09:00:00+00:00,4.061667328034536
2019-05-04 10:00:00+00:00,4.018518831060023
2019-05-04 11:00:00+00:00,3.99509896349893
2019-05-04 12:00:00+00:00,3.9716790959378367
2019-05-04 13:00:00+00:00,3.992134196708662
2019-05-04 14:00:00+00:00,4.0125892974794874
2019-05-04 15:00:00+00:00,4.018390445070343
2019-05-04 16:00:00+00:00,4.024191592661199
2019-05-04 17:00:00+00:00,4.054295094920188
2019-05-04 18:00:00+00:00,4.0843985971791765
2019-05-04 19:00:00+00:00,4.064122656407159
2019-05-04 20:00:00+00:00,4.043846715635141
2019-05-04 21:00:00+00:00,4.053389203737798
2019-05-04 22:00:00+00:00,4.062931691840456
2019-05-04 23:00:00+00:00,4.082151371700403
2019-05-05 00:00:00+00:00,4.101371051560351
2019-05-05 01:00:00+00:00,4.102932625363582
2019-05-05 02:00:00+00:00,4.1044941991668145
2019-05-05 03:00:00+00:00,4.112669506904446
2019-05-05 04:00:00+00:00,4.120844814642078
2019-05-05 05:00:00+00:00,4.116241499910068
2019-05-05 06:00:00+00:00,4.111638185178056
2019-05-05 07:00:00+00:00,4.086170413701039
2019-05-05 08:00:00+00:00,4.060702642224022
2019-05-05 09:00:00+00:00,4.061989691539707
2019-05-05 10:00:00+00:00,4.063276740855391
2019-05-05 11:00:00+00:00,4.032631740349726
2019-05-05 12:00:00+00:00,4.00198673984406
2019-05-05 13:00:00+00:00,4.020444851925661
2019-05-05 14:00:00+00:00,4.038902964007262
2019-05-05 15:00:00+00:00,4.062971570494546
2019-05-05 16:00:00+00:00,4.08704017698183
2019-05-05 17:00:00+00:00,4.0917938324296586
2019-05-05 18:00:00+00:00,4.096547487877486
2019-05-05 19:00:00+00:00,4.086176140192336
2019-05-05 20:00:00+00:00,
2019-05-05 21:00:00+00:00,
2019-05-05 22:00:00+00:00,4.0550620971368865
2019-05-05 23:00:00+00:00,4.074953183471326
2019-05-06 00:00:00+00:00,4.094844269805766
2019-05-06 01:00:00+00:00,4.115760921181289
2019-05-06 02:00:00+00:00,4.136677572556812
2019-05-06 03:00:00+00:00,4.134845453690917
2019-05-06 04:00:00+00:00,4.133013334825022
2019-05-06 05:00:00+00:00,4.140776950368901
2019-05-06 06:00:00+00:00,
2019-05-06 07:00:00+00:00,
2019-05-06 08:00:00+00:00,4.164067797000539
2019-05-06 09:00:00+00:00,4.146879920239906
2019-05-06 10:00:00+00:00,4.129692043479273
2019-05-06 11:00:00+00:00,4.132466772942949
2019-05-06 12:00:00+00:00,4.1352415024066245
2019-05-06 13:00:00+00:00,4.1166909157240905
2019-05-06 14:00:00+00:00,4.098140329041557
2019-05-06 15:00:00+00:00,4.098784456103186
2019-05-06 16:00:00+00:00,
2019-05-06 17:00:00+00:00,
2019-05-06 18:00:00+00:00,4.100716837288074
2019-05-06 19:00:00+00:00,4.102387392966709
2019-05-06 20:00:00+00:00,
2019-05-06 21:00:00+00:00,
2019-05-06 22:00:00+00:00,4.107399060002615
2019-05-06 23:00:00+00:00,4.148379593597476
2019-05-07 00:00:00+00:00,4.189360127192337
2019-05-07 01:00:00+00:00,4.180505566829466
2019-05-07 02:00:00+00:00,
2019-05-07 03:00:00+00:00,
2019-05-07 04:00:00+00:00,4.153941885740852
2019-05-07 05:00:00+00:00,4.168128341622899
2019-05-07 06:00:00+00:00,4.182314797504946
2019-05-07 07:00:00+00:00,4.1956834820188185
2019-05-07 08:00:00+00:00,4.20905216653269
2019-05-07 09:00:00+00:00,4.205395184133811
2019-05-07 10:00:00+00:00,4.201738201734932
2019-05-07 11:00:00+00:00,4.167181243942304
2019-05-07 12:00:00+00:00,4.132624286149676
2019-05-07 13:00:00+00:00,4.144048927245208
2019-05-07 14:00:00+00:00,4.15547356834074
2019-05-07 15:00:00+00:00,4.15637273149006
2019-05-07 16:00:00+00:00,4.157271894639379
2019-05-07 17:00:00+00:00,4.147516843539918
2019-05-07 18:00:00+00:00,4.1377617924404575
2019-05-07 19:00:00+00:00,4.15242665335802
2019-05-07 20:00:00+00:00,4.167091514275583
2019-05-07 21:00:00+00:00,4.143486099441528
2019-05-07 22:00:00+00:00,4.119880684607474
2019-05-07 23:00:00+00:00,4.134870485010486
2019-05-08 00:00:00+00:00,4.1498602854134985
2019-05-08 01:00:00+00:00,4.168830220095648
2019-05-08 02:00:00+00:00,4.187800154777799
2019-05-08 03:00:00+00:00,4.199709263554938
2019-05-08 04:00:00+00:00,4.211618372332077
2019-05-08 05:00:00+00:00,4.2131436208677115
2019-05-08 06:00:00+00:00,4.214668869403345
2019-05-08 07:00:00+00:00,4.219612194364821
2019-05-08 08:00:00+00:00,4.224555519326296
2019-05-08 09:00:00+00:00,4.218888414938581
2019-05-08 10:00:00+00:00,4.213221310550866
2019-05-08 11:00:00+00:00,4.211320246119095
2019-05-08 12:00:00+00:00,4.209419181687323
2019-05-08 13:00:00+00:00,4.186634223227308
2019-05-08 14:00:00+00:00,4.1638492647672924
2019-05-08 15:00:00+00:00,4.1684683191283165
2019-05-08 16:00:00+00:00,4.173087373489341
2019-05-08 17:00:00+00:00,4.175154207532884
2019-05-08 18:00:00+00:00,4.177221041576429
2019-05-08 19:00:00+00:00,4.170030507728241
2019-05-08 20:00:00+00:00,4.162839973880054
2019-05-08 21:00:00+00:00,4.172329530759523
2019-05-08 22:00:00+00:00,4.181819087638993
2019-05-08 23:00:00+00:00,4.204161598738289
2019-05-09 00:00:00+00:00,4.2265041098375855
2019-05-09 01:00:00+00:00,4.25091715623452
2019-05-09 02:00:00+00:00,4.275330202631454
2019-05-09 03:00:00+00:00,4.282079101893668
2019-05-09 04:00:00+00:00,4.288828001155882
2019-05-09 05:00:00+00:00,4.294244323206511
2019-05-09 06:00:00+00:00,4.29966064525714
2019-05-09 07:00:00+00:00,4.27702163608471
2019-05-09 08:00:00+00:00,4.254382626912278
2019-05-09 09:00:00+00:00,4.255737734204203
2019-05-09 10:00:00+00:00,4.257092841496129
2019-05-09 11:00:00+00:00,4.143747369974956
2019-05-09 12:00:00+00:00,4.030401898453783
2019-05-09 13:00:00+00:00,4.122158419002334
2019-05-09 14:00:00+00:00,4.213914939550884
2019-05-09 15:00:00+00:00,4.229751618778464
2019-05-09 16:00:00+00:00,4.245588298006044
2019-05-09 17:00:00+00:00,4.243537695489211
2019-05-09 18:00:00+00:00,4.241487092972377
2019-05-09 19:00:00+00:00,4.237069845328273
2019-05-09 20:00:00+00:00,4.232652597684169
2019-05-09 21:00:00+00:00,4.244013884675146
2019-05-09 22:00:00+00:00,4.255375171666123
2019-05-09 23:00:00+00:00,4.258549132408811
2019-05-10 00:00:00+00:00,
2019-05-10 01:00:00+00:00,
2019-05-10 02:00:00+00:00,4.268071014636877
2019-05-10 03:00:00+00:00,4.3134418555993355
2019-05-10 04:00:00+00:00,4.3588126965617935
2019-05-10 05:00:00+00:00,4.358997434240088
2019-05-10 06:00:00+00:00,4.359182171918382
2019-05-10 07:00:00+00:00,4.350701357995372
2019-05-10 08:00:00+00:00,4.342220544072362
2019-05-10 09:00:00+00:00,4.330791750375306
2019-05-10 10:00:00+00:00,4.319362956678251
2019-05-10 11:00:00+00:00,4.306264446562739
2019-05-10 12:00:00+00:00,4.293165936447228
2019-05-10 13:00:00+00:00,4.280388086960021
2019-05-10 14:00:00+00:00,4.267610237472813
2019-05-10 15:00:00+00:00,4.263194043008257
2019-05-10 16:00:00+00:00,4.258777848543701
2019-05-10 17:00:00+00:00,4.279621078533177
2019-05-10 18:00:00+00:00,4.300464308522652
2019-05-10 19:00:00+00:00,4.3033625645642335
2019-05-10 20:00:00+00:00,4.306260820605816
2019-05-10 21:00:00+00:00,4.320631595291722
2019-05-10 22:00:00+00:00,4.335002369977629
2019-05-10 23:00:00+00:00,4.341401588137964
2019-05-11 00:00:00+00:00,4.347800806298299
2019-05-11 01:00:00+00:00,4.3298004252488695
2019-05-11 02:00:00+00:00,4.3118000441994395
2019-05-11 03:00:00+00:00,4.328402237944413
2019-05-11 04:00:00+00:00,4.345004431689387
2019-05-11 05:00:00+00:00,4.36137533625954
2019-05-11 06:00:00+00:00,4.377746240829693
2019-05-11 07:00:00+00:00,4.367300430130962
2019-05-11 08:00:00+00:00,
2019-05-11 09:00:00+00:00,
2019-05-11 10:00:00+00:00,4.335962998034767
2019-05-11 11:00:00+00:00,4.341180682202166
2019-05-11 12:00:00+00:00,4.3463983663695664
2019-05-11 13:00:00+00:00,4.339593076557405
2019-05-11 14:00:00+00:00,4.332787786745244
2019-05-11 15:00:00+00:00,4.3107478447802325
2019-05-11 16:00:00+00:00,4.288707902815221
2019-05-11 17:00:00+00:00,4.276143402806277
2019-05-11 18:00:00+00:00,4.263578902797332
2019-05-11 19:00:00+00:00,4.310330890643334
2019-05-11 20:00:00+00:00,4.357082878489336
2019-05-11 21:00:00+00:00,4.3677654036510285
2019-05-11 22:00:00+00:00,4.378447928812721
2019-05-11 23:00:00+00:00,4.398868576912226
2019-05-12 00:00:00+00:00,4.41928922501173
2019-05-12 01:00:00+00:00,4.436028652216393
2019-05-12 02:00:00+00:00,4.452768079421056
2019-05-12 03:00:00+00:00,4.416504262366715
2019-05-12 04:00:00+00:00,4.380240445312373
2019-05-12 05:00:00+00:00,4.4364781025139735
2019-05-12 06:00:00+00:00,4.4927157597155745
2019-05-12 07:00:00+00:00,4.436415081731651
2019-05-12 08:00:00+00:00,4.380114403747728
2019-05-12 09:00:00+00:00,4.3737281273667055
2019-05-12 10:00:00+00:00,4.367341850985683
2019-05-12 11:00:00+00:00,4.356995270042379
2019-05-12 12:00:00+00:00,4.346648689099074
2019-05-12 13:00:00+00:00,4.3952849137822945
2019-05-12 14:00:00+00:00,4.443921138465515
2019-05-12 15:00:00+00:00,4.414246758520914
2019-05-12 16:00:00+00:00,4.384572378576313
2019-05-12 17:00:00+00:00,4.385380675339407
2019-05-12 18:00:00+00:00,4.386188972102501
2019-05-12 19:00:00+00:00,4.384717913955381
2019-05-12 20:00:00+00:00,4.38324685580826
2019-05-12 21:00:00+00:00,4.379485827321572
2019-05-12 22:00:00+00:00,4.375724798834884
2019-05-12 23:00:00+00:00,4.378826250390259
2019-05-13 00:00:00+00:00,4.381927701945633
2019-05-13 01:00:00+00:00,4.362863014079817
2019-05-13 02:00:00+00:00,4.343798326214
2019-05-13 03:00:00+00:00,4.34583306971359
2019-05-13 04:00:00+00:00,4.347867813213181
2019-05-13 05:00:00+00:00,4.3999006575287005
2019-05-13 06:00:00+00:00,4.45193350184422
2019-05-13 07:00:00+00:00,4.440891723299313
2019-05-13 08:00:00+00:00,
2019-05-13 09:00:00+00:00,
2019-05-13 10:00:00+00:00,
2019-05-13 11:00:00+00:00,
2019-05-13 12:00:00+00:00,4.385682830574774
2019-05-13 13:00:00+00:00,4.333389695997985
2019-05-13 14:00:00+00:00,4.281096561421196
2019-05-13 15:00:00+00:00,4.3194081889334
2019-05-13 16:00:00+00:00,4.357719816445603
2019-05-13 17:00:00+00:00,4.369217985622827
2019-05-13 18:00:00+00:00,4.3807161548000515
2019-05-13 19:00:00+00:00,4.377688785330979
2019-05-13 20:00:00+00:00,4.374661415861906
2019-05-13 21:00:00+00:00,4.354118005241005
2019-05-13 22:00:00+00:00,4.333574594620103
2019-05-13 23:00:00+00:00,4.33888611319731
2019-05-14 00:00:00+00:00,4.344197631774516
2019-05-14 01:00:00+00:00,4.34097606214037
2019-05-14 02:00:00+00:00,4.337754492506224
2019-05-14 03:00:00+00:00,4.364303313116002
2019-05-14 04:00:00+00:00,4.3908521337257795
2019-05-14 05:00:00+00:00,4.416243769238603
2019-05-14 06:00:00+00:00,4.441635404751428
2019-05-14 07:00:00+00:00,4.421439556352736
2019-05-14 08:00:00+00:00,4.401243707954044
2019-05-14 09:00:00+00:00,4.376046674335301
2019-05-14 10:00:00+00:00,4.350849640716559
2019-05-14 11:00:00+00:00,4.359773162500634
2019-05-14 12:00:00+00:00,4.368696684284708
2019-05-14 13:00:00+00:00,4.416182484615694
2019-05-14 14:00:00+00:00,4.4636682849466816
2019-05-14 15:00:00+00:00,4.444785364119019
2019-05-14 16:00:00+00:00,4.425902443291356
2019-05-14 17:00:00+00:00,4.413196998085755
2019-05-14 18:00:00+00:00,4.400491552880153
2019-05-14 19:00:00+00:00,4.394002621945555
2019-05-14 20:00:00+00:00,4.387513691010957
2019-05-14 21:00:00+00:00,4.348202323430055
2019-05-14 22:00:00+00:00,4.308890955849152
2019-05-14 23:00:00+00:00,4.331554072582096
2019-05-15 00:00:00+00:00,4.3542171893150385
2019-05-15 01:00:00+00:00,4.391860263882018
2019-05-15 02:00:00+00:00,4.429503338448998
2019-05-15 03:00:00+00:00,4.443815394319898
2019-05-15 04:00:00+00:00,4.458127450190799
2019-05-15 05:00:00+00:00,4.440030535932014
2019-05-15 06:00:00+00:00,4.421933621673229
2019-05-15 07:00:00+00:00,4.448740347489058
2019-05-15 08:00:00+00:00,4.475547073304887
2019-05-15 09:00:00+00:00,4.435666345749867
2019-05-15 10:00:00+00:00,4.3957856181948465
2019-05-15 11:00:00+00:00,4.375375506381122
2019-05-15 12:00:00+00:00,4.354965394567397
2019-05-15 13:00:00+00:00,4.211779261077162
2019-05-15 14:00:00+00:00,4.068593127586926
2019-05-15 15:00:00+00:00,4.275602794648501
2019-05-15 16:00:00+00:00,4.482612461710076
2019-05-15 17:00:00+00:00,4.46297505433118
2019-05-15 18:00:00+00:00,4.4433376469522825
2019-05-15 19:00:00+00:00,4.433397393343
2019-05-15 20:00:00+00:00,4.423457139733717
2019-05-15 21:00:00+00:00,4.434689613491388
2019-05-15 22:00:00+00:00,4.445922087249058
2019-05-15 23:00:00+00:00,4.425395575252562
2019-05-16 00:00:00+00:00,
2019-05-16 01:00:00+00:00,
2019-05-16 02:00:00+00:00,4.3638160392630745
2019-05-16 03:00:00+00:00,4.40126665682967
2019-05-16 04:00:00+00:00,4.438717274396266
2019-05-16 05:00:00+00:00,4.403779300741494
2019-05-16 06:00:00+00:00,4.368841327086721
2019-05-16 07:00:00+00:00,4.404035775562899
2019-05-16 08:00:00+00:00,4.439230224039076
2019-05-16 09:00:00+00:00,4.4644191175698875
2019-05-16 10:00:00+00:00,4.489608011100698
2019-05-16 11:00:00+00:00,4.423323797745662
2019-05-16 12:00:00+00:00,4.357039584390627
2019-05-16 13:00:00+00:00,4.426239056344661
2019-05-16 14:00:00+00:00,4.495438528298696
2019-05-16 15:00:00+00:00,4.478618964712684
2019-05-16 16:00:00+00:00,4.461799401126672
2019-05-16 17:00:00+00:00,4.448696235249049
2019-05-16 18:00:00+00:00,4.435593069371425
2019-05-16 19:00:00+00:00,4.986214222787191
2019-05-16 20:00:00+00:00,5.536835376202957
2019-05-16 21:00:00+00:00,5.245706418740697
2019-05-16 22:00:00+00:00,
2019-05-16 23:00:00+00:00,
2019-05-17 00:00:00+00:00,4.372319546353921
2019-05-17 01:00:00+00:00,4.386571953875351
2019-05-17 02:00:00+00:00,
2019-05-17 03:00:00+00:00,4.41507676891821
2019-05-17 04:00:00+00:00,4.450206456013882
2019-05-17 05:00:00+00:00,4.466653376874108
2019-05-17 06:00:00+00:00,4.4831002977343335
2019-05-17 07:00:00+00:00,4.47758645689713
2019-05-17 08:00:00+00:00,4.472072616059928
2019-05-17 09:00:00+00:00,4.480580528190706
2019-05-17 10:00:00+00:00,4.489088440321484
2019-05-17 11:00:00+00:00,4.498597021981173
2019-05-17 12:00:00+00:00,4.508105603640862
2019-05-17 13:00:00+00:00,4.51787013710323
2019-05-17 14:00:00+00:00,4.527634670565599
2019-05-17 15:00:00+00:00,4.534150067462326
2019-05-17 16:00:00+00:00,4.540665464359051
2019-05-17 17:00:00+00:00,4.567989637007811
2019-05-17 18:00:00+00:00,4.595313809656571
2019-05-17 19:00:00+00:00,4.563449416440189
2019-05-17 20:00:00+00:00,4.531585023223808
2019-05-17 21:00:00+00:00,4.542427122413038
2019-05-17 22:00:00+00:00,4.5532692216022665
2019-05-17 23:00:00+00:00,4.474223885644058
2019-05-18 00:00:00+00:00,4.39517854968585
2019-05-18 01:00:00+00:00,4.413016888328143
2019-05-18 02:00:00+00:00,4.430855226970436
2019-05-18 03:00:00+00:00,4.474261922072332
2019-05-18 04:00:00+00:00,4.517668617174227
2019-05-18 05:00:00+00:00,4.526059710490366
2019-05-18 06:00:00+00:00,4.5344508038065054
2019-05-18 07:00:00+00:00,4.55723951748995
2019-05-18 08:00:00+00:00,4.580028231173394
2019-05-18 09:00:00+00:00,4.563098785733956
2019-05-18 10:00:00+00:00,4.546169340294519
2019-05-18 11:00:00+00:00,4.528579298729648
2019-05-18 12:00:00+00:00,4.510989257164776
2019-05-18 13:00:00+00:00,4.50374265182395
2019-05-18 14:00:00+00:00,4.4964960464831245
2019-05-18 15:00:00+00:00,4.497118708816999
2019-05-18 16:00:00+00:00,4.497741371150874
2019-05-18 17:00:00+00:00,4.4914436910406215
2019-05-18 18:00:00+00:00,4.485146010930369
2019-05-18 19:00:00+00:00,4.519106735616798
2019-05-18 20:00:00+00:00,4.553067460303229
2019-05-18 21:00:00+00:00,4.554257514964073
2019-05-18 22:00:00+00:00,4.555447569624917
2019-05-18 23:00:00+00:00,4.534501487292063
2019-05-19 00:00:00+00:00,
2019-05-19 01:00:00+00:00,
2019-05-19 02:00:00+00:00,4.471663240293504
2019-05-19 03:00:00+00:00,4.46364298069556
2019-05-19 04:00:00+00:00,4.455622721097617
2019-05-19 05:00:00+00:00,4.525449502722519
2019-05-19 06:00:00+00:00,4.59527628434742
2019-05-19 07:00:00+00:00,4.57517338679376
2019-05-19 08:00:00+00:00,4.5550704892401
2019-05-19 09:00:00+00:00,4.532203168602844
2019-05-19 10:00:00+00:00,4.509335847965588
2019-05-19 11:00:00+00:00,4.514775302656598
2019-05-19 12:00:00+00:00,4.520214757347608
2019-05-19 13:00:00+00:00,4.533625303768996
2019-05-19 14:00:00+00:00,4.547035850190384
2019-05-19 15:00:00+00:00,4.529716073158468
2019-05-19 16:00:00+00:00,4.512396296126553
2019-05-19 17:00:00+00:00,4.57693159748401
2019-05-19 18:00:00+00:00,4.6414668988414665
2019-05-19 19:00:00+00:00,4.632977123035069
2019-05-19 20:00:00+00:00,4.62448734722867
2019-05-19 21:00:00+00:00,4.595322742564031
2019-05-19 22:00:00+00:00,4.566158137899392
2019-05-19 23:00:00+00:00,4.588353171720225
2019-05-20 00:00:00+00:00,4.6105482055410585
2019-05-20 01:00:00+00:00,4.594272283494963
2019-05-20 02:00:00+00:00,4.577996361448866
2019-05-20 03:00:00+00:00,4.563749440424738
2019-05-20 04:00:00+00:00,4.54950251940061
2019-05-20 05:00:00+00:00,4.549410622732464
2019-05-20 06:00:00+00:00,4.5493187260643175
2019-05-20 07:00:00+00:00,4.57156574729278
2019-05-20 08:00:00+00:00,4.593812768521244
2019-05-20 09:00:00+00:00,4.6065705127173056
2019-05-20 10:00:00+00:00,4.619328256913367
2019-05-20 11:00:00+00:00,4.599757034352722
2019-05-20 12:00:00+00:00,4.580185811792076
2019-05-20 13:00:00+00:00,4.599426667695898
2019-05-20 14:00:00+00:00,4.618667523599719
2019-05-20 15:00:00+00:00,4.583757652049616
2019-05-20 16:00:00+00:00,4.548847780499512
2019-05-20 17:00:00+00:00,4.553400824544386
2019-05-20 18:00:00+00:00,4.5579538685892595
2019-05-20 19:00:00+00:00,4.577714195635219
2019-05-20 20:00:00+00:00,4.597474522681179
2019-05-20 21:00:00+00:00,4.599139155195484
2019-05-20 22:00:00+00:00,4.60080378770979
2019-05-20 23:00:00+00:00,4.603600403797719
2019-05-21 00:00:00+00:00,4.606397019885648
2019-05-21 01:00:00+00:00,4.627743931573233
2019-05-21 02:00:00+00:00,4.649090843260818
2019-05-21 03:00:00+00:00,4.6310648619545365
2019-05-21 04:00:00+00:00,4.613038880648255
2019-05-21 05:00:00+00:00,4.622456267147491
2019-05-21 06:00:00+00:00,4.631873653646728
2019-05-21 07:00:00+00:00,4.635449864336184
2019-05-21 08:00:00+00:00,4.639026075025639
2019-05-21 09:00:00+00:00,4.641351241214165
2019-05-21 10:00:00+00:00,4.643676407402691
2019-05-21 11:00:00+00:00,4.646953040165876
2019-05-21 12:00:00+00:00,4.650229672929061
2019-05-21 13:00:00+00:00,4.598594199444411
2019-05-21 14:00:00+00:00,4.54695872595976
2019-05-21 15:00:00+00:00,4.579868363914137
2019-05-21 16:00:00+00:00,4.612778001868515
2019-05-21 17:00:00+00:00,4.64924727739772
2019-05-21 18:00:00+00:00,4.685716552926926
2019-05-21 19:00:00+00:00,4.704822884579697
2019-05-21 20:00:00+00:00,4.7239292162324675
2019-05-21 21:00:00+00:00,4.7022799772663735
2019-05-21 22:00:00+00:00,4.680630738300279
2019-05-21 23:00:00+00:00,4.620739421795124
2019-05-22 00:00:00+00:00,4.560848105289968
2019-05-22 01:00:00+00:00,4.5700748799468585
2019-05-22 02:00:00+00:00,
2019-05-22 03:00:00+00:00,
2019-05-22 04:00:00+00:00,4.5977552039175285
2019-05-22 05:00:00+00:00,4.585643884260135
2019-05-22 06:00:00+00:00,4.573532564602741
2019-05-22 07:00:00+00:00,4.631750815819389
2019-05-22 08:00:00+00:00,4.689969067036038
2019-05-22 09:00:00+00:00,4.7359484327532435
2019-05-22 10:00:00+00:00,4.7819277984704485
2019-05-22 11:00:00+00:00,4.732704341720712
2019-05-22 12:00:00+00:00,4.683480884970977
2019-05-22 13:00:00+00:00,4.676534941045087
2019-05-22 14:00:00+00:00,4.669588997119199
2019-05-22 15:00:00+00:00,4.651124979376437
2019-05-22 16:00:00+00:00,4.632660961633675
2019-05-22 17:00:00+00:00,4.628733254273494
2019-05-22 18:00:00+00:00,4.624805546913313
2019-05-22 19:00:00+00:00,4.5917528207247855
2019-05-22 20:00:00+00:00,4.558700094536258
2019-05-22 21:00:00+00:00,4.597870051945472
2019-05-22 22:00:00+00:00,4.637040009354687
2019-05-22 23:00:00+00:00,4.644041254488082
2019-05-23 00:00:00+00:00,
2019-05-23 01:00:00+00:00,
2019-05-23 02:00:00+00:00,4.665044989888266
2019-05-23 03:00:00+00:00,4.6326332781499895
2019-05-23 04:00:00+00:00,4.6002215664117125
2019-05-23 05:00:00+00:00,4.719808117483737
2019-05-23 06:00:00+00:00,4.839394668555761
2019-05-23 07:00:00+00:00,4.7297558926767165
2019-05-23 08:00:00+00:00,4.620117116797672
2019-05-23 09:00:00+00:00,4.691417997150771
2019-05-23 10:00:00+00:00,4.762718877503871
2019-05-23 11:00:00+00:00,4.6974062250884625
2019-05-23 12:00:00+00:00,4.632093572673054
2019-05-23 13:00:00+00:00,4.612629223929129
2019-05-23 14:00:00+00:00,4.593164875185203
2019-05-23 15:00:00+00:00,4.646181679177481
2019-05-23 16:00:00+00:00,4.699198483169759
2019-05-23 17:00:00+00:00,4.666393635642666
2019-05-23 18:00:00+00:00,4.633588788115572
2019-05-23 19:00:00+00:00,4.66170313873261
2019-05-23 20:00:00+00:00,4.6898174893496485
2019-05-23 21:00:00+00:00,4.666338103751238
2019-05-23 22:00:00+00:00,4.642858718152829
2019-05-23 23:00:00+00:00,4.669556414704818
2019-05-24 00:00:00+00:00,4.696254111256807
2019-05-24 01:00:00+00:00,4.700242366112295
2019-05-24 02:00:00+00:00,4.704230620967784
2019-05-24 03:00:00+00:00,4.697563601811968
2019-05-24 04:00:00+00:00,4.690896582656152
2019-05-24 05:00:00+00:00,4.6910350163382155
2019-05-24 06:00:00+00:00,4.691173450020278
2019-05-24 07:00:00+00:00,4.715634665571043
2019-05-24 08:00:00+00:00,4.740095881121809
2019-05-24 09:00:00+00:00,4.7157119204964175
2019-05-24 10:00:00+00:00,4.6913279598710265
2019-05-24 11:00:00+00:00,4.672728862049784
2019-05-24 12:00:00+00:00,4.654129764228541
2019-05-24 13:00:00+00:00,4.67404934686561
2019-05-24 14:00:00+00:00,4.693968929502678
2019-05-24 15:00:00+00:00,4.748453201761316
2019-05-24 16:00:00+00:00,4.802937474019953
2019-05-24 17:00:00+00:00,4.761794837220197
2019-05-24 18:00:00+00:00,4.7206522004204405
2019-05-24 19:00:00+00:00,4.731164942941331
2019-05-24 20:00:00+00:00,4.741677685462221
2019-05-24 21:00:00+00:00,4.760908083361177
2019-05-24 22:00:00+00:00,4.780138481260133
2019-05-24 23:00:00+00:00,4.7734106550828885
2019-05-25 00:00:00+00:00,4.766682828905644
2019-05-25 01:00:00+00:00,4.730533540944779
2019-05-25 02:00:00+00:00,4.694384252983914
2019-05-25 03:00:00+00:00,4.684533056030482
2019-05-25 04:00:00+00:00,4.67468185907705
2019-05-25 05:00:00+00:00,4.684611555468804
2019-05-25 06:00:00+00:00,4.694541251860558
2019-05-25 07:00:00+00:00,4.711774265795148
2019-05-25 08:00:00+00:00,4.729007279729737
2019-05-25 09:00:00+00:00,4.711620066039702
2019-05-25 10:00:00+00:00,4.694232852349666
2019-05-25 11:00:00+00:00,4.699718775219251
2019-05-25 12:00:00+00:00,4.705204698088837
2019-05-25 13:00:00+00:00,4.717509810363879
2019-05-25 14:00:00+00:00,4.729814922638921
2019-05-25 15:00:00+00:00,4.744646384630402
2019-05-25 16:00:00+00:00,4.7594778466218814
2019-05-25 17:00:00+00:00,4.755269956024332
2019-05-25 18:00:00+00:00,4.7510620654267814
2019-05-25 19:00:00+00:00,4.760480471663845
2019-05-25 20:00:00+00:00,4.769898877900908
2019-05-25 21:00:00+00:00,4.700794053646382
2019-05-25 22:00:00+00:00,4.631689229391856
2019-05-25 23:00:00+00:00,4.653622479775857
2019-05-26 00:00:00+00:00,4.675555730159856
2019-05-26 01:00:00+00:00,4.686277565513967
2019-05-26 02:00:00+00:00,4.696999400868077
2019-05-26 03:00:00+00:00,4.70669434562001
2019-05-26 04:00:00+00:00,4.716389290371941
2019-05-26 05:00:00+00:00,4.702320356185735
2019-05-26 06:00:00+00:00,4.688251421999531
2019-05-26 07:00:00+00:00,4.747407853621757
2019-05-26 08:00:00+00:00,4.806564285243985
2019-05-26 09:00:00+00:00,4.770060166131861
2019-05-26 10:00:00+00:00,4.733556047019738
2019-05-26 11:00:00+00:00,4.812267696384506
2019-05-26 12:00:00+00:00,4.8909793457492725
2019-05-26 13:00:00+00:00,4.842798463199586
2019-05-26 14:00:00+00:00,4.7946175806499
2019-05-26 15:00:00+00:00,4.819122315241294
2019-05-26 16:00:00+00:00,4.843627049832687
2019-05-26 17:00:00+00:00,4.825730091945308
2019-05-26 18:00:00+00:00,4.80783313405793
2019-05-26 19:00:00+00:00,4.809296915210863
2019-05-26 20:00:00+00:00,4.810760696363797
2019-05-26 21:00:00+00:00,4.821636122549597
2019-05-26 22:00:00+00:00,4.832511548735396
2019-05-26 23:00:00+00:00,4.845634838407986
2019-05-27 00:00:00+00:00,4.858758128080576
2019-05-27 01:00:00+00:00,4.891648972779045
2019-05-27 02:00:00+00:00,4.924539817477513
2019-05-27 03:00:00+00:00,4.9677432020196175
2019-05-27 04:00:00+00:00,5.0109465865617215
2019-05-27 05:00:00+00:00,4.9367615846223885
2019-05-27 06:00:00+00:00,4.862576582683056
2019-05-27 07:00:00+00:00,4.853591671830229
2019-05-27 08:00:00+00:00,4.844606760977403
2019-05-27 09:00:00+00:00,4.819090878614589
2019-05-27 10:00:00+00:00,4.793574996251776
2019-05-27 11:00:00+00:00,4.847561966605722
2019-05-27 12:00:00+00:00,4.901548936959668
2019-05-27 13:00:00+00:00,4.9356125445051395
2019-05-27 14:00:00+00:00,4.969676152050611
2019-05-27 15:00:00+00:00,4.9591031972071455
2019-05-27 16:00:00+00:00,4.948530242363679
2019-05-27 17:00:00+00:00,4.911364830837549
2019-05-27 18:00:00+00:00,4.8741994193114175
2019-05-27 19:00:00+00:00,4.852644063371351
2019-05-27 20:00:00+00:00,4.8310887074312845
2019-05-27 21:00:00+00:00,4.841083093985953
2019-05-27 22:00:00+00:00,4.851077480540622
2019-05-27 23:00:00+00:00,4.825698561095054
2019-05-28 00:00:00+00:00,4.8003196416494855
2019-05-28 01:00:00+00:00,4.912522478516111
2019-05-28 02:00:00+00:00,5.024725315382738
2019-05-28 03:00:00+00:00,4.96646167827806
2019-05-28 04:00:00+00:00,4.908198041173383
2019-05-28 05:00:00+00:00,4.918842456076396
2019-05-28 06:00:00+00:00,4.929486870979408
2019-05-28 07:00:00+00:00,4.9727533232945875
2019-05-28 08:00:00+00:00,5.016019775609767
2019-05-28 09:00:00+00:00,4.9756861150621035
2019-05-28 10:00:00+00:00,4.935352454514439
2019-05-28 11:00:00+00:00,4.893575871973602
2019-05-28 12:00:00+00:00,4.851799289432765
2019-05-28 13:00:00+00:00,4.8494733683053255
2019-05-28 14:00:00+00:00,4.8471474471778855
2019-05-28 15:00:00+00:00,4.91698183011278
2019-05-28 16:00:00+00:00,4.986816213047675
2019-05-28 17:00:00+00:00,4.972828639900221
2019-05-28 18:00:00+00:00,4.9588410667527665
2019-05-28 19:00:00+00:00,4.973881211246932
2019-05-28 20:00:00+00:00,4.988921355741098
2019-05-28 21:00:00+00:00,5.008760315913452
2019-05-28 22:00:00+00:00,5.0285992760858065
2019-05-28 23:00:00+00:00,5.0212494208124525
2019-05-29 00:00:00+00:00,5.013899565539099
2019-05-29 01:00:00+00:00,4.993167901137991
2019-05-29 02:00:00+00:00,4.972436236736882
2019-05-29 03:00:00+00:00,4.973563020540698
2019-05-29 04:00:00+00:00,4.974689804344516
2019-05-29 05:00:00+00:00,5.030754334485812
2019-05-29 06:00:00+00:00,5.086818864627109
2019-05-29 07:00:00+00:00,5.104379599366503
2019-05-29 08:00:00+00:00,5.121940334105898
2019-05-29 09:00:00+00:00,5.08468524320201
2019-05-29 10:00:00+00:00,5.047430152298123
2019-05-29 11:00:00+00:00,5.010955386193771
2019-05-29 12:00:00+00:00,4.9744806200894205
2019-05-29 13:00:00+00:00,5.01570755840802
2019-05-29 14:00:00+00:00,5.05693449672662
2019-05-29 15:00:00+00:00,5.0033917005125925
2019-05-29 16:00:00+00:00,4.949848904298565
2019-05-29 17:00:00+00:00,5.000238043836154
2019-05-29 18:00:00+00:00,5.0506271833737415
2019-05-29 19:00:00+00:00,5.027274055608512
2019-05-29 20:00:00+00:00,5.003920927843282
2019-05-29 21:00:00+00:00,5.081049286817977
2019-05-29 22:00:00+00:00,5.158177645792671
2019-05-29 23:00:00+00:00,5.168493157998151
2019-05-30 00:00:00+00:00,5.178808670203632
2019-05-30 01:00:00+00:00,5.0967364143833445
2019-05-30 02:00:00+00:00,5.014664158563057
2019-05-30 03:00:00+00:00,5.061898957356776
2019-05-30 04:00:00+00:00,5.109133756150497
2019-05-30 05:00:00+00:00,5.121587298511757
2019-05-30 06:00:00+00:00,5.134040840873019
2019-05-30 07:00:00+00:00,5.132638736194321
2019-05-30 08:00:00+00:00,5.131236631515622
2019-05-30 09:00:00+00:00,5.091560994091402
2019-05-30 10:00:00+00:00,5.0518853566671815
2019-05-30 11:00:00+00:00,5.141986672412344
2019-05-30 12:00:00+00:00,5.232087988157505
2019-05-30 13:00:00+00:00,5.19927245489672
2019-05-30 14:00:00+00:00,5.166456921635934
2019-05-30 15:00:00+00:00,5.084409065117912
2019-05-30 16:00:00+00:00,5.002361208599889
2019-05-30 17:00:00+00:00,5.047028785230429
2019-05-30 18:00:00+00:00,5.0916963618609685
2019-05-30 19:00:00+00:00,5.023788643254626
2019-05-30 20:00:00+00:00,4.955880924648285
2019-05-30 21:00:00+00:00,4.957292460707935
2019-05-30 22:00:00+00:00,4.958703996767585
2019-05-30 23:00:00+00:00,5.005342096995152
2019-05-31 00:00:00+00:00,5.0519801972227185
2019-05-31 01:00:00+00:00,5.140370932990004
2019-05-31 02:00:00+00:00,5.22876166875729
2019-05-31 03:00:00+00:00,5.156888272347727
2019-05-31 04:00:00+00:00,5.085014875938165
2019-05-31 05:00:00+00:00,5.218857909003919
2019-05-31 06:00:00+00:00,5.3527009420696725
2019-05-31 07:00:00+00:00,5.208249666292684
2019-05-31 08:00:00+00:00,5.063798390515696
2019-05-31 09:00:00+00:00,5.141637569910021
2019-05-31 10:00:00+00:00,5.219476749304347
2019-05-31 11:00:00+00:00,5.194695028556113
2019-05-31 12:00:00+00:00,5.16991330780788
2019-05-31 13:00:00+00:00,5.1853594275426875
2019-05-31 14:00:00+00:00,5.200805547277494
2019-05-31 15:00:00+00:00,5.127817912588371
2019-05-31 16:00:00+00:00,5.054830277899248
2019-05-31 17:00:00+00:00,5.096180009065635
2019-05-31 18:00:00+00:00,5.137529740232021
2019-05-31 19:00:00+00:00,5.104838996407889
2019-05-31 20:00:00+00:00,5.072148252583756
2019-05-31 21:00:00+00:00,4.997496641529289
2019-05-31 22:00:00+00:00,4.922845030474822
2019-05-31 23:00:00+00:00,5.024288650226027
2019-06-01 00:00:00+00:00,5.125732269977232
2019-06-01 01:00:00+00:00,5.124260211806146
2019-06-01 02:00:00+00:00,5.122788153635061
2019-06-01 03:00:00+00:00,5.153131626759665
2019-06-01 04:00:00+00:00,5.1834750998842685
2019-06-01 05:00:00+00:00,5.253715422954107
2019-06-01 06:00:00+00:00,5.323955746023946
2019-06-01 07:00:00+00:00,5.255193643753644
2019-06-01 08:00:00+00:00,5.1864315414833415
2019-06-01 09:00:00+00:00,5.135050825905203
2019-06-01 10:00:00+00:00,5.083670110327064
2019-06-01 11:00:00+00:00,5.129822540173995
2019-06-01 12:00:00+00:00,5.175974970020927
2019-06-01 13:00:00+00:00,5.154801863828867
2019-06-01 14:00:00+00:00,5.1336287576368065
2019-06-01 15:00:00+00:00,5.162445788665611
2019-06-01 16:00:00+00:00,5.191262819694416
2019-06-01 17:00:00+00:00,5.247737731158733
2019-06-01 18:00:00+00:00,5.3042126426230505
2019-06-01 19:00:00+00:00,5.254600350795537
2019-06-01 20:00:00+00:00,5.2049880589680235
2019-06-01 21:00:00+00:00,5.125016916077255
2019-06-01 22:00:00+00:00,5.045045773186486
2019-06-01 23:00:00+00:00,5.088430397142817
2019-06-02 00:00:00+00:00,5.131815021099149
2019-06-02 01:00:00+00:00,5.153833871905766
2019-06-02 02:00:00+00:00,5.175852722712382
2019-06-02 03:00:00+00:00,5.245353386661987
2019-06-02 04:00:00+00:00,5.314854050611591
2019-06-02 05:00:00+00:00,5.39651139950366
2019-06-02 06:00:00+00:00,5.478168748395729
2019-06-02 07:00:00+00:00,5.348080494590907
2019-06-02 08:00:00+00:00,5.217992240786086
2019-06-02 09:00:00+00:00,5.2413820805241444
2019-06-02 10:00:00+00:00,5.264771920262203
2019-06-02 11:00:00+00:00,5.956766541765514
2019-06-02 12:00:00+00:00,6.648761163268825
2019-06-02 13:00:00+00:00,5.99433024201314
2019-06-02 14:00:00+00:00,5.339899320757455
2019-06-02 15:00:00+00:00,5.413735056583802
2019-06-02 16:00:00+00:00,5.487570792410148
2019-06-02 17:00:00+00:00,5.4345522506323025
2019-06-02 18:00:00+00:00,
2019-06-02 19:00:00+00:00,
2019-06-02 20:00:00+00:00,5.275496625298764
2019-06-02 21:00:00+00:00,5.300892805073062
2019-06-02 22:00:00+00:00,5.326288984847358
2019-06-02 23:00:00+00:00,5.282312346714297
2019-06-03 00:00:00+00:00,5.238335708581237
2019-06-03 01:00:00+00:00,5.320710503144668
2019-06-03 02:00:00+00:00,5.403085297708099
2019-06-03 03:00:00+00:00,5.344948812367937
2019-06-03 04:00:00+00:00,5.286812327027776
2019-06-03 05:00:00+00:00,5.295183709054871
2019-06-03 06:00:00+00:00,5.303555091081965
2019-06-03 07:00:00+00:00,5.337406784765895
2019-06-03 08:00:00+00:00,5.371258478449823
2019-06-03 09:00:00+00:00,5.411910660386834
2019-06-03 10:00:00+00:00,5.452562842323845
2019-06-03 11:00:00+00:00,5.377090128556238
2019-06-03 12:00:00+00:00,5.30161741478863
2019-06-03 13:00:00+00:00,5.31892435199881
2019-06-03 14:00:00+00:00,5.336231289208989
2019-06-03 15:00:00+00:00,5.3516323945418165
2019-06-03 16:00:00+00:00,5.367033499874644
2019-06-03 17:00:00+00:00,5.423045778283052
2019-06-03 18:00:00+00:00,5.4790580566914615
2019-06-03 19:00:00+00:00,5.496539836421322
2019-06-03 20:00:00+00:00,5.514021616151181
2019-06-03 21:00:00+00:00,7.0125734132778295
2019-06-03 22:00:00+00:00,8.511125210404478
2019-06-03 23:00:00+00:00,6.95956311508138
2019-06-04 00:00:00+00:00,5.408001019758282
2019-06-04 01:00:00+00:00,5.35693197337668
2019-06-04 02:00:00+00:00,5.305862926995078
2019-06-04 03:00:00+00:00,5.2956981150098095
2019-06-04 04:00:00+00:00,5.2855333030245415
2019-06-04 05:00:00+00:00,5.245349933887566
2019-06-04 06:00:00+00:00,5.205166564750591
2019-06-04 07:00:00+00:00,5.323680069931083
2019-06-04 08:00:00+00:00,5.442193575111574
2019-06-04 09:00:00+00:00,5.473151916383189
2019-06-04 10:00:00+00:00,5.504110257654804
2019-06-04 11:00:00+00:00,5.382246477465872
2019-06-04 12:00:00+00:00,5.260382697276938
2019-06-04 13:00:00+00:00,5.294036096040539
2019-06-04 14:00:00+00:00,5.327689494804141
2019-06-04 15:00:00+00:00,5.405142516168992
2019-06-04 16:00:00+00:00,5.482595537533842
2019-06-04 17:00:00+00:00,5.425839874271862
2019-06-04 18:00:00+00:00,5.369084211009881
2019-06-04 19:00:00+00:00,5.355564173614466
2019-06-04 20:00:00+00:00,5.342044136219052
2019-06-04 21:00:00+00:00,5.292535335044788
2019-06-04 22:00:00+00:00,5.243026533870525
2019-06-04 23:00:00+00:00,5.278740638253938
2019-06-05 00:00:00+00:00,5.314454742637349
2019-06-05 01:00:00+00:00,5.29719341864995
2019-06-05 02:00:00+00:00,5.27993209466255
2019-06-05 03:00:00+00:00,5.2595718893332535
2019-06-05 04:00:00+00:00,5.239211684003957
2019-06-05 05:00:00+00:00,5.252143747610249
2019-06-05 06:00:00+00:00,5.265075811216541
2019-06-05 07:00:00+00:00,5.277297866438311
2019-06-05 08:00:00+00:00,5.289519921660082
2019-06-05 09:00:00+00:00,5.278516339715683
2019-06-05 10:00:00+00:00,5.267512757771283
2019-06-05 11:00:00+00:00,5.357059353921766
2019-06-05 12:00:00+00:00,5.446605950072248
2019-06-05 13:00:00+00:00,5.389299124900066
2019-06-05 14:00:00+00:00,5.331992299727883
2019-06-05 15:00:00+00:00,5.310685127019974
2019-06-05 16:00:00+00:00,5.289377954312067
2019-06-05 17:00:00+00:00,5.286785584377807
2019-06-05 18:00:00+00:00,5.2841932144435475
2019-06-05 19:00:00+00:00,5.287400929791525
2019-06-05 20:00:00+00:00,5.290608645139504
2019-06-05 21:00:00+00:00,5.297588467557652
2019-06-05 22:00:00+00:00,5.304568289975801
2019-06-05 23:00:00+00:00,5.2806053557854575
2019-06-06 00:00:00+00:00,5.256642421595115
2019-06-06 01:00:00+00:00,5.228303455100182
2019-06-06 02:00:00+00:00,5.199964488605248
2019-06-06 03:00:00+00:00,5.245947345843163
2019-06-06 04:00:00+00:00,5.291930203081077
2019-06-06 05:00:00+00:00,5.455967082102051
2019-06-06 06:00:00+00:00,5.620003961123024
2019-06-06 07:00:00+00:00,5.511616510470052
2019-06-06 08:00:00+00:00,5.403229059817081
2019-06-06 09:00:00+00:00,5.3752277690597765
2019-06-06 10:00:00+00:00,5.347226478302473
2019-06-06 11:00:00+00:00,5.377547144552269
2019-06-06 12:00:00+00:00,5.407867810802065
2019-06-06 13:00:00+00:00,5.411477408162327
2019-06-06 14:00:00+00:00,5.415087005522588
2019-06-06 15:00:00+00:00,5.32473726911919
2019-06-06 16:00:00+00:00,5.2343875327157905
2019-06-06 17:00:00+00:00,5.210148882461015
2019-06-06 18:00:00+00:00,5.185910232206239
2019-06-06 19:00:00+00:00,5.314424510707954
2019-06-06 20:00:00+00:00,5.442938789209669
2019-06-06 21:00:00+00:00,5.4380547881650045
2019-06-06 22:00:00+00:00,5.433170787120341
2019-06-06 23:00:00+00:00,5.398465654521427
2019-06-07 00:00:00+00:00,5.363760521922512
2019-06-07 01:00:00+00:00,5.340304024268163
2019-06-07 02:00:00+00:00,5.316847526613814
2019-06-07 03:00:00+00:00,5.298731933624868
2019-06-07 04:00:00+00:00,5.2806163406359214
2019-06-07 05:00:00+00:00,5.3111548275795295
2019-06-07 06:00:00+00:00,5.341693314523138
2019-06-07 07:00:00+00:00,5.3323786032935026
2019-06-07 08:00:00+00:00,5.323063892063868
2019-06-07 09:00:00+00:00,5.389559460861907
2019-06-07 10:00:00+00:00,5.456055029659945
2019-06-07 11:00:00+00:00,5.451112730983853
2019-06-07 12:00:00+00:00,5.4461704323077615
2019-06-07 13:00:00+00:00,5.444145174184336
2019-06-07 14:00:00+00:00,5.442119916060911
2019-06-07 15:00:00+00:00,5.359695918581181
2019-06-07 16:00:00+00:00,5.277271921101452
2019-06-07 17:00:00+00:00,5.208835196821585
2019-06-07 18:00:00+00:00,5.140398472541719
2019-06-07 19:00:00+00:00,5.26777299247321
2019-06-07 20:00:00+00:00,5.395147512404701
2019-06-07 21:00:00+00:00,5.384618489968814
2019-06-07 22:00:00+00:00,5.374089467532926
2019-06-07 23:00:00+00:00,4.327938564328053
2019-06-08 00:00:00+00:00,3.28178766112318
2019-06-08 01:00:00+00:00,4.293408593757881
2019-06-08 02:00:00+00:00,5.305029526392583
2019-06-08 03:00:00+00:00,5.149801034389831
2019-06-08 04:00:00+00:00,4.994572542387078
2019-06-08 05:00:00+00:00,5.143790841755916
2019-06-08 06:00:00+00:00,5.293009141124754
2019-06-08 07:00:00+00:00,5.355687388703192
2019-06-08 08:00:00+00:00,5.418365636281629
2019-06-08 09:00:00+00:00,5.403266654633533
2019-06-08 10:00:00+00:00,5.388167672985436
2019-06-08 11:00:00+00:00,5.400039151007976
2019-06-08 12:00:00+00:00,5.411910629030516
2019-06-08 13:00:00+00:00,5.41891214712044
2019-06-08 14:00:00+00:00,5.425913665210364
2019-06-08 15:00:00+00:00,5.415239390665334
2019-06-08 16:00:00+00:00,5.404565116120306
2019-06-08 17:00:00+00:00,5.310970758710811
2019-06-08 18:00:00+00:00,5.217376401301316
2019-06-08 19:00:00+00:00,5.246591662223402
2019-06-08 20:00:00+00:00,5.275806923145487
2019-06-08 21:00:00+00:00,5.376695346087366
2019-06-08 22:00:00+00:00,5.477583769029244
2019-06-08 23:00:00+00:00,5.464287007743308
2019-06-09 00:00:00+00:00,5.450990246457372
2019-06-09 01:00:00+00:00,5.416985056925151
2019-06-09 02:00:00+00:00,5.38297986739293
2019-06-09 03:00:00+00:00,5.428675598700513
2019-06-09 04:00:00+00:00,5.474371330008098
2019-06-09 05:00:00+00:00,5.477083766734104
2019-06-09 06:00:00+00:00,5.479796203460111
2019-06-09 07:00:00+00:00,5.44289539170038
2019-06-09 08:00:00+00:00,5.405994579940648
2019-06-09 09:00:00+00:00,5.411206079164735
2019-06-09 10:00:00+00:00,5.416417578388822
2019-06-09 11:00:00+00:00,5.414048995868273
2019-06-09 12:00:00+00:00,5.4116804133477245
2019-06-09 13:00:00+00:00,5.4638228370522075
2019-06-09 14:00:00+00:00,5.515965260756691
2019-06-09 15:00:00+00:00,5.462045604759723
2019-06-09 16:00:00+00:00,5.4081259487627555
2019-06-09 17:00:00+00:00,5.374527888686895
2019-06-09 18:00:00+00:00,5.340929828611036
2019-06-09 19:00:00+00:00,5.328459783824206
2019-06-09 20:00:00+00:00,5.315989739037375
2019-06-09 21:00:00+00:00,5.401115064407881
2019-06-09 22:00:00+00:00,5.486240389778386
2019-06-09 23:00:00+00:00,5.493345166160278
2019-06-10 00:00:00+00:00,5.500449942542169
2019-06-10 01:00:00+00:00,5.49478099816613
2019-06-10 02:00:00+00:00,5.48911205379009
2019-06-10 03:00:00+00:00,5.425997407758176
2019-06-10 04:00:00+00:00,5.3628827617262615
2019-06-10 05:00:00+00:00,5.434266652971557
2019-06-10 06:00:00+00:00,5.505650544216851
2019-06-10 07:00:00+00:00,5.467522504875392
2019-06-10 08:00:00+00:00,5.429394465533932
2019-06-10 09:00:00+00:00,5.425237206635133
2019-06-10 10:00:00+00:00,5.421079947736334
2019-06-10 11:00:00+00:00,5.475200529229534
2019-06-10 12:00:00+00:00,5.529321110722735
2019-06-10 13:00:00+00:00,6.922895950477605
2019-06-10 14:00:00+00:00,8.316470790232474
2019-06-10 15:00:00+00:00,6.8795900578779605
2019-06-10 16:00:00+00:00,5.442709325523448
2019-06-10 17:00:00+00:00,5.439011083161289
2019-06-10 18:00:00+00:00,5.4353128407991305
2019-06-10 19:00:00+00:00,5.481258329180109
2019-06-10 20:00:00+00:00,5.527203817561087
2019-06-10 21:00:00+00:00,5.501961938388486
2019-06-10 22:00:00+00:00,5.476720059215884
2019-06-10 23:00:00+00:00,5.507377931069852
2019-06-11 00:00:00+00:00,5.5380358029238215
2019-06-11 01:00:00+00:00,5.4887318146625255
2019-06-11 02:00:00+00:00,5.43942782640123
2019-06-11 03:00:00+00:00,5.49346471481907
2019-06-11 04:00:00+00:00,5.54750160323691
2019-06-11 05:00:00+00:00,5.533091673750329
2019-06-11 06:00:00+00:00,5.518681744263748
2019-06-11 07:00:00+00:00,5.530947950992241
2019-06-11 08:00:00+00:00,5.543214157720734
2019-06-11 09:00:00+00:00,5.559364387984125
2019-06-11 10:00:00+00:00,5.575514618247516
2019-06-11 11:00:00+00:00,5.58307806147497
2019-06-11 12:00:00+00:00,5.5906415047024245
2019-06-11 13:00:00+00:00,5.584959577454292
2019-06-11 14:00:00+00:00,5.57927765020616
2019-06-11 15:00:00+00:00,5.537048488132845
2019-06-11 16:00:00+00:00,5.494819326059528
2019-06-11 17:00:00+00:00,5.492787369290509
2019-06-11 18:00:00+00:00,5.490755412521491
2019-06-11 19:00:00+00:00,5.562324172233511
2019-06-11 20:00:00+00:00,5.633892931945532
2019-06-11 21:00:00+00:00,5.616938476988842
2019-06-11 22:00:00+00:00,5.599984022032154
2019-06-11 23:00:00+00:00,5.552492330709573
2019-06-12 00:00:00+00:00,5.505000639386991
2019-06-12 01:00:00+00:00,5.517454212131662
2019-06-12 02:00:00+00:00,5.5299077848763325
2019-06-12 03:00:00+00:00,5.530287446452435
2019-06-12 04:00:00+00:00,5.530667108028538
2019-06-12 05:00:00+00:00,5.531037595056412
2019-06-12 06:00:00+00:00,5.531408082084285
2019-06-12 07:00:00+00:00,5.596123767604833
2019-06-12 08:00:00+00:00,5.660839453125383
2019-06-12 09:00:00+00:00,5.621391780078385
2019-06-12 10:00:00+00:00,5.581944107031387
2019-06-12 11:00:00+00:00,5.579482241569878
2019-06-12 12:00:00+00:00,5.577020376108369
2019-06-12 13:00:00+00:00,5.583139808605488
2019-06-12 14:00:00+00:00,5.589259241102607
2019-06-12 15:00:00+00:00,5.629954290324603
2019-06-12 16:00:00+00:00,5.670649339546598
2019-06-12 17:00:00+00:00,5.577388815285157
2019-06-12 18:00:00+00:00,5.4841282910237155
2019-06-12 19:00:00+00:00,5.5341008459351455
2019-06-12 20:00:00+00:00,5.5840734008465756
2019-06-12 21:00:00+00:00,5.5501683915449425
2019-06-12 22:00:00+00:00,5.516263382243309
2019-06-12 23:00:00+00:00,5.5537305039677385
2019-06-13 00:00:00+00:00,5.5911976256921685
2019-06-13 01:00:00+00:00,5.671390710568794
2019-06-13 02:00:00+00:00,5.751583795445418
2019-06-13 03:00:00+00:00,5.72550261489782
2019-06-13 04:00:00+00:00,5.6994214343502225
2019-06-13 05:00:00+00:00,5.640142945493052
2019-06-13 06:00:00+00:00,5.58086445663588
2019-06-13 07:00:00+00:00,5.599927988938907
2019-06-13 08:00:00+00:00,
2019-06-13 09:00:00+00:00,
2019-06-13 10:00:00+00:00,5.657118585847987
2019-06-13 11:00:00+00:00,5.612523369409937
2019-06-13 12:00:00+00:00,5.567928152971886
2019-06-13 13:00:00+00:00,5.577179854814528
2019-06-13 14:00:00+00:00,5.5864315566571685
2019-06-13 15:00:00+00:00,5.627216034399878
2019-06-13 16:00:00+00:00,5.668000512142588
2019-06-13 17:00:00+00:00,5.675804871291094
2019-06-13 18:00:00+00:00,
2019-06-13 19:00:00+00:00,
2019-06-13 20:00:00+00:00,5.69921794873661
2019-06-13 21:00:00+00:00,5.65554532063889
2019-06-13 22:00:00+00:00,5.611872692541169
2019-06-13 23:00:00+00:00,5.63207551043506
2019-06-14 00:00:00+00:00,5.6522783283289515
2019-06-14 01:00:00+00:00,5.625452081260449
2019-06-14 02:00:00+00:00,5.598625834191947
2019-06-14 03:00:00+00:00,5.683786631470049
2019-06-14 04:00:00+00:00,5.7689474287481515
2019-06-14 05:00:00+00:00,5.768211466613103
2019-06-14 06:00:00+00:00,5.767475504478054
2019-06-14 07:00:00+00:00,5.7349431458965
2019-06-14 08:00:00+00:00,5.702410787314945
2019-06-14 09:00:00+00:00,5.695791686605537
2019-06-14 10:00:00+00:00,5.689172585896128
2019-06-14 11:00:00+00:00,5.672408109691986
2019-06-14 12:00:00+00:00,5.655643633487843
2019-06-14 13:00:00+00:00,5.640969636308919
2019-06-14 14:00:00+00:00,5.626295639129994
2019-06-14 15:00:00+00:00,5.609181556789185
2019-06-14 16:00:00+00:00,5.592067474448375
2019-06-14 17:00:00+00:00,5.578675016189748
2019-06-14 18:00:00+00:00,5.565282557931121
2019-06-14 19:00:00+00:00,5.622234874922775
2019-06-14 20:00:00+00:00,5.679187191914428
2019-06-14 21:00:00+00:00,5.713150485922498
2019-06-14 22:00:00+00:00,5.747113779930569
2019-06-14 23:00:00+00:00,5.66762025458733
2019-06-15 00:00:00+00:00,5.588126729244093
2019-06-15 01:00:00+00:00,5.685749375834978
2019-06-15 02:00:00+00:00,5.783372022425863
2019-06-15 03:00:00+00:00,5.711507003689576
2019-06-15 04:00:00+00:00,5.639641984953289
2019-06-15 05:00:00+00:00,5.6826707938674765
2019-06-15 06:00:00+00:00,5.725699602781665
2019-06-15 07:00:00+00:00,5.702410948997358
2019-06-15 08:00:00+00:00,5.679122295213051
2019-06-15 09:00:00+00:00,5.649546766390273
2019-06-15 10:00:00+00:00,5.619971237567495
2019-06-15 11:00:00+00:00,5.6933859869927215
2019-06-15 12:00:00+00:00,5.766800736417947
2019-06-15 13:00:00+00:00,5.755102132911361
2019-06-15 14:00:00+00:00,5.743403529404776
2019-06-15 15:00:00+00:00,5.665965682468462
2019-06-15 16:00:00+00:00,5.588527835532148
2019-06-15 17:00:00+00:00,5.587652783637913
2019-06-15 18:00:00+00:00,5.586777731743678
2019-06-15 19:00:00+00:00,5.70650555446295
2019-06-15 20:00:00+00:00,5.826233377182222
2019-06-15 21:00:00+00:00,5.805211790706413
2019-06-15 22:00:00+00:00,
2019-06-15 23:00:00+00:00,
2019-06-16 00:00:00+00:00,5.742147031278988
2019-06-16 01:00:00+00:00,5.773256893623877
2019-06-16 02:00:00+00:00,5.804366755968767
2019-06-16 03:00:00+00:00,5.7455393189360695
2019-06-16 04:00:00+00:00,5.6867118819033715
2019-06-16 05:00:00+00:00,5.710896878059717
2019-06-16 06:00:00+00:00,5.735081874216063
2019-06-16 07:00:00+00:00,5.832638837135107
2019-06-16 08:00:00+00:00,5.930195800054151
2019-06-16 09:00:00+00:00,5.950792206051964
2019-06-16 10:00:00+00:00,5.971388612049776
2019-06-16 11:00:00+00:00,5.831848184207682
2019-06-16 12:00:00+00:00,5.6923077563655875
2019-06-16 13:00:00+00:00,5.655372122627829
2019-06-16 14:00:00+00:00,5.61843648889007
2019-06-16 15:00:00+00:00,5.630372937017093
2019-06-16 16:00:00+00:00,5.642309385144116
2019-06-16 17:00:00+00:00,5.6749560458969315
2019-06-16 18:00:00+00:00,
2019-06-16 19:00:00+00:00,
2019-06-16 20:00:00+00:00,5.77289602815538
2019-06-16 21:00:00+00:00,5.7706771641056065
2019-06-16 22:00:00+00:00,5.768458300055834
2019-06-16 23:00:00+00:00,5.78472968491473
2019-06-17 00:00:00+00:00,5.801001069773626
2019-06-17 01:00:00+00:00,5.871819048684387
2019-06-17 02:00:00+00:00,5.942637027595148
2019-06-17 03:00:00+00:00,5.825316906268548
2019-06-17 04:00:00+00:00,5.707996784941948
2019-06-17 05:00:00+00:00,5.793310408208779
2019-06-17 06:00:00+00:00,5.878624031475608
2019-06-17 07:00:00+00:00,5.941057819924642
2019-06-17 08:00:00+00:00,6.003491608373675
2019-06-17 09:00:00+00:00,5.936965341210032
2019-06-17 10:00:00+00:00,5.870439074046388
2019-06-17 11:00:00+00:00,5.780701734049252
2019-06-17 12:00:00+00:00,5.6909643940521155
2019-06-17 13:00:00+00:00,7.5283182099139445
2019-06-17 14:00:00+00:00,9.365672025775774
2019-06-17 15:00:00+00:00,7.54138559322293
2019-06-17 16:00:00+00:00,5.717099160670085
2019-06-17 17:00:00+00:00,5.775818606440064
2019-06-17 18:00:00+00:00,5.834538052210041
2019-06-17 19:00:00+00:00,5.872398956852351
2019-06-17 20:00:00+00:00,5.9102598614946595
2019-06-17 21:00:00+00:00,5.849582475373306
2019-06-17 22:00:00+00:00,5.788905089251952
2019-06-17 23:00:00+00:00,5.83152690858721
2019-06-18 00:00:00+00:00,5.874148727922468
2019-06-18 01:00:00+00:00,5.875309162915277
2019-06-18 02:00:00+00:00,5.876469597908086
2019-06-18 03:00:00+00:00,5.822922877674088
2019-06-18 04:00:00+00:00,5.7693761574400915
2019-06-18 05:00:00+00:00,5.967042674165786
2019-06-18 06:00:00+00:00,6.164709190891481
2019-06-18 07:00:00+00:00,5.994196322489012
2019-06-18 08:00:00+00:00,5.823683454086544
2019-06-18 09:00:00+00:00,5.918947609683187
2019-06-18 10:00:00+00:00,6.014211765279828
2019-06-18 11:00:00+00:00,5.9557023563825755
2019-06-18 12:00:00+00:00,5.897192947485322
2019-06-18 13:00:00+00:00,5.849493322872163
2019-06-18 14:00:00+00:00,5.8017936982590035
2019-06-18 15:00:00+00:00,5.80426137527232
2019-06-18 16:00:00+00:00,5.806729052285637
2019-06-18 17:00:00+00:00,5.85807839785439
2019-06-18 18:00:00+00:00,5.909427743423143
2019-06-18 19:00:00+00:00,5.972958765500327
2019-06-18 20:00:00+00:00,6.036489787577512
2019-06-18 21:00:00+00:00,5.961506988824658
2019-06-18 22:00:00+00:00,5.886524190071802
2019-06-18 23:00:00+00:00,5.917280781554125
2019-06-19 00:00:00+00:00,5.948037373036448
2019-06-19 01:00:00+00:00,5.967667289524523
2019-06-19 02:00:00+00:00,5.987297206012598
2019-06-19 03:00:00+00:00,5.828457017428724
2019-06-19 04:00:00+00:00,5.8847104130687775
2019-06-19 05:00:00+00:00,5.874203507259335
2019-06-19 06:00:00+00:00,5.863696601449893
2019-06-19 07:00:00+00:00,5.904899116683669
2019-06-19 08:00:00+00:00,5.946101631917447
2019-06-19 09:00:00+00:00,5.947085652142347
2019-06-19 10:00:00+00:00,5.9480696723672475
2019-06-19 11:00:00+00:00,5.96663851974383
2019-06-19 12:00:00+00:00,5.985207367120412
2019-06-19 13:00:00+00:00,5.953274809849692
2019-06-19 14:00:00+00:00,
2019-06-19 15:00:00+00:00,
2019-06-19 16:00:00+00:00,5.857477138037528
2019-06-19 17:00:00+00:00,5.895427166313824
2019-06-19 18:00:00+00:00,5.933377194590119
2019-06-19 19:00:00+00:00,5.9380899936894656
2019-06-19 20:00:00+00:00,5.942802792788812
2019-06-19 21:00:00+00:00,5.931839188942671
2019-06-19 22:00:00+00:00,5.92087558509653
2019-06-19 23:00:00+00:00,5.950467424633645
2019-06-20 00:00:00+00:00,5.98005926417076
2019-06-20 01:00:00+00:00,5.931475325835314
2019-06-20 02:00:00+00:00,5.8828913874998685
2019-06-20 03:00:00+00:00,5.900269868811604
2019-06-20 04:00:00+00:00,5.91764835012334
2019-06-20 05:00:00+00:00,5.931940460168134
2019-06-20 06:00:00+00:00,5.946232570212928
2019-06-20 07:00:00+00:00,5.97685079102728
2019-06-20 08:00:00+00:00,6.007469011841633
2019-06-20 09:00:00+00:00,5.989082607885258
2019-06-20 10:00:00+00:00,5.970696203928885
2019-06-20 11:00:00+00:00,5.965168932099337
2019-06-20 12:00:00+00:00,5.959641660269788
2019-06-20 13:00:00+00:00,5.996835477344883
2019-06-20 14:00:00+00:00,6.034029294419978
2019-06-20 15:00:00+00:00,5.957325411598946
2019-06-20 16:00:00+00:00,5.8806215287779136
2019-06-20 17:00:00+00:00,5.917664889235025
2019-06-20 18:00:00+00:00,5.954708249692137
2019-06-20 19:00:00+00:00,5.940409443374664
2019-06-20 20:00:00+00:00,5.92611063705719
2019-06-20 21:00:00+00:00,5.9155733174926
2019-06-20 22:00:00+00:00,5.905035997928011
2019-06-20 23:00:00+00:00,5.918080130858295
2019-06-21 00:00:00+00:00,5.931124263788578
2019-06-21 01:00:00+00:00,5.926518658457864
2019-06-21 02:00:00+00:00,5.921913053127151
2019-06-21 03:00:00+00:00,5.917229181066083
2019-06-21 04:00:00+00:00,5.912545309005015
2019-06-21 05:00:00+00:00,5.956064850583491
2019-06-21 06:00:00+00:00,5.999584392161967
2019-06-21 07:00:00+00:00,5.9825830601745915
2019-06-21 08:00:00+00:00,5.965581728187216
2019-06-21 09:00:00+00:00,5.966179900366852
2019-06-21 10:00:00+00:00,5.966778072546487
2019-06-21 11:00:00+00:00,5.949420523850027
2019-06-21 12:00:00+00:00,5.932062975153568
2019-06-21 13:00:00+00:00,5.977700876244848
2019-06-21 14:00:00+00:00,6.023338777336129
2019-06-21 15:00:00+00:00,5.936412707258776
2019-06-21 16:00:00+00:00,5.849486637181423
2019-06-21 17:00:00+00:00,5.9001945775168165
2019-06-21 18:00:00+00:00,5.95090251785221
2019-06-21 19:00:00+00:00,5.944061809886016
2019-06-21 20:00:00+00:00,
2019-06-21 21:00:00+00:00,
2019-06-21 22:00:00+00:00,5.923539685987433
2019-06-21 23:00:00+00:00,5.925894391313543
2019-06-22 00:00:00+00:00,5.928249096639652
2019-06-22 01:00:00+00:00,5.945683442674645
2019-06-22 02:00:00+00:00,5.9631177887096385
2019-06-22 03:00:00+00:00,5.942927080783674
2019-06-22 04:00:00+00:00,5.9227363728577105
2019-06-22 05:00:00+00:00,5.954265008284906
2019-06-22 06:00:00+00:00,
2019-06-22 07:00:00+00:00,
2019-06-22 08:00:00+00:00,6.048850914566492
2019-06-22 09:00:00+00:00,5.997561495246818
2019-06-22 10:00:00+00:00,5.946272075927144
2019-06-22 11:00:00+00:00,5.942822717225504
2019-06-22 12:00:00+00:00,5.939373358523865
2019-06-22 13:00:00+00:00,5.932175020251165
2019-06-22 14:00:00+00:00,5.924976681978466
2019-06-22 15:00:00+00:00,5.923846480387269
2019-06-22 16:00:00+00:00,5.922716278796072
2019-06-22 17:00:00+00:00,5.9301009722188684
2019-06-22 18:00:00+00:00,5.937485665641664
2019-06-22 19:00:00+00:00,5.982962071502736
2019-06-22 20:00:00+00:00,6.028438477363808
2019-06-22 21:00:00+00:00,6.006042486035968
2019-06-22 22:00:00+00:00,5.983646494708128
2019-06-22 23:00:00+00:00,5.976959252412138
2019-06-23 00:00:00+00:00,5.970272010116148
2019-06-23 01:00:00+00:00,5.984129641946743
2019-06-23 02:00:00+00:00,5.997987273777338
2019-06-23 03:00:00+00:00,5.993147251619509
2019-06-23 04:00:00+00:00,5.98830722946168
2019-06-23 05:00:00+00:00,5.975520673387426
2019-06-23 06:00:00+00:00,5.962734117313173
2019-06-23 07:00:00+00:00,5.986570535775188
2019-06-23 08:00:00+00:00,6.0104069542372045
2019-06-23 09:00:00+00:00,6.008627364802221
2019-06-23 10:00:00+00:00,6.0068477753672385
2019-06-23 11:00:00+00:00,5.983658697587122
2019-06-23 12:00:00+00:00,5.9604696198070055
2019-06-23 13:00:00+00:00,5.947237370441776
2019-06-23 14:00:00+00:00,5.934005121076548
2019-06-23 15:00:00+00:00,5.976067430229847
2019-06-23 16:00:00+00:00,6.018129739383147
2019-06-23 17:00:00+00:00,6.008782578143212
2019-06-23 18:00:00+00:00,5.999435416903276
2019-06-23 19:00:00+00:00,6.018584373574571
2019-06-23 20:00:00+00:00,6.0377333302458664
2019-06-23 21:00:00+00:00,6.025850282289041
2019-06-23 22:00:00+00:00,6.013967234332216
2019-06-23 23:00:00+00:00,6.029507400210756
2019-06-24 00:00:00+00:00,6.045047566089295
2019-06-24 01:00:00+00:00,6.061846858702028
2019-06-24 02:00:00+00:00,6.078646151314762
2019-06-24 03:00:00+00:00,6.111925438169838
2019-06-24 04:00:00+00:00,6.1452047250249136
2019-06-24 05:00:00+00:00,6.10762227194989
2019-06-24 06:00:00+00:00,6.070039818874867
2019-06-24 07:00:00+00:00,6.0586641972117885
2019-06-24 08:00:00+00:00,
2019-06-24 09:00:00+00:00,
2019-06-24 10:00:00+00:00,6.024537332222552
2019-06-24 11:00:00+00:00,6.011107585326125
2019-06-24 12:00:00+00:00,5.9976778384296985
2019-06-24 13:00:00+00:00,5.989755176265848
2019-06-24 14:00:00+00:00,5.981832514101997
2019-06-24 15:00:00+00:00,6.012551927226976
2019-06-24 16:00:00+00:00,6.043271340351956
2019-06-24 17:00:00+00:00,6.023407701736527
2019-06-24 18:00:00+00:00,6.0035440631210975
2019-06-24 19:00:00+00:00,5.981907459073617
2019-06-24 20:00:00+00:00,5.9602708550261365
2019-06-24 21:00:00+00:00,6.027929765766832
2019-06-24 22:00:00+00:00,6.095588676507527
2019-06-24 23:00:00+00:00,6.164624437667403
2019-06-25 00:00:00+00:00,6.233660198827278
2019-06-25 01:00:00+00:00,6.135111706062913
2019-06-25 02:00:00+00:00,6.036563213298549
2019-06-25 03:00:00+00:00,6.019332396635697
2019-06-25 04:00:00+00:00,6.002101579972845
2019-06-25 05:00:00+00:00,6.0447778758280055
2019-06-25 06:00:00+00:00,6.087454171683166
2019-06-25 07:00:00+00:00,6.071749782108779
2019-06-25 08:00:00+00:00,6.056045392534393
2019-06-25 09:00:00+00:00,6.033020953345085
2019-06-25 10:00:00+00:00,6.009996514155778
2019-06-25 11:00:00+00:00,6.055580457657324
2019-06-25 12:00:00+00:00,6.1011644011588695
2019-06-25 13:00:00+00:00,6.104870256045196
2019-06-25 14:00:00+00:00,6.108576110931523
2019-06-25 15:00:00+00:00,6.067142302618814
2019-06-25 16:00:00+00:00,6.025708494306105
2019-06-25 17:00:00+00:00,6.058373828338608
2019-06-25 18:00:00+00:00,6.091039162371111
2019-06-25 19:00:00+00:00,6.075601997393546
2019-06-25 20:00:00+00:00,6.060164832415983
2019-06-25 21:00:00+00:00,6.044039591082788
2019-06-25 22:00:00+00:00,6.027914349749593
2019-06-25 23:00:00+00:00,6.050190835224781
2019-06-26 00:00:00+00:00,6.072467320699968
2019-06-26 01:00:00+00:00,6.074828794001254
2019-06-26 02:00:00+00:00,6.077190267302541
2019-06-26 03:00:00+00:00,6.066958016832698
2019-06-26 04:00:00+00:00,6.056725766362857
2019-06-26 05:00:00+00:00,6.0878175934351475
2019-06-26 06:00:00+00:00,6.118909420507438
2019-06-26 07:00:00+00:00,6.118939921912384
2019-06-26 08:00:00+00:00,6.1189704233173305
2019-06-26 09:00:00+00:00,6.151171678970023
2019-06-26 10:00:00+00:00,6.183372934622716
2019-06-26 11:00:00+00:00,6.221873997284195
2019-06-26 12:00:00+00:00,6.260375059945674
2019-06-26 13:00:00+00:00,6.321777791455126
2019-06-26 14:00:00+00:00,6.383180522964578
2019-06-26 15:00:00+00:00,6.3215130344223205
2019-06-26 16:00:00+00:00,6.259845545880062
2019-06-26 17:00:00+00:00,6.233106591714533
2019-06-26 18:00:00+00:00,6.206367637549003
2019-06-26 19:00:00+00:00,6.2376774602188885
2019-06-26 20:00:00+00:00,6.268987282888775
2019-06-26 21:00:00+00:00,6.273758922200459
2019-06-26 22:00:00+00:00,6.2785305615121425
2019-06-26 23:00:00+00:00,6.280178964050803
2019-06-27 00:00:00+00:00,6.281827366589463
2019-06-27 01:00:00+00:00,6.349225595901851
2019-06-27 02:00:00+00:00,6.4166238252142405
2019-06-27 03:00:00+00:00,6.426427901982478
2019-06-27 04:00:00+00:00,6.436231978750715
2019-06-27 05:00:00+00:00,6.422850889807677
2019-06-27 06:00:00+00:00,6.409469800864638
2019-06-27 07:00:00+00:00,6.37078755969489
2019-06-27 08:00:00+00:00,6.332105318525143
2019-06-27 09:00:00+00:00,6.359995457266471
2019-06-27 10:00:00+00:00,6.3878855960078
2019-06-27 11:00:00+00:00,6.425055879375899
2019-06-27 12:00:00+00:00,6.462226162743996
2019-06-27 13:00:00+00:00,6.416187725616363
2019-06-27 14:00:00+00:00,6.37014928848873
2019-06-27 15:00:00+00:00,6.350747418226528
2019-06-27 16:00:00+00:00,6.331345547964326
2019-06-27 17:00:00+00:00,6.33886060184393
2019-06-27 18:00:00+00:00,6.3463756557235325
2019-06-27 19:00:00+00:00,6.368103676045296
2019-06-27 20:00:00+00:00,6.389831696367059
2019-06-27 21:00:00+00:00,6.366614501747824
2019-06-27 22:00:00+00:00,6.343397307128589
2019-06-27 23:00:00+00:00,6.326982141880238
2019-06-28 00:00:00+00:00,6.310566976631888
2019-06-28 01:00:00+00:00,6.392480800312832
2019-06-28 02:00:00+00:00,6.474394623993777
2019-06-28 03:00:00+00:00,6.394488332346121
2019-06-28 04:00:00+00:00,6.3145820406984665
2019-06-28 05:00:00+00:00,6.311782786218426
2019-06-28 06:00:00+00:00,6.308983531738386
2019-06-28 07:00:00+00:00,6.433777321028584
2019-06-28 08:00:00+00:00,6.558571110318782
2019-06-28 09:00:00+00:00,6.514897021766301
2019-06-28 10:00:00+00:00,6.47122293321382
2019-06-28 11:00:00+00:00,6.516949423585189
2019-06-28 12:00:00+00:00,6.562675913956556
2019-06-28 13:00:00+00:00,6.555804292629954
2019-06-28 14:00:00+00:00,6.548932671303352
2019-06-28 15:00:00+00:00,6.521830252949984
2019-06-28 16:00:00+00:00,6.494727834596617
2019-06-28 17:00:00+00:00,6.362779675874052
2019-06-28 18:00:00+00:00,6.230831517151485
2019-06-28 19:00:00+00:00,6.269319688669136
2019-06-28 20:00:00+00:00,6.307807860186787
2019-06-28 21:00:00+00:00,6.341798052066908
2019-06-28 22:00:00+00:00,6.375788243947028
2019-06-28 23:00:00+00:00,6.362943941479388
2019-06-29 00:00:00+00:00,6.3500996390117495
2019-06-29 01:00:00+00:00,6.392562361211897
2019-06-29 02:00:00+00:00,6.435025083412044
2019-06-29 03:00:00+00:00,6.402244476154486
2019-06-29 04:00:00+00:00,6.369463868896927
2019-06-29 05:00:00+00:00,6.354339091302487
2019-06-29 06:00:00+00:00,6.3392143137080454
2019-06-29 07:00:00+00:00,6.313574095757506
2019-06-29 08:00:00+00:00,6.2879338778069656
2019-06-29 09:00:00+00:00,6.325755697023123
2019-06-29 10:00:00+00:00,6.363577516239281
2019-06-29 11:00:00+00:00,6.391328389326029
2019-06-29 12:00:00+00:00,6.419079262412777
2019-06-29 13:00:00+00:00,6.46929455329514
2019-06-29 14:00:00+00:00,6.519509844177503
2019-06-29 15:00:00+00:00,6.494361195342417
2019-06-29 16:00:00+00:00,6.4692125465073325
2019-06-29 17:00:00+00:00,6.449706245472072
2019-06-29 18:00:00+00:00,6.430199944436812
2019-06-29 19:00:00+00:00,6.42405366878654
2019-06-29 20:00:00+00:00,6.417907393136268
2019-06-29 21:00:00+00:00,6.320715186640635
2019-06-29 22:00:00+00:00,6.2235229801450025
2019-06-29 23:00:00+00:00,6.225498499507694
2019-06-30 00:00:00+00:00,6.227474018870384
2019-06-30 01:00:00+00:00,6.245297304240209
2019-06-30 02:00:00+00:00,6.263120589610034
2019-06-30 03:00:00+00:00,6.2658203528613505
2019-06-30 04:00:00+00:00,6.268520116112666
2019-06-30 05:00:00+00:00,6.832231010466693
2019-06-30 06:00:00+00:00,7.3959419048207184
2019-06-30 07:00:00+00:00,6.936146541356363
2019-06-30 08:00:00+00:00,6.476351177892008
2019-06-30 09:00:00+00:00,6.448437743375553
2019-06-30 10:00:00+00:00,6.4205243088590995
2019-06-30 11:00:00+00:00,6.384445088673906
2019-06-30 12:00:00+00:00,6.348365868488712
2019-06-30 13:00:00+00:00,6.419852424396535
2019-06-30 14:00:00+00:00,6.491338980304358
2019-06-30 15:00:00+00:00,6.476338866854521
2019-06-30 16:00:00+00:00,6.461338753404683
2019-06-30 17:00:00+00:00,6.393247768870518
2019-06-30 18:00:00+00:00,6.325156784336352
2019-06-30 19:00:00+00:00,6.349834929527297
2019-06-30 20:00:00+00:00,6.374513074718242
2019-06-30 21:00:00+00:00,6.341571200921197
2019-06-30 22:00:00+00:00,6.3086293271241525
2019-06-30 23:00:00+00:00,6.283830884306604
2019-07-01 00:00:00+00:00,6.2590324414890555
2019-07-01 01:00:00+00:00,6.3021359408721125
2019-07-01 02:00:00+00:00,6.345239440255169
2019-07-01 03:00:00+00:00,6.305263712539403
2019-07-01 04:00:00+00:00,6.265287984823637
2019-07-01 05:00:00+00:00,6.28080923381718
2019-07-01 06:00:00+00:00,6.296330482810725
2019-07-01 07:00:00+00:00,6.360635912235845
2019-07-01 08:00:00+00:00,6.424941341660966
2019-07-01 09:00:00+00:00,6.48284773914805
2019-07-01 10:00:00+00:00,6.540754136635134
2019-07-01 11:00:00+00:00,6.507671193910295
2019-07-01 12:00:00+00:00,6.474588251185456
2019-07-01 13:00:00+00:00,6.457374421868705
2019-07-01 14:00:00+00:00,6.440160592551953
2019-07-01 15:00:00+00:00,6.45943522581362
2019-07-01 16:00:00+00:00,6.478709859075288
2019-07-01 17:00:00+00:00,6.440245494524908
2019-07-01 18:00:00+00:00,6.401781129974529
2019-07-01 19:00:00+00:00,6.377366602322462
2019-07-01 20:00:00+00:00,6.352952074670397
2019-07-01 21:00:00+00:00,6.306771484311594
2019-07-01 22:00:00+00:00,6.260590893952791
2019-07-01 23:00:00+00:00,6.2699020339699505
2019-07-02 00:00:00+00:00,6.2792131739871095
2019-07-02 01:00:00+00:00,6.293268310739343
2019-07-02 02:00:00+00:00,
2019-07-02 03:00:00+00:00,
2019-07-02 04:00:00+00:00,6.3354337209960425
2019-07-02 05:00:00+00:00,6.376701558201825
2019-07-02 06:00:00+00:00,6.417969395407607
2019-07-02 07:00:00+00:00,6.434351552905637
2019-07-02 08:00:00+00:00,6.450733710403668
2019-07-02 09:00:00+00:00,6.471791590525855
2019-07-02 10:00:00+00:00,6.492849470648043
2019-07-02 11:00:00+00:00,6.560598641189889
2019-07-02 12:00:00+00:00,6.628347811731736
2019-07-02 13:00:00+00:00,6.588779540026359
2019-07-02 14:00:00+00:00,6.549211268320983
2019-07-02 15:00:00+00:00,6.539611853607546
2019-07-02 16:00:00+00:00,6.5300124388941105
2019-07-02 17:00:00+00:00,6.560683120909122
2019-07-02 18:00:00+00:00,6.591353802924132
2019-07-02 19:00:00+00:00,6.516792255494751
2019-07-02 20:00:00+00:00,6.44223070806537
2019-07-02 21:00:00+00:00,6.430287827529888
2019-07-02 22:00:00+00:00,
2019-07-02 23:00:00+00:00,
2019-07-03 00:00:00+00:00,6.3944591859234405
2019-07-03 01:00:00+00:00,6.4145751435096585
2019-07-03 02:00:00+00:00,6.4346911010958765
2019-07-03 03:00:00+00:00,7.109462689206893
2019-07-03 04:00:00+00:00,
2019-07-03 05:00:00+00:00,
2019-07-03 06:00:00+00:00,
2019-07-03 07:00:00+00:00,
2019-07-03 08:00:00+00:00,10.483320629761973
2019-07-03 09:00:00+00:00,8.545656668642051
2019-07-03 10:00:00+00:00,6.60799270752213
2019-07-03 11:00:00+00:00,6.629089809948255
2019-07-03 12:00:00+00:00,6.650186912374378
2019-07-03 13:00:00+00:00,6.581147882443759
2019-07-03 14:00:00+00:00,6.512108852513138
2019-07-03 15:00:00+00:00,6.592949027882096
2019-07-03 16:00:00+00:00,6.6737892032510535
2019-07-03 17:00:00+00:00,6.741544852317789
2019-07-03 18:00:00+00:00,6.8093005013845245
2019-07-03 19:00:00+00:00,6.795692970507613
2019-07-03 20:00:00+00:00,6.7820854396307
2019-07-03 21:00:00+00:00,6.747639568718574
2019-07-03 22:00:00+00:00,6.713193697806449
2019-07-03 23:00:00+00:00,6.689016988781793
2019-07-04 00:00:00+00:00,6.664840279757138
2019-07-04 01:00:00+00:00,6.717561091909319
2019-07-04 02:00:00+00:00,6.7702819040615
2019-07-04 03:00:00+00:00,6.796417358614047
2019-07-04 04:00:00+00:00,6.822552813166594
2019-07-04 05:00:00+00:00,6.809748921160049
2019-07-04 06:00:00+00:00,6.796945029153503
2019-07-04 07:00:00+00:00,6.815501175928338
2019-07-04 08:00:00+00:00,6.834057322703173
2019-07-04 09:00:00+00:00,6.847881690256607
2019-07-04 10:00:00+00:00,6.861706057810039
2019-07-04 11:00:00+00:00,6.803647565846344
2019-07-04 12:00:00+00:00,6.745589073882647
2019-07-04 13:00:00+00:00,6.709334622464945
2019-07-04 14:00:00+00:00,6.673080171047242
2019-07-04 15:00:00+00:00,6.68675643413455
2019-07-04 16:00:00+00:00,6.700432697221856
2019-07-04 17:00:00+00:00,6.695956460823343
2019-07-04 18:00:00+00:00,6.691480224424829
2019-07-04 19:00:00+00:00,6.752826961758162
2019-07-04 20:00:00+00:00,6.814173699091495
2019-07-04 21:00:00+00:00,6.7305165006974255
2019-07-04 22:00:00+00:00,6.646859302303356
2019-07-04 23:00:00+00:00,6.6638947883295305
2019-07-05 00:00:00+00:00,6.680930274355706
2019-07-05 01:00:00+00:00,6.743286001397204
2019-07-05 02:00:00+00:00,6.805641728438702
2019-07-05 03:00:00+00:00,6.825439849105682
2019-07-05 04:00:00+00:00,6.845237969772662
2019-07-05 05:00:00+00:00,6.855227970426505
2019-07-05 06:00:00+00:00,6.865217971080346
2019-07-05 07:00:00+00:00,6.790971828706089
2019-07-05 08:00:00+00:00,6.7167256863318325
2019-07-05 09:00:00+00:00,6.745362027402008
2019-07-05 10:00:00+00:00,6.773998368472183
2019-07-05 11:00:00+00:00,6.741870822001404
2019-07-05 12:00:00+00:00,6.7097432755306246
2019-07-05 13:00:00+00:00,6.710184245003681
2019-07-05 14:00:00+00:00,6.710625214476737
2019-07-05 15:00:00+00:00,6.676829854265945
2019-07-05 16:00:00+00:00,6.6430344940551525
2019-07-05 17:00:00+00:00,6.687543143272707
2019-07-05 18:00:00+00:00,6.732051792490263
2019-07-05 19:00:00+00:00,6.7491495513175135
2019-07-05 20:00:00+00:00,6.766247310144764
2019-07-05 21:00:00+00:00,6.781044068407979
2019-07-05 22:00:00+00:00,6.795840826671194
2019-07-05 23:00:00+00:00,6.79100671121698
2019-07-06 00:00:00+00:00,6.786172595762767
2019-07-06 01:00:00+00:00,6.820184231057879
2019-07-06 02:00:00+00:00,
2019-07-06 03:00:00+00:00,6.888207501648103
2019-07-06 04:00:00+00:00,6.880037383855041
2019-07-06 05:00:00+00:00,6.87064952447621
2019-07-06 06:00:00+00:00,6.861261665097379
2019-07-06 07:00:00+00:00,6.840512176471362
2019-07-06 08:00:00+00:00,
2019-07-06 09:00:00+00:00,
2019-07-06 10:00:00+00:00,6.778263710593313
2019-07-06 11:00:00+00:00,6.769759151971475
2019-07-06 12:00:00+00:00,6.761254593349637
2019-07-06 13:00:00+00:00,6.760317550754364
2019-07-06 14:00:00+00:00,
2019-07-06 15:00:00+00:00,6.758443465563816
2019-07-06 16:00:00+00:00,6.73570604402325
2019-07-06 17:00:00+00:00,6.777605955438568
2019-07-06 18:00:00+00:00,
2019-07-06 19:00:00+00:00,6.8614057782692015
2019-07-06 20:00:00+00:00,6.907261970506332
2019-07-06 21:00:00+00:00,6.872052975138704
2019-07-06 22:00:00+00:00,6.836843979771077
2019-07-06 23:00:00+00:00,8.093493032338525
2019-07-07 00:00:00+00:00,
2019-07-07 01:00:00+00:00,10.60679113747342
2019-07-07 02:00:00+00:00,10.374140230676131
2019-07-07 03:00:00+00:00,
2019-07-07 04:00:00+00:00,
2019-07-07 05:00:00+00:00,
2019-07-07 06:00:00+00:00,
2019-07-07 07:00:00+00:00,
2019-07-07 08:00:00+00:00,
2019-07-07 09:00:00+00:00,
2019-07-07 10:00:00+00:00,
2019-07-07 11:00:00+00:00,
2019-07-07 12:00:00+00:00,
2019-07-07 13:00:00+00:00,
2019-07-07 14:00:00+00:00,
2019-07-07 15:00:00+00:00,
2019-07-07 16:00:00+00:00,
2019-07-07 17:00:00+00:00,6.884376628716795
2019-07-07 18:00:00+00:00,6.8504730351232
2019-07-07 19:00:00+00:00,6.919992627346348
2019-07-07 20:00:00+00:00,6.989512219569495
2019-07-07 21:00:00+00:00,7.2695401039503125
2019-07-07 22:00:00+00:00,
2019-07-07 23:00:00+00:00,
2019-07-08 00:00:00+00:00,
2019-07-08 01:00:00+00:00,
2019-07-08 02:00:00+00:00,
2019-07-08 03:00:00+00:00,
2019-07-08 04:00:00+00:00,
2019-07-08 05:00:00+00:00,
2019-07-08 06:00:00+00:00,
2019-07-08 07:00:00+00:00,
2019-07-08 08:00:00+00:00,
2019-07-08 09:00:00+00:00,10.629874716520117
2019-07-08 10:00:00+00:00,10.354703272872111
2019-07-08 11:00:00+00:00,
2019-07-08 12:00:00+00:00,
2019-07-08 13:00:00+00:00,
2019-07-08 14:00:00+00:00,
2019-07-08 15:00:00+00:00,
2019-07-08 16:00:00+00:00,
2019-07-08 17:00:00+00:00,
2019-07-08 18:00:00+00:00,
2019-07-08 19:00:00+00:00,
2019-07-08 20:00:00+00:00,
2019-07-08 21:00:00+00:00,
2019-07-08 22:00:00+00:00,7.052645949096032
2019-07-08 23:00:00+00:00,7.0352992645085815
2019-07-09 00:00:00+00:00,7.01602096281844
2019-07-09 01:00:00+00:00,7.00385208442493
2019-07-09 02:00:00+00:00,6.9916832060314205
2019-07-09 03:00:00+00:00,7.008823938974642
2019-07-09 04:00:00+00:00,7.025964671917863
2019-07-09 05:00:00+00:00,7.001730636566896
2019-07-09 06:00:00+00:00,6.97749660121593
2019-07-09 07:00:00+00:00,6.939584057843684
2019-07-09 08:00:00+00:00,6.9016715144714365
2019-07-09 09:00:00+00:00,6.949012161041577
2019-07-09 10:00:00+00:00,6.996352807611718
2019-07-09 11:00:00+00:00,6.99672067651998
2019-07-09 12:00:00+00:00,6.997088545428243
2019-07-09 13:00:00+00:00,6.9887231638858465
2019-07-09 14:00:00+00:00,
2019-07-09 15:00:00+00:00,
2019-07-09 16:00:00+00:00,6.963627019258658
2019-07-09 17:00:00+00:00,6.98694797561717
2019-07-09 18:00:00+00:00,7.010268931975683
2019-07-09 19:00:00+00:00,7.021585611459523
2019-07-09 20:00:00+00:00,7.032902290943363
2019-07-09 21:00:00+00:00,7.027639264672008
2019-07-09 22:00:00+00:00,7.0223762384006525
2019-07-09 23:00:00+00:00,7.007726426178498
2019-07-10 00:00:00+00:00,6.993076613956343
2019-07-10 01:00:00+00:00,7.047078716397669
2019-07-10 02:00:00+00:00,7.101080818838995
2019-07-10 03:00:00+00:00,7.079942435631079
2019-07-10 04:00:00+00:00,7.058804052423162
2019-07-10 05:00:00+00:00,7.044799608608151
2019-07-10 06:00:00+00:00,7.0307951647931395
2019-07-10 07:00:00+00:00,7.085895963890439
2019-07-10 08:00:00+00:00,7.140996762987739
2019-07-10 09:00:00+00:00,7.043930985798292
2019-07-10 10:00:00+00:00,6.946865208608845
2019-07-10 11:00:00+00:00,6.930067670395239
2019-07-10 12:00:00+00:00,6.9132701321816326
2019-07-10 13:00:00+00:00,6.945856611943895
2019-07-10 14:00:00+00:00,6.978443091706157
2019-07-10 15:00:00+00:00,7.015739006616071
2019-07-10 16:00:00+00:00,7.053034921525986
2019-07-10 17:00:00+00:00,7.052009229538649
2019-07-10 18:00:00+00:00,7.050983537551313
2019-07-10 19:00:00+00:00,7.058675364644122
2019-07-10 20:00:00+00:00,7.066367191736932
2019-07-10 21:00:00+00:00,7.055516838128543
2019-07-10 22:00:00+00:00,7.044666484520155
2019-07-10 23:00:00+00:00,7.080651823052783
2019-07-11 00:00:00+00:00,7.116637161585411
2019-07-11 01:00:00+00:00,7.099785781552706
2019-07-11 02:00:00+00:00,7.082934401520001
2019-07-11 03:00:00+00:00,7.11493920168973
2019-07-11 04:00:00+00:00,7.14694400185946
2019-07-11 05:00:00+00:00,7.129218936660683
2019-07-11 06:00:00+00:00,7.1114938714619065
2019-07-11 07:00:00+00:00,7.11257907063346
2019-07-11 08:00:00+00:00,7.113664269805013
2019-07-11 09:00:00+00:00,7.126450364152911
2019-07-11 10:00:00+00:00,7.139236458500808
2019-07-11 11:00:00+00:00,7.1490559444072135
2019-07-11 12:00:00+00:00,
2019-07-11 13:00:00+00:00,7.168694916220023
2019-07-11 14:00:00+00:00,7.158394225453329
2019-07-11 15:00:00+00:00,
2019-07-11 16:00:00+00:00,
2019-07-11 17:00:00+00:00,
2019-07-11 18:00:00+00:00,
2019-07-11 19:00:00+00:00,
2019-07-11 20:00:00+00:00,
2019-07-11 21:00:00+00:00,7.086289390086473
2019-07-11 22:00:00+00:00,7.169967770643117
2019-07-11 23:00:00+00:00,7.123062385299282
2019-07-12 00:00:00+00:00,7.119362735863402
2019-07-12 01:00:00+00:00,7.197032391533092
2019-07-12 02:00:00+00:00,7.2747020472027835
2019-07-12 03:00:00+00:00,7.221543746375646
2019-07-12 04:00:00+00:00,7.168385445548508
2019-07-12 05:00:00+00:00,7.137119584135341
2019-07-12 06:00:00+00:00,7.105853722722174
2019-07-12 07:00:00+00:00,7.134199659606102
2019-07-12 08:00:00+00:00,7.16254559649003
2019-07-12 09:00:00+00:00,7.111754406509285
2019-07-12 10:00:00+00:00,
2019-07-12 11:00:00+00:00,7.010172026547796
2019-07-12 12:00:00+00:00,6.990018870216058
2019-07-12 13:00:00+00:00,7.093947865222471
2019-07-12 14:00:00+00:00,7.197876860228883
