,time,pressure,topside_temp,topside_temp_ADC,underside_temp,underside_temp_ADC,temp_ref,par,fluor,tilt,datetime
1,1828800,6.93359375,3.6407645155434807,23090,3.6478561725165832,23103,8504,105.8756712328767,0,1,2018-10-13 12:00:00
2,1832400,6.9244384765625,3.647728941792309,23082,3.6539388174062992,23096,8504,105.8756712328767,0,2,2018-10-13 13:00:00
3,1836000,6.91925048828125,3.656438264957501,23072,3.662631887539419,23086,8504,105.8756712328767,0,1,2018-10-13 14:00:00
4,1839600,6.92138671875,3.666023389056704,23061,3.6730691321905624,23074,8504,105.8756712328767,0,1,2018-10-13 15:00:00
5,1843200,6.93145751953125,3.6651518032465447,23062,3.6721991299664296,23075,8504,105.8756712328767,0,1,2018-10-13 16:00:00
6,1846800,6.9482421875,3.6886994415737604,23035,3.6948329028072067,23049,8504,105.8756712328767,0,4,2018-10-13 17:00:00
7,1850400,6.9647216796875,3.7000481853781366,23022,3.706160499440216,23036,8504,105.8756712328767,0,2,2018-10-13 18:00:00
8,1854000,6.98883056640625,3.73238765512059,22985,3.738439754297076,22999,8504,105.8756712328767,0,5,2018-10-13 19:00:00
9,1857600,6.9970703125,3.7183958927362255,23001,3.724474035648484,23015,8504,105.8756712328767,0,3,2018-10-13 20:00:00
10,1861200,7.00408935546875,3.7070355842288336,23014,3.714006870588719,23027,8504,105.8756712328767,0,1,2018-10-13 21:00:00
11,1864800,7.0062255859375,3.694809414877568,23028,3.70180288563364,23041,8504,105.8756712328767,0,3,2018-10-13 22:00:00
12,1868400,7.00042724609375,3.690444936697645,23033,3.69744632926313,23046,8504,105.8756712328767,0,0,2018-10-13 23:00:00
13,1872000,6.98455810546875,3.6834639711612454,23041,3.691348925908244,23053,8504,105.8756712328767,0,0,2018-10-14 00:00:00
14,1875600,6.97265625,3.681719152572839,23043,3.688736386879441,23056,8504,105.8756712328767,0,1,2018-10-14 01:00:00
15,1879200,6.9512939453125,3.6843364438611843,23040,3.691348925908244,23053,8504,105.8756712328767,0,2,2018-10-14 02:00:00
16,1882800,6.95037841796875,3.6886994415737604,23035,3.6957040026877053,23048,8504,105.8756712328767,0,0,2018-10-14 03:00:00
17,1886400,6.9512939453125,3.696555502379624,23026,3.7026743237844926,23040,8504,105.8756712328767,0,0,2018-10-14 04:00:00
18,1890000,6.956787109375,3.7017947809371776,23020,3.708775575496418,23033,8504,105.8756712328767,0,0,2018-10-14 05:00:00
19,1893600,6.97296142578125,3.7035415459112073,23018,3.7105191711708017,23031,8504,105.8756712328767,0,0,2018-10-14 06:00:00
21,2041200,6.99554443359375,3.7201442687120903,22999,3.7270917806288253,23012,8504,105.8756712328767,0,0,2018-10-15 23:00:00
22,2044800,6.9830322265625,3.7437639708383017,22972,3.7497949040158005,22986,8504,105.8756712328767,0,0,2018-10-16 00:00:00
23,2048400,6.99066162109375,3.7568994233261606,22957,3.763780336808395,22970,8504,105.8756712328767,0,2,2018-10-16 01:00:00
24,2052000,6.9598388671875,3.757775460819289,22956,3.763780336808395,22970,8504,105.8756712328767,0,0,2018-10-16 02:00:00
25,2055600,6.95465087890625,3.755147476138859,22959,3.7620315619777216,22972,8504,105.8756712328767,0,0,2018-10-16 03:00:00
26,2059200,6.94549560546875,3.73238765512059,22985,3.740186233111558,22997,8504,105.8756712328767,0,2,2018-10-16 04:00:00
27,2062800,6.93328857421875,3.7175217683923165,23002,3.724474035648484,23015,8504,105.8756712328767,0,1,2018-10-16 05:00:00
28,2066400,6.93756103515625,3.713151782956629,23007,3.720111975277689,23020,8504,105.8756712328767,0,0,2018-10-16 06:00:00
29,2070000,6.94427490234375,3.713151782956629,23007,3.720111975277689,23020,8504,105.8756712328767,0,1,2018-10-16 07:00:00
30,2073600,6.9403076171875,3.7122779130988306,23008,3.720111975277689,23020,8504,105.8756712328767,0,0,2018-10-16 08:00:00
31,2077200,6.947021484375,3.713151782956629,23007,3.720111975277689,23020,8504,105.8756712328767,0,0,2018-10-16 09:00:00
32,2080800,6.94976806640625,3.7183958927362255,23001,3.725346574904279,23014,8504,105.8756712328767,0,1,2018-10-16 10:00:00
33,2084400,6.9384765625,3.748141390797457,22967,3.7550381650602844,22980,8504,105.8756712328767,0,3,2018-10-16 11:00:00
34,2088000,6.942138671875,3.749017002458231,22966,3.7559121907558506,22979,8504,105.8756712328767,0,0,2018-10-16 12:00:00
35,2091600,6.949462890625,3.748141390797457,22967,3.7550381650602844,22980,8504,105.8756712328767,0,1,2018-10-16 13:00:00
36,2095200,6.920166015625,3.748141390797457,22967,3.7550381650602844,22980,8504,105.8756712328767,0,2,2018-10-16 14:00:00
37,2098800,6.9134521484375,3.7437639708383017,22972,3.7506686745513207,22985,8504,105.8756712328767,0,1,2018-10-16 15:00:00
38,2102400,6.8988037109375,3.72626492156445,22992,3.7332013368120442,23005,8504,105.8756712328767,0,4,2018-10-16 16:00:00
39,2106000,6.9012451171875,3.7183958927362255,23001,3.725346574904279,23014,8504,105.8756712328767,0,4,2018-10-16 17:00:00
40,2109600,6.91314697265625,3.7288886953728024,22989,3.7358203545292668,23002,8504,105.8756712328767,0,0,2018-10-16 18:00:00
41,2113200,6.94244384765625,3.7858311775202083,22924,3.7926597326326714,22937,8504,105.8756712328767,0,0,2018-10-16 19:00:00
42,2116800,6.9451904296875,3.7437639708383017,22972,3.7497949040158005,22986,8504,105.8756712328767,0,4,2018-10-16 20:00:00
43,2120400,6.9732666015625,3.7175217683923165,23002,3.724474035648484,23015,8504,105.8756712328767,0,3,2018-10-16 21:00:00
44,2124000,6.9744873046875,3.714899649889844,23005,3.721856672260003,23018,8504,105.8756712328767,0,5,2018-10-16 22:00:00
45,2127600,6.98974609375,3.716647686472527,23003,3.7236015387917973,23016,8504,105.8756712328767,0,0,2018-10-16 23:00:00
46,2131200,6.97296142578125,3.710530300581297,23010,3.71749524764067,23023,8504,105.8756712328767,0,2,2018-10-17 00:00:00
47,2134800,6.97998046875,3.7052884803312622,23016,3.7122629361911095,23029,8504,105.8756712328767,0,1,2018-10-17 01:00:00
48,2138400,6.97479248046875,3.711404085641732,23009,3.718367447813364,23022,8504,105.8756712328767,0,0,2018-10-17 02:00:00
49,2142000,6.9537353515625,3.7201442687120903,22999,3.7279644471053643,23011,8504,105.8756712328767,0,1,2018-10-17 03:00:00
50,2145600,6.954345703125,3.7183958927362255,23001,3.7262191565630474,23013,8504,105.8756712328767,0,1,2018-10-17 04:00:00
51,2149200,6.9500732421875,3.7183958927362255,23001,3.725346574904279,23014,8504,105.8756712328767,0,1,2018-10-17 05:00:00
52,2152800,6.9561767578125,3.719270059508176,23000,3.7262191565630474,23013,8504,105.8756712328767,0,0,2018-10-17 06:00:00
53,2156400,6.95953369140625,3.7183958927362255,23001,3.725346574904279,23014,8504,105.8756712328767,0,1,2018-10-17 07:00:00
54,2160000,6.96807861328125,3.714025695218936,23006,3.721856672260003,23018,8504,105.8756712328767,0,2,2018-10-17 08:00:00
55,2163600,6.9512939453125,3.715773646972991,23004,3.7227290843302967,23017,8504,105.8756712328767,0,1,2018-10-17 09:00:00
56,2167200,6.96502685546875,3.7227671509550078,22996,3.729709907306699,23009,8504,105.8756712328767,0,0,2018-10-17 10:00:00
57,2170800,6.9573974609375,3.721018520352004,22998,3.7288371559967004,23010,8504,105.8756712328767,0,0,2018-10-17 11:00:00
58,2174400,6.968994140625,3.721018520352004,22998,3.7279644471053643,23011,8504,105.8756712328767,0,1,2018-10-17 12:00:00
59,39688532,1.99951171875,,-14247,,-1702,1569,278.09312328767123,0,75,2019-12-25 16:35:32
60,1760400,6.9537353515625,3.6852089588367676,23039,3.692219856747272,23052,8504,105.8756712328767,0,2,2018-10-12 17:00:00
61,1764000,6.97723388671875,3.680846806676584,23044,3.68786562501964,23057,8504,105.8756712328767,0,1,2018-10-12 18:00:00
62,1767600,6.9952392578125,3.686954115630556,23037,3.6939618451928595,23050,8504,105.8756712328767,0,1,2018-10-12 19:00:00
63,1771200,7.0037841796875,3.706162011093454,23015,3.7131348822157975,23028,8504,105.8756712328767,0,1,2018-10-12 20:00:00
64,1774800,7.0025634765625,3.702668142245386,23019,3.7096473521673374,23032,8504,105.8756712328767,0,1,2018-10-12 21:00:00
65,1778400,7.00103759765625,3.681719152572839,23043,3.689607190978279,23055,8504,105.8756712328767,0,0,2018-10-12 22:00:00
66,1782000,6.98486328125,3.669510154275713,23057,3.6774197759229423,23069,8504,105.8756712328767,0,2,2018-10-12 23:00:00
67,1785600,6.9708251953125,3.668638399666463,23058,3.674809263149541,23072,8504,105.8756712328767,0,0,2018-10-13 00:00:00
68,1789200,6.96136474609375,3.6791022416603596,23046,3.6861242280012334,23059,8504,105.8756712328767,0,0,2018-10-13 01:00:00
69,1792800,6.95831298828125,3.69830175920265,23024,3.7044173269941325,23038,8504,105.8756712328767,0,0,2018-10-13 02:00:00
70,1796400,6.95892333984375,3.6974286096239553,23025,3.7044173269941325,23038,8504,105.8756712328767,0,0,2018-10-13 03:00:00
71,1800000,6.9598388671875,3.6974286096239553,23025,3.703545804236626,23039,8504,105.8756712328767,0,0,2018-10-13 04:00:00
72,1803600,6.96868896484375,3.6956824374652797,23027,3.7026743237844926,23040,8504,105.8756712328767,0,0,2018-10-13 05:00:00
73,1807200,6.97967529296875,3.673869560542414,23052,3.681771474364382,23064,8504,105.8756712328767,0,0,2018-10-13 06:00:00
74,1810800,6.98944091796875,3.6642802596264232,23063,3.6713291699073807,23076,8504,105.8756712328767,0,4,2018-10-13 07:00:00
75,1814400,6.98272705078125,3.6581806352811554,23070,3.6652406297886273,23083,8504,105.8756712328767,0,1,2018-10-13 08:00:00
76,1818000,6.9769287109375,3.6451169662121288,23085,3.652200708506541,23098,8504,105.8756712328767,0,0,2018-10-13 09:00:00
77,1821600,6.96441650390625,3.63815355015106,23093,3.6461186525429525,23105,8504,105.8756712328767,0,0,2018-10-13 10:00:00
79,846000,0.00152587890625,10.975357704750138,16152,11.078716576364172,16082,8504,105.8756712328767,0,80,2018-10-02 03:00:00
80,849600,0.00152587890625,10.826703649966419,16267,10.941051313583614,16188,8504,105.8756712328767,0,76,2018-10-02 04:00:00
81,853200,0.001220703125,10.697113650364372,16368,10.837820729191662,16268,8504,105.8756712328767,0,78,2018-10-02 05:00:00
82,856800,0.00152587890625,10.605277923931169,16440,10.773590295794236,16318,8504,105.8756712328767,0,79,2018-10-02 06:00:00
83,860400,0.0018310546875,10.661346126777516,16396,10.71724981634435,16362,8504,105.8756712328767,0,76,2018-10-02 07:00:00
84,864000,0.00244140625,10.661346126777516,16396,10.616518137106482,16441,8504,105.8756712328767,0,80,2018-10-02 08:00:00
85,867600,0.00274658203125,10.654966263690369,16401,10.58094598206145,16469,8504,105.8756712328767,0,77,2018-10-02 09:00:00
86,871200,0.0030517578125,10.660069979961918,16397,10.610160986553353,16446,8504,105.8756712328767,0,78,2018-10-02 10:00:00
87,874800,0.0042724609375,10.654966263690369,16401,10.605076826348466,16450,8504,105.8756712328767,0,77,2018-10-02 11:00:00
88,878400,0.00457763671875,10.639663470243192,16413,10.588562874719628,16463,8504,105.8756712328767,0,78,2018-10-02 12:00:00
89,882000,0.006103515625,10.539231648344753,16492,10.415415150778472,16600,8504,105.8756712328767,0,77,2018-10-02 13:00:00
90,885600,0.00701904296875,10.39902471158365,16603,10.212726979296065,16762,8504,105.8756712328767,0,80,2018-10-02 14:00:00
91,889200,0.00823974609375,10.226169170845992,16741,10.01345437563009,16923,8504,105.8756712328767,0,78,2018-10-02 15:00:00
92,892800,0.00823974609375,10.056136380423595,16878,9.839454423951793,17065,8504,105.8756712328767,0,71,2018-10-02 16:00:00
93,896400,0.00946044921875,9.914596202805512,16993,9.766420507012697,17125,8504,105.8756712328767,0,74,2018-10-02 17:00:00
94,900000,0.01007080078125,9.800914927914846,17086,9.706988603809123,17174,8504,105.8756712328767,0,80,2018-10-02 18:00:00
95,903600,0.0103759765625,9.74615616061152,17131,9.70577768775388,17175,8504,105.8756712328767,0,74,2018-10-02 19:00:00
96,907200,0.0103759765625,9.690346632437922,17177,9.661029269455184,17212,8504,105.8756712328767,0,76,2018-10-02 20:00:00
98,0,0.01495361328125,11.433849442045073,15803,11.475251144268327,15781,8505,105.8756712328767,0,77,2018-09-22 08:00:00
99,3600,0.01495361328125,11.259116204486133,15935,11.342577838950604,15881,8505,105.8756712328767,0,78,2018-09-22 09:00:00
100,7200,0.0152587890625,11.134361043828903,16030,11.221343399782654,15973,8505,105.8756712328767,0,79,2018-09-22 10:00:00
101,10800,0.01617431640625,10.998732504479221,16134,11.077413097262024,16083,8504,105.8756712328767,0,80,2018-09-22 11:00:00
102,14400,0.0164794921875,10.910580398179945,16202,10.98898913010106,16151,8505,105.8756712328767,0,78,2018-09-22 12:00:00
103,18000,0.01617431640625,10.776557482460419,16306,10.85198113560574,16257,8504,105.8756712328767,0,78,2018-09-22 13:00:00
104,21600,0.01708984375,10.551914737146717,16482,10.731318993979812,16351,8504,105.8756712328767,0,78,2018-09-22 14:00:00
105,25200,0.0177001953125,10.31114425535418,16673,10.51126912782172,16524,8504,105.8756712328767,0,78,2018-09-22 15:00:00
106,28800,0.018310546875,10.338719263194378,16651,10.445631577084555,16576,8504,105.8756712328767,0,76,2018-09-22 16:00:00
107,32400,0.0189208984375,10.579847875639302,16460,10.523918286101946,16514,8504,105.8756712328767,0,77,2018-09-22 17:00:00
108,36000,0.0189208984375,11.302647181146426,15902,10.82367105646614,16279,8504,105.8756712328767,0,77,2018-09-22 18:00:00
109,39600,0.01953125,12.36206390970898,15122,11.404817225024146,15834,8504,105.8756712328767,0,77,2018-09-22 19:00:00
110,43200,0.0201416015625,13.615448479215274,14254,12.281894775132741,15188,8504,105.8756712328767,0,77,2018-09-22 20:00:00
111,46800,0.02044677734375,14.69179845428954,13553,13.24569962900415,14512,8505,105.8756712328767,0,77,2018-09-22 21:00:00
112,50400,0.020751953125,15.424384921685885,13098,14.080035034962691,13954,8504,105.8756712328767,0,77,2018-09-22 22:00:00
113,54000,0.020751953125,15.881130148974535,12823,14.625860928656948,13602,8504,105.89504109589042,0,77,2018-09-22 23:00:00
114,57600,0.02197265625,16.048253945987256,12724,14.936707237220162,13406,8504,105.8756712328767,0,77,2018-09-23 00:00:00
115,61200,0.02197265625,15.911408428688958,12805,15.082768574982026,13315,8504,105.8756712328767,0,77,2018-09-23 01:00:00
116,64800,0.02197265625,15.455594607921682,13079,15.026458819387415,13350,8505,105.8756712328767,0,77,2018-09-23 02:00:00
118,1969200,6.983642578125,3.7253904152269115,22993,3.732328415788004,23006,8504,105.8756712328767,0,0,2018-10-15 03:00:00
119,1972800,6.97265625,3.72626492156445,22992,3.7332013368120442,23005,8504,105.8756712328767,0,1,2018-10-15 04:00:00
120,1976400,6.988525390625,3.7288886953728024,22989,3.7358203545292668,23002,8504,105.8756712328767,0,1,2018-10-15 05:00:00
121,1980000,6.982421875,3.72801406163353,22990,3.7349473061787535,23003,8504,105.8756712328767,0,0,2018-10-15 06:00:00
122,1983600,6.99005126953125,3.72713947036533,22991,3.7340743002742443,23004,8504,105.8756712328767,0,0,2018-10-15 07:00:00
123,1987200,6.99859619140625,3.72626492156445,22992,3.7332013368120442,23005,8504,105.8756712328767,0,0,2018-10-15 08:00:00
124,1990800,6.98974609375,3.7253904152269115,22993,3.732328415788004,23006,8504,105.8756712328767,0,1,2018-10-15 09:00:00
125,1994400,6.9891357421875,3.7245159513486783,22994,3.7314555371984284,23007,8504,105.8756712328767,0,1,2018-10-15 10:00:00
126,1998000,6.99310302734375,3.7245159513486783,22994,3.7314555371984284,23007,8504,105.8756712328767,0,1,2018-10-15 11:00:00
127,2001600,6.98944091796875,3.72713947036533,22991,3.7340743002742443,23004,8504,105.8756712328767,0,1,2018-10-15 12:00:00
128,2005200,6.96258544921875,3.730638090280763,22987,3.737566578584506,23000,8504,105.8756712328767,0,1,2018-10-15 13:00:00
129,2008800,6.94061279296875,3.7367623108781913,22980,3.743679700407995,22993,8504,105.8756712328767,0,0,2018-10-15 14:00:00
130,2012400,6.94580078125,3.748141390797457,22967,3.7550381650602844,22980,8504,105.8756712328767,0,0,2018-10-15 15:00:00
131,2016000,6.93450927734375,3.714899649889844,23005,3.7227290843302967,23017,8504,105.8756712328767,0,2,2018-10-15 16:00:00
132,2019600,6.9415283203125,3.700921461982773,23021,3.708775575496418,23033,8504,105.8756712328767,0,0,2018-10-15 17:00:00
133,2023200,6.94549560546875,3.7044149919385063,23017,3.7113910325107895,23030,8504,105.8756712328767,0,1,2018-10-15 18:00:00
134,2026800,6.95953369140625,3.7052884803312622,23016,3.7122629361911095,23029,8504,105.8756712328767,0,3,2018-10-15 19:00:00
135,2030400,6.9830322265625,3.700921461982773,23021,3.707903841154234,23034,8504,105.8756712328767,0,0,2018-10-15 20:00:00
136,2034000,6.98577880859375,3.7035415459112073,23018,3.7105191711708017,23031,8504,105.8756712328767,0,1,2018-10-15 21:00:00
138,1548000,6.9970703125,3.6425053695393785,23088,3.6661102948011717,23082,8504,105.8756712328767,0,1,2018-10-10 06:00:00
139,1551600,6.99310302734375,3.6190180330858652,23115,3.640907101668006,23111,8504,105.8756712328767,0,3,2018-10-10 07:00:00
140,1555200,6.9866943359375,3.620756785231208,23113,3.6391702542885014,23113,8504,105.8756712328767,0,1,2018-10-10 08:00:00
141,1558800,6.96563720703125,3.628583248964219,23104,3.6435126879384256,23108,8504,105.8756712328767,0,4,2018-10-10 09:00:00
142,1562400,6.9549560546875,3.6268437407091483,23106,3.640907101668006,23111,8504,105.8756712328767,0,3,2018-10-10 10:00:00
143,1566000,6.9439697265625,3.612933722898049,23122,3.6252815232192575,23129,8504,105.8756712328767,0,1,2018-10-10 11:00:00
144,1569600,6.937255859375,3.6216262242908215,23112,3.6322245451731874,23121,8504,105.8756712328767,0,6,2018-10-10 12:00:00
145,1573200,6.94549560546875,3.645987582632813,23084,3.655677094640282,23094,8504,105.8756712328767,0,1,2018-10-10 13:00:00
146,1576800,6.94732666015625,3.656438264957501,23072,3.6652406297886273,23083,8504,105.8756712328767,0,1,2018-10-10 14:00:00
147,1580400,6.9683837890625,3.6625372989408334,23065,3.6713291699073807,23076,8504,105.8756712328767,0,1,2018-10-10 15:00:00
148,1584000,6.9903564453125,3.6651518032465447,23062,3.6739391765835876,23073,8504,105.8756712328767,0,3,2018-10-10 16:00:00
149,1587600,6.99798583984375,3.661665881867634,23066,3.669589376268732,23078,8504,105.8756712328767,0,5,2018-10-10 17:00:00
150,1591200,7.00439453125,3.65992317424093,23068,3.666980001951572,23081,8504,105.8756712328767,0,4,2018-10-10 18:00:00
151,1594800,7.0074462890625,3.666023389056704,23061,3.6730691321905624,23074,8504,105.8756712328767,0,4,2018-10-10 19:00:00
152,1598400,7.00958251953125,3.666023389056704,23061,3.6739391765835876,23073,8504,105.8756712328767,0,0,2018-10-10 20:00:00
153,1602000,6.9970703125,3.633802782509406,23098,3.640907101668006,23111,8504,105.8756712328767,0,2,2018-10-10 21:00:00
154,1605600,6.9830322265625,3.6268437407091483,23106,3.6339607204534445,23119,8504,105.8756712328767,0,5,2018-10-10 22:00:00
155,1609200,6.966552734375,3.6268437407091483,23106,3.6339607204534445,23119,8504,105.8756712328767,0,3,2018-10-10 23:00:00
156,1612800,6.95892333984375,3.6233652284033155,23110,3.630488537840563,23123,8504,105.8756712328767,0,2,2018-10-11 00:00:00
158,565200,0.008544921875,12.047545506898018,15349,12.093811620631357,15324,8504,105.8756712328767,0,79,2018-09-28 21:00:00
159,568800,0.00762939453125,12.050293795777918,15347,12.088308147729833,15328,8504,105.8756712328767,0,76,2018-09-28 22:00:00
160,572400,0.00701904296875,12.044797619029225,15351,12.100693228805198,15319,8504,105.8756712328767,0,77,2018-09-28 23:00:00
161,576000,0.00518798828125,12.042050132060183,15353,12.044338290862697,15360,8504,105.8756712328767,0,78,2018-09-29 00:00:00
162,579600,0.00640869140625,12.042050132060183,15353,12.023762786636041,15375,8504,105.8756712328767,0,74,2018-09-29 01:00:00
163,583200,0.0054931640625,12.044797619029225,15351,12.02924738489753,15371,8504,105.8756712328767,0,81,2018-09-29 02:00:00
164,586800,0.00579833984375,12.051668090631722,15346,12.070432983178648,15341,8504,105.8756712328767,0,77,2018-09-29 03:00:00
165,590400,0.00518798828125,12.007740325610655,15378,12.041593588064416,15362,8504,105.8756712328767,0,76,2018-09-29 04:00:00
166,594000,0.0042724609375,11.957076277940473,15415,11.982679260135058,15405,8504,105.8756712328767,0,77,2018-09-29 05:00:00
167,597600,0.003662109375,11.903820844321558,15454,11.936226305502544,15439,8504,105.8756712328767,0,79,2018-09-29 06:00:00
168,601200,0.0030517578125,11.80861059159372,15524,11.838233083711032,15511,8504,105.8756712328767,0,79,2018-09-29 07:00:00
169,604800,0.00274658203125,11.73278787536617,15580,11.755609533640893,15572,8504,105.8756712328767,0,73,2018-09-29 08:00:00
170,608400,0.0018310546875,11.642471382647557,15647,11.674693925114582,15632,8504,105.8756712328767,0,76,2018-09-29 09:00:00
171,612000,0.0018310546875,11.529848617274922,15731,11.570022963281588,15710,8504,105.8756712328767,0,76,2018-09-29 10:00:00
172,615600,0.00091552734375,11.322467434776172,15887,11.33993393904791,15883,8504,105.8756712328767,0,82,2018-09-29 11:00:00
173,619200,0.001220703125,10.984444437949492,16145,11.013653732625414,16132,8504,105.8756712328767,0,78,2018-09-29 12:00:00
174,622800,0.0018310546875,10.503764741035468,16520,10.545441579275348,16497,8504,105.8756712328767,0,77,2018-09-29 13:00:00
175,626400,0.00213623046875,10.126691651972806,16821,10.127062802005184,16831,8504,105.8756712328767,0,78,2018-09-29 14:00:00
177,3445200,7.003173828125,3.7630325806192673,22950,3.770777139481879,22962,8504,105.8756712328767,0,0,2018-11-01 05:00:00
178,3448800,6.99615478515625,3.7621562874375627,22951,3.769902390063123,22963,8504,105.8756712328767,0,0,2018-11-01 06:00:00
179,3452400,7.0037841796875,3.7621562874375627,22951,3.7690276832478276,22964,8504,105.8756712328767,0,0,2018-11-01 07:00:00
180,3456000,7.0068359375,3.7630325806192673,22950,3.769902390063123,22963,8504,105.8756712328767,0,0,2018-11-01 08:00:00
181,3459600,7.01446533203125,3.7630325806192673,22950,3.770777139481879,22962,8504,105.8756712328767,0,0,2018-11-01 09:00:00
182,3463200,7.00897216796875,3.763908916429557,22949,3.7716519315081314,22961,8504,105.8756712328767,0,0,2018-11-01 10:00:00
183,3466800,7.00897216796875,3.7647852948724108,22948,3.7725267661456883,22960,8504,105.8756712328767,0,0,2018-11-01 11:00:00
184,3470400,7.00347900390625,3.7647852948724108,22948,3.7716519315081314,22961,8504,105.8756712328767,0,1,2018-11-01 12:00:00
185,3474000,6.9952392578125,3.7647852948724108,22948,3.7725267661456883,22960,8504,105.8756712328767,0,0,2018-11-01 13:00:00
186,3477600,6.98211669921875,3.765661715951694,22947,3.7725267661456883,22960,8504,105.8756712328767,0,1,2018-11-01 14:00:00
187,3481200,6.97418212890625,3.765661715951694,22947,3.7725267661456883,22960,8504,105.8756712328767,0,1,2018-11-01 15:00:00
188,3484800,6.96014404296875,3.765661715951694,22947,3.7734016433985857,22959,8504,105.8756712328767,0,1,2018-11-01 16:00:00
189,3488400,6.95648193359375,3.7437639708383017,22972,3.7515424876037287,22984,8504,105.8756712328767,0,3,2018-11-01 17:00:00
190,3492000,6.9580078125,3.7393876144267324,22977,3.7463002469632443,22990,8504,105.8756712328767,0,2,2018-11-01 18:00:00
191,3495600,6.96807861328125,3.7376373695453253,22979,3.7445531734357473,22992,8504,105.8756712328767,0,0,2018-11-01 19:00:00
192,3499200,6.9891357421875,3.731512851457296,22986,3.739312972471339,22998,8504,105.8756712328767,0,0,2018-11-01 20:00:00
193,3502800,7.00103759765625,3.72713947036533,22991,3.7340743002742443,23004,8504,105.8756712328767,0,0,2018-11-01 21:00:00
194,3506400,7.0159912109375,3.7245159513486783,22994,3.732328415788004,23006,8504,105.8756712328767,0,2,2018-11-01 22:00:00
195,3510000,7.02789306640625,3.7227671509550078,22996,3.7305827010393386,23008,8504,105.8756712328767,0,0,2018-11-01 23:00:00
196,3513600,7.04193115234375,3.7236415299260557,22995,6.278091152096977,20286,-2015,278.09312328767123,0,75,2018-11-02 00:00:00
197,986400,-0.0042724609375,11.110816503810668,16048,11.15971030217014,16020,8504,105.9918904109589,0,77,2018-10-03 18:00:00
198,990000,-0.00457763671875,11.305288671970914,15900,11.262106448834174,15942,8504,106.1468493150685,0,77,2018-10-03 19:00:00
199,993600,-0.00335693359375,12.334141281803682,15142,11.06698853566428,16091,8504,165.1474520547945,0,77,2018-10-03 20:00:00
202,1000800,-0.00274658203125,13.993890693307321,14003,11.711062755729813,15605,8504,157.74816438356166,0,77,2018-10-03 22:00:00
203,1004400,-0.00335693359375,12.260345634432952,15195,10.877754879090048,16237,8504,108.10320547945206,0,78,2018-10-03 23:00:00
204,1008000,-0.00335693359375,11.77878662506896,15546,10.864863559722266,16247,8504,106.99912328767122,0,78,2018-10-04 00:00:00
205,1011600,-0.00396728515625,11.378075800647082,15845,11.20296335642007,15987,8504,106.80542465753426,0,77,2018-10-04 01:00:00
206,1015200,-0.00396728515625,11.089912829623586,16064,11.32804100887438,15892,8504,107.3671506849315,0,77,2018-10-04 02:00:00
207,1018800,-0.00396728515625,10.870530747997748,16233,11.128316254782703,16044,8504,106.49550684931508,0,78,2018-10-04 03:00:00
208,1022400,-0.00457763671875,10.488585228821194,16532,10.487259357849894,16543,8504,106.0306301369863,0,78,2018-10-04 04:00:00
209,1026000,-0.00396728515625,10.759871920989667,16319,10.55684633489733,16488,8504,106.66983561643835,0,78,2018-10-04 05:00:00
210,1029600,-0.0042724609375,11.177603004672164,15997,10.821099540697105,16281,8504,106.57298630136987,0,80,2018-10-04 06:00:00
211,1033200,-0.00396728515625,11.467126890596376,15778,10.68276130153265,16389,8504,106.63109589041096,0,79,2018-10-04 07:00:00
212,1036800,-0.00579833984375,9.50111806917181,17334,9.340090547209229,17480,8504,106.61172602739727,0,82,2018-10-04 08:00:00
213,1040400,-0.00579833984375,9.086085171385207,17684,9.21113382310233,17589,8504,106.61172602739727,0,82,2018-10-04 09:00:00
214,1044000,-0.00579833984375,9.224975825974752,17566,9.265446389562442,17543,8504,106.63109589041096,0,82,2018-10-04 10:00:00
215,1047600,-0.0054931640625,9.409011300752809,17411,9.328222155103163,17490,8504,106.63109589041096,0,82,2018-10-04 11:00:00
217,424800,0.02899169921875,11.322467434776172,15887,11.447311671485238,15802,8504,105.8756712328767,0,77,2018-09-27 06:00:00
218,428400,0.0286865234375,11.082079960237365,16070,11.188534553940826,15998,8504,105.8756712328767,0,77,2018-09-27 07:00:00
219,432000,0.02838134765625,10.80097087622471,16287,10.93587620842385,16192,8505,105.8756712328767,0,78,2018-09-27 08:00:00
220,435600,0.0274658203125,10.588744456642985,16453,10.672554717105356,16397,8504,105.8756712328767,0,77,2018-09-27 09:00:00
221,439200,0.02532958984375,10.388960263517959,16611,10.455714621807658,16568,8504,105.8756712328767,0,78,2018-09-27 10:00:00
222,442800,0.0238037109375,10.204985748422644,16758,10.300037619714942,16692,8504,105.8756712328767,0,77,2018-09-27 11:00:00
223,446400,0.02288818359375,10.099428133382048,16843,10.2189498850301,16757,8504,105.8756712328767,0,75,2018-09-27 12:00:00
224,450000,0.02197265625,10.026508629411524,16902,10.176675118646813,16791,8504,105.8756712328767,0,76,2018-09-27 13:00:00
225,453600,0.02166748046875,9.999391184870262,16924,10.1655008028618,16800,8504,105.8756712328767,0,76,2018-09-27 14:00:00
226,457200,0.02105712890625,10.011712402960427,16914,10.190341738569089,16780,8504,105.8756712328767,0,81,2018-09-27 15:00:00
227,460800,0.02044677734375,10.10066651948057,16842,10.241369595512708,16739,8504,105.8756712328767,0,76,2018-09-27 16:00:00
228,464400,0.0201416015625,10.223675754302633,16743,10.341340848575328,16659,8504,105.8756712328767,0,81,2018-09-27 17:00:00
229,468000,0.01922607421875,10.40783555688978,16596,10.49231147580366,16539,8504,105.8756712328767,0,76,2018-09-27 18:00:00
230,471600,0.018310546875,10.711183919362838,16357,10.741557791454,16343,8504,105.8756712328767,0,78,2018-09-27 19:00:00
231,475200,0.01861572265625,11.040359875559261,16102,11.04615683974265,16107,8504,105.8756712328767,0,76,2018-09-27 20:00:00
232,478800,0.01861572265625,11.301326575210737,15903,11.295044689435315,15917,8504,105.8756712328767,0,75,2018-09-27 21:00:00
233,482400,0.018310546875,11.527175335597406,15733,11.497899375928512,15764,8504,105.8756712328767,0,73,2018-09-27 22:00:00
234,486000,0.018310546875,11.647851247457197,15643,11.60887086986628,15681,8504,105.8756712328767,0,74,2018-09-27 23:00:00
235,8929336,-0.255126953125,11.685553484309935,15615,24.975514593786784,8504,6689,278.09312328767123,0,75,2019-01-03 16:22:16
236,1267200,0.00946044921875,10.430511128527712,16578,10.338835012142397,16661,8504,106.20495890410959,0,89,2018-10-07 00:00:00
237,1270800,0.0091552734375,10.326180117119577,16661,10.261320931012278,16723,8504,106.1468493150685,0,88,2018-10-07 01:00:00
238,1274400,0.008544921875,10.216197504153172,16749,10.14441206194249,16817,8504,106.1274794520548,0,89,2018-10-07 02:00:00
239,1278000,0.0091552734375,10.116773030705644,16829,10.027001500636175,16912,8504,105.9918904109589,0,90,2018-10-07 03:00:00
240,1281600,0.0091552734375,10.004318694231472,16920,9.866305680102641,17043,8504,106.22432876712328,0,90,2018-10-07 04:00:00
241,1285200,0.0091552734375,9.744941127796324,17132,9.648953610175397,17222,8504,105.93378082191781,0,90,2018-10-07 05:00:00
242,1288800,0.0091552734375,9.480743486082588,17351,9.399546878811691,17430,8504,105.93378082191781,0,90,2018-10-07 06:00:00
243,1292400,0.00946044921875,9.397082826980807,17421,9.2855588307836,17526,8504,105.89504109589042,0,90,2018-10-07 07:00:00
244,1296000,0.00946044921875,8.993677185773322,17763,9.029289207163401,17744,8504,105.93378082191781,0,90,2018-10-07 08:00:00
245,1299600,0.0103759765625,8.875043276013912,17865,8.917553321526157,17840,8504,105.93378082191781,0,90,2018-10-07 09:00:00
246,1303200,0.01129150390625,8.571475512753295,18129,8.786891038183455,17953,8504,105.89504109589042,0,91,2018-10-07 10:00:00
247,1306800,0.01129150390625,8.4475779315855,18238,8.65142723278791,18071,8504,105.93378082191781,0,91,2018-10-07 11:00:00
248,1310400,0.01129150390625,8.592015800518595,18111,8.736262774133365,17997,8504,105.93378082191781,0,90,2018-10-07 12:00:00
249,1314000,0.01190185546875,8.821789354791747,17911,8.861937773156399,17888,8504,105.91441095890411,0,90,2018-10-07 13:00:00
250,1317600,0.0128173828125,8.84608192641025,17890,8.889724614766408,17864,8504,105.93378082191781,0,90,2018-10-07 14:00:00
251,1321200,0.013427734375,8.887800634525604,17854,8.886248972519752,17867,8504,105.93378082191781,0,90,2018-10-07 15:00:00
252,1324800,0.01373291015625,8.958705918722217,17793,8.971009133291318,17794,8504,105.93378082191781,0,91,2018-10-07 16:00:00
253,1328400,0.01434326171875,8.96802513723253,17785,8.951235703291502,17811,8504,105.93378082191781,0,90,2018-10-07 17:00:00
255,1900800,6.97601318359375,3.7096565579137177,23011,3.716623089835821,23024,8504,105.8756712328767,0,0,2018-10-14 08:00:00
256,1904400,6.97784423828125,3.7044149919385063,23017,3.7113910325107895,23030,8504,105.8756712328767,0,0,2018-10-14 09:00:00
257,1908000,6.97021484375,3.6974286096239553,23025,3.7044173269941325,23038,8504,105.8756712328767,0,0,2018-10-14 10:00:00
258,1911600,6.966552734375,3.6956824374652797,23027,3.70180288563364,23041,8504,105.8756712328767,0,0,2018-10-14 11:00:00
259,1915200,6.9525146484375,3.693936434612283,23029,3.70180288563364,23041,8504,105.8756712328767,0,0,2018-10-14 12:00:00
260,1918800,6.944580078125,3.6974286096239553,23025,3.7044173269941325,23038,8504,105.8756712328767,0,1,2018-10-14 13:00:00
261,1922400,6.932373046875,3.7087828576350717,23012,3.7148789013137957,23026,8504,105.8756712328767,0,2,2018-10-14 14:00:00
262,1926000,6.9287109375,3.719270059508176,23000,3.725346574904279,23014,8504,105.8756712328767,0,2,2018-10-14 15:00:00
263,1929600,6.9329833984375,3.7420133006755236,22974,3.7480474904793937,22988,8504,105.8756712328767,0,0,2018-10-14 16:00:00
264,1933200,6.95037841796875,3.706162011093454,23015,3.7131348822157975,23028,8504,105.8756712328767,0,2,2018-10-14 17:00:00
265,1936800,6.968994140625,3.693063496665559,23030,3.7000601362204293,23043,8504,105.8756712328767,0,3,2018-10-14 18:00:00
266,1940400,6.98455810546875,3.7017947809371776,23020,3.708775575496418,23033,8504,105.8756712328767,0,2,2018-10-14 19:00:00
267,1944000,7.0050048828125,3.730638090280763,22987,3.7366934453299336,23001,8504,105.8756712328767,0,2,2018-10-14 20:00:00
268,1947600,7.0159912109375,3.7297633715872394,22988,3.7358203545292668,23002,8504,105.8756712328767,0,1,2018-10-14 21:00:00
269,1951200,7.02056884765625,3.716647686472527,23003,3.7236015387917973,23016,8504,105.8756712328767,0,0,2018-10-14 22:00:00
270,1954800,7.02056884765625,3.715773646972991,23004,3.7227290843302967,23017,8504,105.8756712328767,0,1,2018-10-14 23:00:00
271,1958400,7.01385498046875,3.716647686472527,23003,3.7236015387917973,23016,8504,105.8756712328767,0,0,2018-10-15 00:00:00
272,1962000,7.0068359375,3.7201442687120903,22999,3.7270917806288253,23012,8504,105.8756712328767,0,0,2018-10-15 01:00:00
274,1126800,0.006103515625,10.170147776646786,16786,10.033162550700354,16907,8504,105.89504109589042,0,92,2018-10-05 09:00:00
275,1130400,0.0054931640625,10.142820675993107,16808,9.96304737648785,16964,8504,105.89504109589042,0,92,2018-10-05 10:00:00
276,1134000,0.00579833984375,10.216197504153172,16749,10.075111938385021,16873,8504,105.89504109589042,0,93,2018-10-05 11:00:00
277,1137600,0.0054931640625,10.234898754733535,16734,10.097358821777277,16855,8504,105.89504109589042,0,94,2018-10-05 12:00:00
278,1141200,0.00518798828125,10.25486744468418,16718,10.099832341781962,16853,8504,105.89504109589042,0,92,2018-10-05 13:00:00
279,1144800,0.0042724609375,10.239888923415776,16730,10.04549078120931,16897,8504,105.89504109589042,0,89,2018-10-05 14:00:00
280,1148400,0.0048828125,10.168904766391734,16787,9.97287215633753,16956,8504,105.89504109589042,0,92,2018-10-05 15:00:00
281,1152000,0.00335693359375,10.195025398941311,16766,9.956909526389154,16969,8504,105.89504109589042,0,91,2018-10-05 16:00:00
282,1155600,0.00396728515625,10.284860616966228,16694,10.086232052376317,16864,8504,105.91441095890411,0,91,2018-10-05 17:00:00
283,1159200,0.00335693359375,10.322420015696537,16664,10.150612150839663,16812,8504,105.9725205479452,0,91,2018-10-05 18:00:00
284,1162800,0.00274658203125,10.393991809279214,16607,10.192827657713394,16778,8504,106.0887397260274,0,93,2018-10-05 19:00:00
285,1166400,0.001220703125,10.131652942419521,16817,10.055359256468648,16889,8504,106.34054794520549,0,92,2018-10-05 20:00:00
286,1170000,0.00091552734375,10.108098564472414,16836,9.893195820404117,17021,8504,106.35991780821918,0,91,2018-10-05 21:00:00
287,1173600,0.0018310546875,10.703507914687293,16363,10.438072873721183,16582,8504,106.24369863013699,0,91,2018-10-05 22:00:00
288,1177200,0.00244140625,10.703507914687293,16363,10.617789827368938,16440,8504,106.97975342465753,0,91,2018-10-05 23:00:00
289,1180800,0.0018310546875,10.489849717086713,16531,10.686590211149507,16386,8504,108.14194520547944,0,93,2018-10-06 00:00:00
290,1184400,0.00244140625,10.436814788943366,16573,11.00456298518634,16139,8504,115.56060273972604,0,91,2018-10-06 01:00:00
291,1188000,0.00335693359375,10.390218022820363,16610,10.630511502740205,16430,8504,106.59235616438357,0,90,2018-10-06 02:00:00
293,3657600,6.9744873046875,3.7472658216981927,22968,3.7550381650602844,22980,8504,105.8756712328767,0,2,2018-11-03 16:00:00
294,3661200,6.97357177734375,3.751644092849517,22963,3.7594087189819447,22975,8504,105.8756712328767,0,0,2018-11-03 17:00:00
295,3664800,6.9683837890625,3.7612800368804074,22952,3.768153019032013,22965,8504,105.8756712328767,0,0,2018-11-03 18:00:00
296,3668400,6.9647216796875,3.7647852948724108,22948,3.7716519315081314,22961,8504,105.8756712328767,0,0,2018-11-03 19:00:00
297,3672000,6.96136474609375,3.768291235047627,22944,3.775151525766205,22957,8504,105.8756712328767,0,0,2018-11-03 20:00:00
298,3675600,6.968994140625,3.7709211380138186,22941,3.778651802058903,22953,8504,105.8756712328767,0,0,2018-11-03 21:00:00
299,3679200,6.9781494140625,3.7726746199718946,22939,3.7795269777295744,22952,8504,105.8756712328767,0,1,2018-11-03 22:00:00
300,3682800,6.99615478515625,3.766538179671329,22946,3.774276563270803,22958,8504,105.8756712328767,0,0,2018-11-03 23:00:00
301,3686400,7.0135498046875,3.7621562874375627,22951,3.769902390063123,22963,8504,105.8756712328767,0,1,2018-11-04 00:00:00
302,3690000,7.020263671875,3.7595276636243398,22954,3.7672783974119284,22966,8504,105.8756712328767,0,1,2018-11-04 01:00:00
303,3693600,7.02392578125,3.757775460819289,22956,3.7655292819425767,22968,8504,105.8756712328767,0,1,2018-11-04 02:00:00
304,3697200,7.0184326171875,3.755147476138859,22959,3.7629059281071022,22971,8504,105.8756712328767,0,1,2018-11-04 03:00:00
305,3700800,7.00927734375,3.7533956993237894,22961,3.760282957419065,22974,8504,105.8756712328767,0,1,2018-11-04 04:00:00
306,3704400,7.0001220703125,3.7525198747960076,22962,3.760282957419065,22974,8504,105.8756712328767,0,2,2018-11-04 05:00:00
307,3708000,6.97784423828125,3.765661715951694,22947,3.7734016433985857,22959,8504,105.8756712328767,0,0,2018-11-04 06:00:00
308,3711600,6.96807861328125,3.7726746199718946,22939,3.7795269777295744,22952,8504,105.8756712328767,0,1,2018-11-04 07:00:00
309,3715200,6.97052001953125,3.777936090100127,22933,3.784778927477248,22946,8504,105.8756712328767,0,0,2018-11-04 08:00:00
310,3718800,6.9683837890625,3.783199097274121,22927,3.790032413367271,22940,8504,105.8756712328767,0,1,2018-11-04 09:00:00
312,3024000,6.9842529296875,3.7393876144267324,22977,3.7463002469632443,22990,8504,105.8756712328767,0,0,2018-10-27 08:00:00
313,3027600,6.9696044921875,3.7376373695453253,22979,3.7454266889528753,22991,8504,105.8756712328767,0,2,2018-10-27 09:00:00
314,3031200,6.95648193359375,3.7367623108781913,22980,3.7445531734357473,22992,8504,105.8756712328767,0,0,2018-10-27 10:00:00
315,3034800,6.9439697265625,3.735887294721522,22981,3.743679700407995,22993,8504,105.8756712328767,0,0,2018-10-27 11:00:00
316,3038400,6.9354248046875,3.7402628006489067,22976,3.7471738474707763,22989,8504,105.8756712328767,0,2,2018-10-27 12:00:00
317,3042000,6.93450927734375,3.7420133006755236,22974,3.7489211759930754,22987,8504,105.8756712328767,0,0,2018-10-27 13:00:00
318,3045600,6.9451904296875,3.7411380293971206,22975,3.7489211759930754,22987,8504,105.8756712328767,0,0,2018-10-27 14:00:00
319,3049200,6.95709228515625,3.7376373695453253,22979,3.7445531734357473,22992,8504,105.8756712328767,0,0,2018-10-27 15:00:00
320,3052800,6.9781494140625,3.735012321071281,22982,3.742806269865582,22994,8504,105.8756712328767,0,0,2018-10-27 16:00:00
321,3056400,6.99859619140625,3.733262501274794,22984,3.740186233111558,22997,8504,105.8756712328767,0,1,2018-10-27 17:00:00
322,3060000,7.01080322265625,3.731512851457296,22986,3.738439754297076,22999,8504,105.8756712328767,0,0,2018-10-27 18:00:00
323,3063600,7.01812744140625,3.72713947036533,22991,3.7349473061787535,23003,8504,105.8756712328767,0,0,2018-10-27 19:00:00
324,3067200,7.0220947265625,3.7201442687120903,22999,3.7279644471053643,23011,8504,105.8756712328767,0,0,2018-10-27 20:00:00
325,3070800,7.0257568359375,3.7201442687120903,22999,3.7270917806288253,23012,8504,105.8756712328767,0,0,2018-10-27 21:00:00
326,3074400,7.02362060546875,3.7227671509550078,22996,3.729709907306699,23009,8504,105.8756712328767,0,0,2018-10-27 22:00:00
327,3078000,7.012939453125,3.7236415299260557,22995,3.7305827010393386,23008,8504,105.8756712328767,0,1,2018-10-27 23:00:00
328,3081600,6.99554443359375,3.7245159513486783,22994,3.7314555371984284,23007,8504,105.8756712328767,0,0,2018-10-28 00:00:00
329,3085200,6.990966796875,3.72801406163353,22990,3.7358203545292668,23002,8504,105.8756712328767,0,0,2018-10-28 01:00:00
330,3088800,6.98974609375,3.730638090280763,22987,3.737566578584506,23000,8504,105.8756712328767,0,0,2018-10-28 02:00:00
332,1054800,-0.0048828125,9.265188936638651,17532,9.20288282458182,17596,8504,106.61172602739727,0,82,2018-10-04 13:00:00
333,1058400,-0.00396728515625,9.325672475592626,17481,9.195813467561663,17602,8504,106.61172602739727,0,82,2018-10-04 14:00:00
334,1062000,-0.00396728515625,9.29599905081335,17506,9.154629304681464,17637,8504,106.61172602739727,0,82,2018-10-04 15:00:00
335,1065600,-0.0030517578125,9.247437113481965,17547,9.114709445167705,17671,8504,106.61172602739727,0,82,2018-10-04 16:00:00
336,1069200,-0.00244140625,9.0989887245442,17673,8.924517053694046,17834,8504,107.7351780821918,0,82,2018-10-04 17:00:00
337,1072800,-0.001220703125,9.344688393553895,17465,9.07487557218036,17705,8504,112.65512328767124,0,82,2018-10-04 18:00:00
338,1076400,0.00030517578125,9.3197339941608,17486,9.072535073447625,17707,8504,120.92605479452055,0,82,2018-10-04 19:00:00
339,1080000,0.001220703125,9.278217742534707,17521,9.101812623240335,17682,8504,133.12906849315067,0,83,2018-10-04 20:00:00
340,1083600,0.0018310546875,10.09818982956051,16844,9.586286620941053,17274,8504,135.06605479452054,0,83,2018-10-04 21:00:00
341,1087200,0.00274658203125,11.026040029101182,16113,10.124585657111027,16833,8504,167.20065753424657,0,82,2018-10-04 22:00:00
342,1090800,0.003662109375,11.198604766089659,15981,10.320051982699852,16676,8504,107.17345205479452,0,91,2018-10-04 23:00:00
343,1094400,0.003662109375,11.513814632232311,15743,10.389015932628922,16621,8504,106.45676712328768,0,91,2018-10-05 00:00:00
344,1098000,0.00396728515625,11.49512560288565,15757,10.563185326956102,16483,8504,106.78605479452054,0,91,2018-10-05 01:00:00
345,1101600,0.00457763671875,11.290765073519253,15911,10.667453518741013,16401,8504,106.26306849315068,0,91,2018-10-05 02:00:00
346,1105200,0.0048828125,11.066424038702849,16082,10.535309874219308,16505,8504,106.06936986301369,0,92,2018-10-05 03:00:00
347,1108800,0.00457763671875,10.77784160390138,16305,10.391528532154268,16619,8504,105.91441095890411,0,92,2018-10-05 04:00:00
348,1112400,0.0042724609375,10.660069979961918,16397,10.27754715668118,16710,8504,105.89504109589042,0,92,2018-10-05 05:00:00
349,1116000,0.00518798828125,10.48352813169106,16536,10.223929708713797,16753,8504,105.89504109589042,0,92,2018-10-05 06:00:00
350,1119600,0.00579833984375,10.414131564710942,16591,10.212726979296065,16762,8504,105.89504109589042,0,92,2018-10-05 07:00:00
352,3164400,7.0123291015625,3.72713947036533,22991,3.7349473061787535,23003,8504,105.8756712328767,0,1,2018-10-28 23:00:00
353,3168000,7.01202392578125,3.72801406163353,22990,3.7358203545292668,23002,8504,105.8756712328767,0,0,2018-10-29 00:00:00
354,3171600,6.9891357421875,3.731512851457296,22986,3.738439754297076,22999,8504,105.8756712328767,0,2,2018-10-29 01:00:00
355,3175200,6.9940185546875,3.735012321071281,22982,3.742806269865582,22994,8504,105.8756712328767,0,0,2018-10-29 02:00:00
356,3178800,7.0013427734375,3.734137389923717,22983,3.7410595362213144,22996,8504,105.8756712328767,0,0,2018-10-29 03:00:00
357,3182400,6.98883056640625,3.734137389923717,22983,3.7410595362213144,22996,8504,105.8756712328767,0,1,2018-10-29 04:00:00
358,3186000,7.0062255859375,3.734137389923717,22983,3.741932881804644,22995,8504,105.8756712328767,0,1,2018-10-29 05:00:00
359,3189600,6.99615478515625,3.734137389923717,22983,3.741932881804644,22995,8504,105.8756712328767,0,0,2018-10-29 06:00:00
360,3193200,7.0086669921875,3.73238765512059,22985,3.739312972471339,22998,8504,105.8756712328767,0,2,2018-10-29 07:00:00
361,3196800,7.001953125,3.730638090280763,22987,3.737566578584506,23000,8504,105.8756712328767,0,0,2018-10-29 08:00:00
362,3200400,6.9940185546875,3.7297633715872394,22988,3.7366934453299336,23001,8504,105.8756712328767,0,1,2018-10-29 09:00:00
363,3204000,6.978759765625,3.7297633715872394,22988,3.7366934453299336,23001,8504,105.8756712328767,0,0,2018-10-29 10:00:00
364,3207600,6.96624755859375,3.730638090280763,22987,3.737566578584506,23000,8504,105.8756712328767,0,1,2018-10-29 11:00:00
365,3211200,6.95220947265625,3.730638090280763,22987,3.738439754297076,22999,8504,105.8756712328767,0,1,2018-10-29 12:00:00
366,3214800,6.93572998046875,3.73238765512059,22985,3.740186233111558,22997,8504,105.8756712328767,0,1,2018-10-29 13:00:00
367,3218400,6.94732666015625,3.734137389923717,22983,3.741932881804644,22995,8504,105.8756712328767,0,0,2018-10-29 14:00:00
368,3222000,6.94732666015625,3.735012321071281,22982,3.741932881804644,22995,8504,105.8756712328767,0,0,2018-10-29 15:00:00
369,3225600,6.95281982421875,3.7367623108781913,22980,3.743679700407995,22993,8504,105.8756712328767,0,0,2018-10-29 16:00:00
370,3229200,6.964111328125,3.745514811168732,22970,3.7515424876037287,22984,8504,105.8756712328767,0,1,2018-10-29 17:00:00
372,3798000,6.98333740234375,3.7858311775202083,22924,3.7926597326326714,22937,8504,105.8756712328767,0,0,2018-11-05 07:00:00
373,3801600,6.96136474609375,3.7910964918648915,22918,3.798791639154672,22930,8504,105.8756712328767,0,0,2018-11-05 08:00:00
374,3805200,6.9598388671875,3.804266513525988,22903,3.811938491691251,22915,8504,105.8756712328767,0,0,2018-11-05 09:00:00
375,3808800,6.962890625,3.804266513525988,22903,3.8110617354494707,22916,8504,105.8756712328767,0,1,2018-11-05 10:00:00
376,3812400,6.97021484375,3.798119305424052,22910,3.805802096439095,22922,8504,105.8756712328767,0,0,2018-11-05 11:00:00
377,3816000,6.98486328125,3.7867086230595532,22923,3.7944114923341203,22935,8504,105.8756712328767,0,0,2018-11-05 12:00:00
378,3819600,6.99798583984375,3.7840764146314996,22926,3.791783916843258,22938,8504,105.8756712328767,0,1,2018-11-05 13:00:00
379,3823200,7.00286865234375,3.7893412161052424,22920,3.7970394522523634,22932,8504,105.8756712328767,0,0,2018-11-05 14:00:00
380,3826800,7.01202392578125,3.7858311775202083,22924,3.793535591128318,22936,8504,105.8756712328767,0,3,2018-11-05 15:00:00
381,3830400,7.00927734375,3.780567401503106,22930,3.788281080668696,22942,8504,105.8756712328767,0,0,2018-11-05 16:00:00
382,3834000,7.00714111328125,3.778813151200154,22932,3.786529918715928,22944,8504,105.8756712328767,0,2,2018-11-05 17:00:00
383,3837600,6.9964599609375,3.781444590713818,22929,3.788281080668696,22942,8504,105.8756712328767,0,0,2018-11-05 18:00:00
384,3841200,7.00164794921875,3.7858311775202083,22924,3.7926597326326714,22937,8504,105.8756712328767,0,1,2018-11-05 19:00:00
385,3844800,6.971435546875,3.7875861113342353,22922,3.7944114923341203,22935,8504,105.8756712328767,0,1,2018-11-05 20:00:00
386,3848400,6.98974609375,3.7867086230595532,22923,3.7944114923341203,22935,8504,105.8756712328767,0,2,2018-11-05 21:00:00
387,3852000,6.9635009765625,3.7884636423481766,22921,3.796163422892164,22933,8504,105.8756712328767,0,0,2018-11-05 22:00:00
388,3855600,6.96990966796875,3.7893412161052424,22920,3.7970394522523634,22932,8504,105.8756712328767,0,3,2018-11-05 23:00:00
389,3859200,6.9873046875,3.7875861113342353,22922,3.795287436254057,22934,8504,105.8756712328767,0,0,2018-11-06 00:00:00
390,3862800,6.99188232421875,3.783199097274121,22927,3.7909081437560985,22939,8504,105.8756712328767,0,0,2018-11-06 01:00:00
392,633600,0.00244140625,9.456801963010264,17371,9.521432779392228,17328,8504,105.8756712328767,0,77,2018-09-29 16:00:00
393,637200,0.00274658203125,9.272294423971175,17526,9.26899405621424,17540,8504,105.8756712328767,0,77,2018-09-29 17:00:00
394,640800,0.00335693359375,9.194283331316171,17592,9.321104769913461,17496,8504,106.32117808219178,0,77,2018-09-29 18:00:00
395,644400,0.003662109375,9.237976414619311,17555,9.372173255853909,17453,8504,105.8756712328767,0,77,2018-09-29 19:00:00
396,648000,0.0048828125,9.269925625861958,17528,9.394783341542109,17434,8504,105.8756712328767,0,78,2018-09-29 20:00:00
397,651600,0.00579833984375,9.587658968696473,17262,9.455610394798612,17383,8504,109.1104383561644,0,78,2018-09-29 21:00:00
398,655200,0.0067138671875,10.157721401624485,16796,9.711833058528157,17170,8504,109.71090410958904,0,78,2018-09-29 22:00:00
399,658800,0.00762939453125,10.711183919362838,16357,10.067702222775324,16879,8504,107.83202739726029,0,78,2018-09-29 23:00:00
400,662400,0.008544921875,11.23673052666578,15952,10.40912622750784,16605,8504,108.25816438356163,0,77,2018-09-30 00:00:00
401,666000,0.008544921875,11.897004110604087,15459,10.780003400693715,16313,8504,109.14917808219178,0,77,2018-09-30 01:00:00
402,669600,0.00946044921875,12.170234130173469,15260,11.141390702574483,16034,8504,108.31627397260274,0,77,2018-09-30 02:00:00
403,673200,0.01007080078125,12.238124340910872,15211,11.34654438915021,15878,8504,108.56808219178082,0,77,2018-09-30 03:00:00
404,676800,0.01007080078125,12.006369232853046,15379,11.390232003095491,15845,8504,106.26306849315068,0,77,2018-09-30 04:00:00
405,680400,0.0103759765625,11.742249011527065,15573,11.330683229262092,15890,8504,105.89504109589042,0,77,2018-09-30 05:00:00
406,684000,0.0103759765625,11.610224499054652,15671,11.256841707091837,15946,8504,105.91441095890411,0,77,2018-09-30 06:00:00
407,687600,0.009765625,11.445822529043141,15794,11.178047866783288,16006,8504,105.8756712328767,0,77,2018-09-30 07:00:00
408,691200,0.00946044921875,11.33701560795322,15876,11.106110655655186,16061,8504,105.8756712328767,0,78,2018-09-30 08:00:00
409,694800,0.0091552734375,11.214371541264029,15969,11.05917392836335,16097,8504,105.8756712328767,0,78,2018-09-30 09:00:00
410,698400,0.008544921875,11.052084261492666,16093,10.974724492178325,16162,8504,105.8756712328767,0,78,2018-09-30 10:00:00
412,2390400,6.97265625,3.735012321071281,22982,3.741932881804644,22995,8504,105.8756712328767,0,1,2018-10-20 00:00:00
413,2394000,6.98028564453125,3.7393876144267324,22977,3.7463002469632443,22990,8504,105.8756712328767,0,0,2018-10-20 01:00:00
414,2397600,6.98150634765625,3.735887294721522,22981,3.742806269865582,22994,8504,105.8756712328767,0,0,2018-10-20 02:00:00
415,2401200,6.98211669921875,3.7411380293971206,22975,3.7480474904793937,22988,8504,105.8756712328767,0,0,2018-10-20 03:00:00
416,2404800,6.9744873046875,3.735887294721522,22981,3.742806269865582,22994,8504,105.8756712328767,0,0,2018-10-20 04:00:00
417,2408400,6.9696044921875,3.7288886953728024,22989,3.7358203545292668,23002,8504,105.8756712328767,0,0,2018-10-20 05:00:00
418,2412000,6.95831298828125,3.7376373695453253,22979,3.7454266889528753,22991,8504,105.8756712328767,0,0,2018-10-20 06:00:00
419,2415600,6.9500732421875,3.7402628006489067,22976,3.7471738474707763,22989,8504,105.8756712328767,0,0,2018-10-20 07:00:00
420,2419200,6.9451904296875,3.734137389923717,22983,3.741932881804644,22995,8504,105.8756712328767,0,0,2018-10-20 08:00:00
421,2422800,6.94732666015625,3.72801406163353,22990,3.7349473061787535,23003,8504,105.8756712328767,0,0,2018-10-20 09:00:00
422,2426400,6.94793701171875,3.7245159513486783,22994,3.732328415788004,23006,8504,105.8756712328767,0,0,2018-10-20 10:00:00
423,2430000,6.95404052734375,3.7236415299260557,22995,3.7314555371984284,23007,8504,105.8756712328767,0,0,2018-10-20 11:00:00
424,2433600,6.9561767578125,3.7236415299260557,22995,3.7305827010393386,23008,8504,105.8756712328767,0,0,2018-10-20 12:00:00
425,2437200,6.96807861328125,3.7245159513486783,22994,3.7314555371984284,23007,8504,105.8756712328767,0,0,2018-10-20 13:00:00
426,2440800,6.9647216796875,3.7245159513486783,22994,3.7314555371984284,23007,8504,105.8756712328767,0,0,2018-10-20 14:00:00
427,2444400,6.95831298828125,3.7245159513486783,22994,3.7314555371984284,23007,8504,105.8756712328767,0,0,2018-10-20 15:00:00
428,2448000,6.96197509765625,3.7245159513486783,22994,3.7314555371984284,23007,8504,105.8756712328767,0,0,2018-10-20 16:00:00
429,2451600,6.95404052734375,3.7245159513486783,22994,3.7314555371984284,23007,8504,105.8756712328767,0,0,2018-10-20 17:00:00
430,2455200,6.953125,3.7245159513486783,22994,3.7314555371984284,23007,8504,105.8756712328767,0,0,2018-10-20 18:00:00
432,1407600,0.013427734375,9.204901910369244,17583,9.058498299692815,17719,8504,105.9531506849315,0,91,2018-10-08 15:00:00
433,1411200,0.01190185546875,9.215526571481576,17574,9.054990770827828,17722,8504,105.9531506849315,0,91,2018-10-08 16:00:00
434,1414800,0.010986328125,9.047428317825336,17717,8.900155467296202,17855,8504,105.9531506849315,0,91,2018-10-08 17:00:00
435,1418400,0.01129150390625,8.879681298619118,17861,8.76846468890625,17969,8504,105.9725205479452,0,91,2018-10-08 18:00:00
436,1422000,0.010986328125,8.486135815960495,18204,8.472720223976637,18228,8504,106.16621917808219,0,90,2018-10-08 19:00:00
437,1425600,0.010986328125,8.662940844300465,18049,8.491987242155972,18211,8504,106.51487671232877,0,91,2018-10-08 20:00:00
438,1429200,0.01007080078125,8.612578933132738,18093,8.645709146740444,18076,8504,107.5027397260274,0,91,2018-10-08 21:00:00
439,1432800,0.0091552734375,8.691616779833623,18024,8.600028162931608,18116,8504,107.5414794520548,0,91,2018-10-08 22:00:00
440,1436400,0.008544921875,8.772146674228907,17954,8.634278289607039,18086,8504,107.23156164383562,0,91,2018-10-08 23:00:00
441,1440000,0.00732421875,8.781372445823934,17946,8.66057985883242,18063,8504,106.66983561643835,0,91,2018-10-09 00:00:00
442,1443600,0.0054931640625,8.75486073908661,17969,8.65943553220427,18064,8504,106.47613698630137,0,91,2018-10-09 01:00:00
443,1447200,0.00518798828125,8.866929530805805,17872,8.765011795238706,17972,8504,106.53424657534246,0,91,2018-10-09 02:00:00
444,1450800,0.003662109375,8.921475857672135,17825,8.822644513059288,17922,8504,106.32117808219178,0,91,2018-10-09 03:00:00
445,1454400,0.003662109375,8.94589964334483,17804,8.864251747193123,17886,8504,106.05,0,91,2018-10-09 04:00:00
446,1458000,0.00335693359375,9.04274811242226,17721,8.950073219062801,17812,8504,105.9531506849315,0,90,2018-10-09 05:00:00
447,1461600,0.00213623046875,9.10368315335802,17669,9.003623330188361,17766,8504,105.9531506849315,0,90,2018-10-09 06:00:00
448,1465200,0.00213623046875,9.12717314379097,17649,9.015285219946065,17756,8504,105.9531506849315,0,91,2018-10-09 07:00:00
449,1468800,0.00244140625,9.086085171385207,17684,8.98963876879418,17778,8504,105.9531506849315,0,91,2018-10-09 08:00:00
450,1472400,0.00274658203125,9.640744125925039,17218,9.538224963113066,17314,8504,106.53424657534246,0,78,2018-10-09 09:00:00
452,212400,0.02960205078125,11.350251016463915,15866,10.995476658769007,16146,8504,105.8756712328767,0,77,2018-09-24 19:00:00
453,216000,0.03021240234375,11.838481924024393,15502,11.406143717836812,15833,8504,105.8756712328767,0,77,2018-09-24 20:00:00
454,219600,0.030517578125,12.184069428103157,15250,11.720503235745412,15598,8504,105.8756712328767,0,77,2018-09-24 21:00:00
455,223200,0.02960205078125,12.297903556838605,15168,11.864042764149076,15492,8504,105.8756712328767,0,77,2018-09-24 22:00:00
456,226800,0.02960205078125,12.208998587881979,15232,11.915768828554633,15454,8504,105.8756712328767,0,77,2018-09-24 23:00:00
457,230400,0.02960205078125,12.073670457803587,15330,11.779952436582107,15554,8504,105.8756712328767,0,77,2018-09-25 00:00:00
458,234000,0.0286865234375,11.981706621983676,15397,11.781305746617022,15553,8504,105.8756712328767,0,80,2018-09-25 01:00:00
459,237600,0.0286865234375,11.944773180930156,15424,11.821950500855962,15523,8504,105.8756712328767,0,79,2018-09-25 02:00:00
460,241200,0.0286865234375,12.042050132060183,15353,12.010058292011479,15385,8504,105.8756712328767,0,76,2018-09-25 03:00:00
461,244800,0.0286865234375,12.167468289052863,15262,12.183469634541439,15259,8505,105.8756712328767,0,78,2018-09-25 04:00:00
462,248400,0.02777099609375,12.37604073872734,15112,12.399010312602229,15104,8504,105.8756712328767,0,77,2018-09-25 05:00:00
463,252000,0.0274658203125,12.56433591081526,14978,12.597249776040258,14963,8505,105.8756712328767,0,77,2018-09-25 06:00:00
464,255600,0.028076171875,12.687600318949592,14891,12.759067317177937,14849,8505,105.8756712328767,0,78,2018-09-25 07:00:00
465,259200,0.02838134765625,12.730292439674145,14861,12.830480328254396,14799,8505,105.8756712328767,0,77,2018-09-25 08:00:00
466,262800,0.02899169921875,12.72317038565052,14866,12.85338969719561,14783,8505,105.8756712328767,0,76,2018-09-25 09:00:00
467,266400,0.0299072265625,12.831716256535742,14790,12.907911165178234,14745,8504,105.8756712328767,0,79,2018-09-25 10:00:00
468,270000,0.02960205078125,12.877606855403144,14758,12.984218199566385,14692,8505,105.8756712328767,0,79,2018-09-25 11:00:00
469,273600,0.02960205078125,12.883351016968675,14754,12.991432919993542,14687,8505,105.8756712328767,0,79,2018-09-25 12:00:00
470,277200,0.02899169921875,12.945211158466009,14711,13.020319394421563,14667,8505,105.8756712328767,0,75,2018-09-25 13:00:00
472,2955600,6.91558837890625,3.7236415299260557,22995,3.7305827010393386,23008,8503,105.8756712328767,0,1,2018-10-26 13:00:00
473,2959200,6.92535400390625,3.7253904152269115,22993,3.732328415788004,23006,8504,105.8756712328767,0,0,2018-10-26 14:00:00
474,2962800,6.93695068359375,3.7245159513486783,22994,3.732328415788004,23006,8504,105.8756712328767,0,2,2018-10-26 15:00:00
475,2966400,6.971435546875,3.7218928144316124,22997,3.7288371559967004,23010,8504,105.8756712328767,0,4,2018-10-26 16:00:00
476,2970000,6.9696044921875,3.7175217683923165,23002,3.725346574904279,23014,8504,105.8756712328767,0,0,2018-10-26 17:00:00
477,2973600,6.9976806640625,3.716647686472527,23003,3.7236015387917973,23016,8504,105.8756712328767,0,0,2018-10-26 18:00:00
478,2977200,6.99310302734375,3.719270059508176,23000,3.7262191565630474,23013,8504,105.8756712328767,0,1,2018-10-26 19:00:00
479,2980800,7.00531005859375,3.7236415299260557,22995,3.7305827010393386,23008,8504,105.8756712328767,0,1,2018-10-26 20:00:00
480,2984400,7.0037841796875,3.7253904152269115,22993,3.732328415788004,23006,8504,105.8756712328767,0,1,2018-10-26 21:00:00
481,2988000,7.001953125,3.7297633715872394,22988,3.7366934453299336,23001,8504,105.8756712328767,0,2,2018-10-26 22:00:00
482,2991600,6.98699951171875,3.731512851457296,22986,3.738439754297076,22999,8504,105.8756712328767,0,0,2018-10-26 23:00:00
483,2995200,6.9805908203125,3.735887294721522,22981,3.742806269865582,22994,8504,105.8756712328767,0,3,2018-10-27 00:00:00
484,2998800,6.96807861328125,3.738512470726903,22978,3.7454266889528753,22991,8504,105.8756712328767,0,0,2018-10-27 01:00:00
485,3002400,6.97662353515625,3.738512470726903,22978,3.7454266889528753,22991,8504,105.8756712328767,0,0,2018-10-27 02:00:00
486,3006000,6.98150634765625,3.7376373695453253,22979,3.7454266889528753,22991,8504,105.8756712328767,0,0,2018-10-27 03:00:00
487,3009600,6.97540283203125,3.738512470726903,22978,3.7454266889528753,22991,8504,105.8756712328767,0,0,2018-10-27 04:00:00
488,3013200,6.99066162109375,3.7376373695453253,22979,3.7445531734357473,22992,8504,105.8756712328767,0,0,2018-10-27 05:00:00
489,3016800,6.9873046875,3.7376373695453253,22979,3.7445531734357473,22992,8504,105.8756712328767,0,0,2018-10-27 06:00:00
490,3020400,6.990966796875,3.738512470726903,22978,3.7454266889528753,22991,8504,104.53915068493151,0,75,2018-10-27 07:00:00
491,1688400,7.001953125,3.6834639711612454,23041,3.690478037319849,23054,8504,105.8756712328767,0,0,2018-10-11 21:00:00
492,1692000,6.99188232421875,3.692190601033417,23031,3.6983175559657866,23045,8504,105.8756712328767,0,0,2018-10-11 22:00:00
493,1695600,6.9793701171875,3.7079091997414366,23013,3.7148789013137957,23026,8504,105.8756712328767,0,0,2018-10-11 23:00:00
494,1699200,6.96319580078125,3.702668142245386,23019,3.7096473521673374,23032,8504,105.8756712328767,0,2,2018-10-12 00:00:00
495,1702800,6.95068359375,3.686954115630556,23037,3.6939618451928595,23050,8504,105.8756712328767,0,0,2018-10-12 01:00:00
496,1706400,6.947021484375,3.6860815160918605,23038,3.6930908298407985,23051,8504,105.8756712328767,0,1,2018-10-12 02:00:00
497,1710000,6.9598388671875,3.686954115630556,23037,3.6939618451928595,23050,8504,105.8756712328767,0,1,2018-10-12 03:00:00
498,1713600,6.9696044921875,3.6860815160918605,23038,3.6930908298407985,23051,8504,105.8756712328767,0,0,2018-10-12 04:00:00
499,1717200,6.97723388671875,3.6852089588367676,23039,3.692219856747272,23052,8504,105.8756712328767,0,0,2018-10-12 05:00:00
500,1720800,6.9854736328125,3.6878267574564916,23036,3.6939618451928595,23050,8504,105.8756712328767,0,0,2018-10-12 06:00:00
501,1724400,6.98394775390625,3.693936434612283,23029,3.7009314897803165,23042,8504,105.8756712328767,0,0,2018-10-12 07:00:00
502,1728000,6.97845458984375,3.7035415459112073,23018,3.7096473521673374,23032,8504,105.8756712328767,0,0,2018-10-12 08:00:00
503,1731600,6.971435546875,3.706162011093454,23015,3.7122629361911095,23029,8504,105.8756712328767,0,0,2018-10-12 09:00:00
504,1735200,6.95465087890625,3.6956824374652797,23027,3.7044173269941325,23038,8504,105.8756712328767,0,0,2018-10-12 10:00:00
505,1738800,6.94000244140625,3.693936434612283,23029,3.7009314897803165,23042,8504,105.8756712328767,0,1,2018-10-12 11:00:00
506,1742400,6.9232177734375,3.693063496665559,23030,3.7000601362204293,23043,8504,105.8756712328767,0,3,2018-10-12 12:00:00
507,1746000,6.9244384765625,3.689572167986171,23034,3.6965751448383912,23047,8504,105.8756712328767,0,0,2018-10-12 13:00:00
508,1749600,6.91558837890625,3.690444936697645,23033,3.69744632926313,23046,8504,105.8756712328767,0,1,2018-10-12 14:00:00
509,1753200,6.9219970703125,3.6913177477121053,23032,3.6983175559657866,23045,8504,105.8756712328767,0,0,2018-10-12 15:00:00
510,32046850,9.96856689453125,1.3136239143818784,25945,,-7591,-4319,278.09312328767123,0,75,2019-09-28 05:54:10
511,2534400,6.99615478515625,3.7044149919385063,23017,3.7113910325107895,23030,8504,105.8756712328767,0,1,2018-10-21 16:00:00
512,2538000,6.97540283203125,3.694809414877568,23028,3.70180288563364,23041,8504,105.8756712328767,0,0,2018-10-21 17:00:00
513,2541600,6.9696044921875,3.694809414877568,23028,3.70180288563364,23041,8504,105.8756712328767,0,0,2018-10-21 18:00:00
514,2545200,6.97052001953125,3.6956824374652797,23027,3.7026743237844926,23040,8504,105.8756712328767,0,0,2018-10-21 19:00:00
515,2548800,6.954345703125,3.6974286096239553,23025,3.7044173269941325,23038,8504,105.8756712328767,0,0,2018-10-21 20:00:00
516,2552400,6.96075439453125,3.700921461982773,23021,3.7070321491368077,23035,8504,105.8756712328767,0,1,2018-10-21 21:00:00
517,2556000,6.96624755859375,3.7079091997414366,23013,3.714006870588719,23027,8504,105.8756712328767,0,0,2018-10-21 22:00:00
518,2559600,6.9708251953125,3.7183958927362255,23001,3.725346574904279,23014,8504,105.8756712328767,0,0,2018-10-21 23:00:00
519,2563200,6.98577880859375,3.719270059508176,23000,3.7262191565630474,23013,8504,105.8756712328767,0,1,2018-10-22 00:00:00
520,2566800,6.9873046875,3.7035415459112073,23018,3.7105191711708017,23031,8504,105.8756712328767,0,0,2018-10-22 01:00:00
521,2570400,7.0013427734375,3.6956824374652797,23027,3.7026743237844926,23040,8504,105.8756712328767,0,0,2018-10-22 02:00:00
522,2574000,7.00592041015625,3.6956824374652797,23027,3.7026743237844926,23040,8504,105.8756712328767,0,0,2018-10-22 03:00:00
523,2577600,6.99951171875,3.693063496665559,23030,3.7009314897803165,23042,8504,105.8756712328767,0,2,2018-10-22 04:00:00
524,2581200,6.9952392578125,3.693936434612283,23029,3.7009314897803165,23042,8504,105.8756712328767,0,0,2018-10-22 05:00:00
525,2584800,6.98974609375,3.692190601033417,23031,3.7000601362204293,23043,8504,105.8756712328767,0,0,2018-10-22 06:00:00
526,2588400,6.9842529296875,3.6913177477121053,23032,3.6991888249502267,23044,8504,105.8756712328767,0,0,2018-10-22 07:00:00
527,2592000,6.9647216796875,3.693063496665559,23030,3.7000601362204293,23043,8504,105.8756712328767,0,1,2018-10-22 08:00:00
528,2595600,6.962890625,3.693936434612283,23029,3.70180288563364,23041,8504,105.8756712328767,0,0,2018-10-22 09:00:00
530,2815200,6.96319580078125,3.7402628006489067,22976,3.7480474904793937,22988,8504,105.8756712328767,0,0,2018-10-24 22:00:00
531,2818800,6.95953369140625,3.7402628006489067,22976,3.7480474904793937,22988,8504,105.8756712328767,0,0,2018-10-24 23:00:00
532,2822400,6.9537353515625,3.7402628006489067,22976,3.7480474904793937,22988,8504,105.8756712328767,0,0,2018-10-25 00:00:00
533,2826000,6.95892333984375,3.7402628006489067,22976,3.7471738474707763,22989,8504,105.8756712328767,0,0,2018-10-25 01:00:00
534,2829600,6.96685791015625,3.7393876144267324,22977,3.7471738474707763,22989,8504,105.8756712328767,0,0,2018-10-25 02:00:00
535,2833200,6.976318359375,3.738512470726903,22978,3.7463002469632443,22990,8504,105.8756712328767,0,0,2018-10-25 03:00:00
536,2836800,6.97998046875,3.738512470726903,22978,3.7454266889528753,22991,8504,105.8756712328767,0,0,2018-10-25 04:00:00
537,2840400,6.97845458984375,3.7367623108781913,22980,3.743679700407995,22993,8504,105.8756712328767,0,0,2018-10-25 05:00:00
538,2844000,6.97540283203125,3.735012321071281,22982,3.742806269865582,22994,8504,105.8756712328767,0,1,2018-10-25 06:00:00
539,2847600,6.97723388671875,3.735012321071281,22982,3.741932881804644,22995,8504,105.8756712328767,0,0,2018-10-25 07:00:00
540,2851200,6.962890625,3.734137389923717,22983,3.741932881804644,22995,8504,105.8756712328767,0,0,2018-10-25 08:00:00
541,2854800,6.942138671875,3.735012321071281,22982,3.741932881804644,22995,8504,105.8756712328767,0,1,2018-10-25 09:00:00
542,2858400,6.9354248046875,3.735887294721522,22981,3.742806269865582,22994,8504,105.8756712328767,0,0,2018-10-25 10:00:00
543,2862000,6.93817138671875,3.734137389923717,22983,3.7410595362213144,22996,8504,105.8756712328767,0,0,2018-10-25 11:00:00
544,2865600,6.93328857421875,3.731512851457296,22986,3.739312972471339,22998,8504,105.8756712328767,0,0,2018-10-25 12:00:00
545,2869200,6.9403076171875,3.730638090280763,22987,3.737566578584506,23000,8504,105.8756712328767,0,0,2018-10-25 13:00:00
546,2872800,6.9488525390625,3.72713947036533,22991,3.7349473061787535,23003,8504,105.8756712328767,0,0,2018-10-25 14:00:00
547,2876400,6.95831298828125,3.72713947036533,22991,3.7349473061787535,23003,8504,105.8756712328767,0,0,2018-10-25 15:00:00
