sampletime,argosid,latitude,longitude,BP,AT,BV,RH,WS,WD,SR,AZ
2019-04-25 13:00:00,28882.0,56.869,164.074,1022.3529411764706,1.6000000000000014,13.0,62.0,2.5,223.06932090921924,0.0,271.07157983905125
2019-04-25 13:10:00,,,,,,,,,,,
2019-04-25 13:20:00,,,,,,,,,,,
2019-04-25 13:30:00,,,,,,,,,,,
2019-04-25 13:40:00,,,,,,,,,,,
2019-04-25 13:50:00,,,,,,,,,,,
2019-04-25 14:00:00,28882.0,56.869,164.074,1023.529411764706,1.7999999999999972,13.0,65.0,3.3,235.7758012141748,0.0,271.07157983905125
2019-04-25 14:10:00,,,,,,,,,,,
2019-04-25 14:20:00,,,,,,,,,,,
2019-04-25 14:30:00,,,,,,,,,,,
2019-04-25 14:40:00,,,,,,,,,,,
2019-04-25 14:50:00,,,,,,,,,,,
2019-04-25 15:00:00,28882.0,56.869,164.074,1023.529411764706,1.7000000000000028,13.0,64.0,2.6,248.48228151913034,0.0,271.07157983905125
2019-04-25 15:10:00,,,,,,,,,,,
2019-04-25 15:20:00,,,,,,,,,,,
2019-04-25 15:30:00,,,,,,,,,,,
2019-04-25 15:40:00,,,,,,,,,,,
2019-04-25 15:50:00,,,,,,,,,,,
2019-04-25 16:00:00,28882.0,56.869,164.06900000000005,1023.529411764706,1.5,13.0,61.0,4.1,310.6028518989129,27.45141100252553,271.07157983905125
2019-04-25 16:10:00,,,,,,,,,,,
2019-04-25 16:20:00,,,,,,,,,,,
2019-04-25 16:30:00,,,,,,,,,,,
2019-04-25 16:40:00,,,,,,,,,,,
2019-04-25 16:50:00,,,,,,,,,,,
2019-04-25 17:00:00,28882.0,56.869,164.06900000000005,1023.529411764706,2.1000000000000014,13.0,62.0,2.2,340.25130594380914,203.14044141868888,271.07157983905125
2019-04-25 17:10:00,,,,,,,,,,,
2019-04-25 17:20:00,,,,,,,,,,,
2019-04-25 17:30:00,,,,,,,,,,,
2019-04-25 17:40:00,,,,,,,,,,,
2019-04-25 17:50:00,,,,,,,,,,,
2019-04-25 18:00:00,28882.0,56.869,164.06900000000005,1024.7058823529412,2.0,13.0,63.0,1.8,288.01355357899195,142.74733721313274,271.07157983905125
2019-04-25 18:10:00,,,,,,,,,,,
2019-04-25 18:20:00,,,,,,,,,,,
2019-04-25 18:30:00,,,,,,,,,,,
2019-04-25 18:40:00,,,,,,,,,,,
2019-04-25 18:50:00,,,,,,,,,,,
2019-04-25 19:00:00,,,,,,,,,,,
2019-04-25 19:10:00,,,,,,,,,,,
2019-04-25 19:20:00,,,,,,,,,,,
2019-04-25 19:30:00,,,,,,,,,,,
2019-04-25 19:40:00,,,,,,,,,,,
2019-04-25 19:50:00,,,,,,,,,,,
2019-04-25 20:00:00,,,,,,,,,,,
2019-04-25 20:10:00,,,,,,,,,,,
2019-04-25 20:20:00,,,,,,,,,,,
2019-04-25 20:30:00,,,,,,,,,,,
2019-04-25 20:40:00,,,,,,,,,,,
2019-04-25 20:50:00,,,,,,,,,,,
2019-04-25 21:00:00,,,,,,,,,,,
2019-04-25 21:10:00,,,,,,,,,,,
2019-04-25 21:20:00,,,,,,,,,,,
2019-04-25 21:30:00,,,,,,,,,,,
2019-04-25 21:40:00,,,,,,,,,,,
2019-04-25 21:50:00,,,,,,,,,,,
2019-04-25 22:00:00,,,,,,,,,,,
2019-04-25 22:10:00,,,,,,,,,,,
2019-04-25 22:20:00,,,,,,,,,,,
2019-04-25 22:30:00,,,,,,,,,,,
2019-04-25 22:40:00,,,,,,,,,,,
2019-04-25 22:50:00,,,,,,,,,,,
2019-04-25 23:00:00,,,,,,,,,,,
2019-04-25 23:10:00,,,,,,,,,,,
2019-04-25 23:20:00,,,,,,,,,,,
2019-04-25 23:30:00,,,,,,,,,,,
2019-04-25 23:40:00,,,,,,,,,,,
2019-04-25 23:50:00,,,,,,,,,,,
2019-04-26 00:00:00,,,,,,,,,,,
2019-04-26 00:10:00,,,,,,,,,,,
2019-04-26 00:20:00,,,,,,,,,,,
2019-04-26 00:30:00,,,,,,,,,,,
2019-04-26 00:40:00,,,,,,,,,,,
2019-04-26 00:50:00,,,,,,,,,,,
2019-04-26 01:00:00,,,,,,,,,,,
2019-04-26 01:10:00,,,,,,,,,,,
2019-04-26 01:20:00,,,,,,,,,,,
2019-04-26 01:30:00,,,,,,,,,,,
2019-04-26 01:40:00,,,,,,,,,,,
2019-04-26 01:50:00,,,,,,,,,,,
2019-04-26 02:00:00,,,,,,,,,,,
2019-04-26 02:10:00,,,,,,,,,,,
2019-04-26 02:20:00,,,,,,,,,,,
2019-04-26 02:30:00,,,,,,,,,,,
2019-04-26 02:40:00,,,,,,,,,,,
2019-04-26 02:50:00,,,,,,,,,,,
2019-04-26 03:00:00,28882.0,56.87050000000001,164.05450000000002,1025.8823529411766,2.700000000000003,14.0,55.0,4.1,9.882818014965407,433.73229383990343,271.07157983905125
2019-04-26 03:10:00,,,,,,,,,,,
2019-04-26 03:20:00,,,,,,,,,,,
2019-04-26 03:30:00,,,,,,,,,,,
2019-04-26 03:40:00,,,,,,,,,,,
2019-04-26 03:50:00,,,,,,,,,,,
2019-04-26 04:00:00,28882.0,56.875,164.07,1025.8823529411766,2.799999999999997,14.0,56.0,4.3,14.118311449950586,285.4946744262656,271.07157983905125
2019-04-26 04:10:00,,,,,,,,,,,
2019-04-26 04:20:00,,,,,,,,,,,
2019-04-26 04:30:00,,,,,,,,,,,
2019-04-26 04:40:00,,,,,,,,,,,
2019-04-26 04:50:00,,,,,,,,,,,
2019-04-26 05:00:00,28882.0,56.875,164.07,1027.0588235294117,2.6000000000000014,14.0,61.0,5.2,11.294649159960468,109.80564401010211,271.07157983905125
2019-04-26 05:10:00,,,,,,,,,,,
2019-04-26 05:20:00,,,,,,,,,,,
2019-04-26 05:30:00,,,,,,,,,,,
2019-04-26 05:40:00,,,,,,,,,,,
2019-04-26 05:50:00,,,,,,,,,,,
2019-04-26 06:00:00,28882.0,56.875,164.075,1027.0588235294117,2.1000000000000014,14.0,64.0,5.1,5.647324579980234,21.961128802020426,271.07157983905125
2019-04-26 06:10:00,,,,,,,,,,,
2019-04-26 06:20:00,,,,,,,,,,,
2019-04-26 06:30:00,,,,,,,,,,,
2019-04-26 06:40:00,,,,,,,,,,,
2019-04-26 06:50:00,,,,,,,,,,,
2019-04-26 07:00:00,,,,,,,,,,,
2019-04-26 07:10:00,,,,,,,,,,,
2019-04-26 07:20:00,,,,,,,,,,,
2019-04-26 07:30:00,,,,,,,,,,,
2019-04-26 07:40:00,,,,,,,,,,,
2019-04-26 07:50:00,,,,,,,,,,,
2019-04-26 08:00:00,,,,,,,,,,,
2019-04-26 08:10:00,,,,,,,,,,,
2019-04-26 08:20:00,,,,,,,,,,,
2019-04-26 08:30:00,,,,,,,,,,,
2019-04-26 08:40:00,,,,,,,,,,,
2019-04-26 08:50:00,,,,,,,,,,,
2019-04-26 09:00:00,,,,,,,,,,,
2019-04-26 09:10:00,,,,,,,,,,,
2019-04-26 09:20:00,,,,,,,,,,,
2019-04-26 09:30:00,,,,,,,,,,,
2019-04-26 09:40:00,,,,,,,,,,,
2019-04-26 09:50:00,,,,,,,,,,,
2019-04-26 10:00:00,,,,,,,,,,,
2019-04-26 10:10:00,,,,,,,,,,,
2019-04-26 10:20:00,,,,,,,,,,,
2019-04-26 10:30:00,,,,,,,,,,,
2019-04-26 10:40:00,,,,,,,,,,,
2019-04-26 10:50:00,,,,,,,,,,,
2019-04-26 11:00:00,,,,,,,,,,,
2019-04-26 11:10:00,,,,,,,,,,,
2019-04-26 11:20:00,,,,,,,,,,,
2019-04-26 11:30:00,,,,,,,,,,,
2019-04-26 11:40:00,,,,,,,,,,,
2019-04-26 11:50:00,,,,,,,,,,,
2019-04-26 12:00:00,,,,,,,,,,,
2019-04-26 12:10:00,,,,,,,,,,,
2019-04-26 12:20:00,,,,,,,,,,,
2019-04-26 12:30:00,,,,,,,,,,,
2019-04-26 12:40:00,,,,,,,,,,,
2019-04-26 12:50:00,,,,,,,,,,,
2019-04-26 13:00:00,,,,,,,,,,,
2019-04-26 13:10:00,,,,,,,,,,,
2019-04-26 13:20:00,,,,,,,,,,,
2019-04-26 13:30:00,,,,,,,,,,,
2019-04-26 13:40:00,,,,,,,,,,,
2019-04-26 13:50:00,,,,,,,,,,,
2019-04-26 14:00:00,,,,,,,,,,,
2019-04-26 14:10:00,,,,,,,,,,,
2019-04-26 14:20:00,,,,,,,,,,,
2019-04-26 14:30:00,,,,,,,,,,,
2019-04-26 14:40:00,,,,,,,,,,,
2019-04-26 14:50:00,,,,,,,,,,,
2019-04-26 15:00:00,28882.0,56.868500000000004,164.06400000000002,1025.8823529411766,2.299999999999997,13.0,76.0,1.0,77.65071297472822,0.0,271.07157983905125
2019-04-26 15:10:00,,,,,,,,,,,
2019-04-26 15:20:00,,,,,,,,,,,
2019-04-26 15:30:00,,,,,,,,,,,
2019-04-26 15:40:00,,,,,,,,,,,
2019-04-26 15:50:00,,,,,,,,,,,
2019-04-26 16:00:00,28882.0,56.868500000000004,164.06400000000002,1025.8823529411766,2.3999999999999986,13.0,71.0,2.2,80.47437526471833,32.94169320303064,271.07157983905125
2019-04-26 16:10:00,,,,,,,,,,,
2019-04-26 16:20:00,,,,,,,,,,,
2019-04-26 16:30:00,,,,,,,,,,,
2019-04-26 16:40:00,,,,,,,,,,,
2019-04-26 16:50:00,,,,,,,,,,,
2019-04-26 17:00:00,28882.0,56.868,164.06900000000005,1025.8823529411766,3.1000000000000014,13.0,66.0,3.6,104.47550472963431,175.6890304161634,271.07157983905125
2019-04-26 17:10:00,,,,,,,,,,,
2019-04-26 17:20:00,,,,,,,,,,,
2019-04-26 17:30:00,,,,,,,,,,,
2019-04-26 17:40:00,,,,,,,,,,,
2019-04-26 17:50:00,,,,,,,,,,,
2019-04-26 18:00:00,28882.0,56.8695,164.06600000000003,1025.8823529411766,3.0,13.0,66.0,4.7,101.6518424396442,323.92664982980125,271.07157983905125
2019-04-26 18:10:00,,,,,,,,,,,
2019-04-26 18:20:00,,,,,,,,,,,
2019-04-26 18:30:00,,,,,,,,,,,
2019-04-26 18:40:00,,,,,,,,,,,
2019-04-26 18:50:00,,,,,,,,,,,
2019-04-26 19:00:00,28882.0,56.8695,164.06600000000003,1027.0588235294117,2.799999999999997,14.0,66.0,4.7,103.06367358463928,461.183704842429,271.07157983905125
2019-04-26 19:10:00,,,,,,,,,,,
2019-04-26 19:20:00,,,,,,,,,,,
2019-04-26 19:30:00,,,,,,,,,,,
2019-04-26 19:40:00,,,,,,,,,,,
2019-04-26 19:50:00,,,,,,,,,,,
2019-04-26 20:00:00,28882.0,56.871,164.063,1027.0588235294117,2.799999999999997,14.0,68.0,5.7,96.00451785966398,581.9699132535412,271.07157983905125
2019-04-26 20:10:00,,,,,,,,,,,
2019-04-26 20:20:00,,,,,,,,,,,
2019-04-26 20:30:00,,,,,,,,,,,
2019-04-26 20:40:00,,,,,,,,,,,
2019-04-26 20:50:00,,,,,,,,,,,
2019-04-26 21:00:00,,,,,,,,,,,
2019-04-26 21:10:00,,,,,,,,,,,
2019-04-26 21:20:00,,,,,,,,,,,
2019-04-26 21:30:00,,,,,,,,,,,
2019-04-26 21:40:00,,,,,,,,,,,
2019-04-26 21:50:00,,,,,,,,,,,
2019-04-26 22:00:00,,,,,,,,,,,
2019-04-26 22:10:00,,,,,,,,,,,
2019-04-26 22:20:00,,,,,,,,,,,
2019-04-26 22:30:00,,,,,,,,,,,
2019-04-26 22:40:00,,,,,,,,,,,
2019-04-26 22:50:00,,,,,,,,,,,
2019-04-26 23:00:00,,,,,,,,,,,
2019-04-26 23:10:00,,,,,,,,,,,
2019-04-26 23:20:00,,,,,,,,,,,
2019-04-26 23:30:00,,,,,,,,,,,
2019-04-26 23:40:00,,,,,,,,,,,
2019-04-26 23:50:00,,,,,,,,,,,
2019-04-27 00:00:00,,,,,,,,,,,
2019-04-27 00:10:00,,,,,,,,,,,
2019-04-27 00:20:00,,,,,,,,,,,
2019-04-27 00:30:00,,,,,,,,,,,
2019-04-27 00:40:00,,,,,,,,,,,
2019-04-27 00:50:00,,,,,,,,,,,
2019-04-27 01:00:00,,,,,,,,,,,
2019-04-27 01:10:00,,,,,,,,,,,
2019-04-27 01:20:00,,,,,,,,,,,
2019-04-27 01:30:00,,,,,,,,,,,
2019-04-27 01:40:00,,,,,,,,,,,
2019-04-27 01:50:00,,,,,,,,,,,
2019-04-27 02:00:00,,,,,,,,,,,
2019-04-27 02:10:00,,,,,,,,,,,
2019-04-27 02:20:00,,,,,,,,,,,
2019-04-27 02:30:00,,,,,,,,,,,
2019-04-27 02:40:00,,,,,,,,,,,
2019-04-27 02:50:00,,,,,,,,,,,
2019-04-27 03:00:00,28882.0,56.875,164.05700000000004,1024.7058823529412,4.0,14.0,67.0,7.8,66.35606381476775,439.22257604040846,271.07157983905125
2019-04-27 03:10:00,,,,,,,,,,,
2019-04-27 03:20:00,,,,,,,,,,,
2019-04-27 03:30:00,,,,,,,,,,,
2019-04-27 03:40:00,,,,,,,,,,,
2019-04-27 03:50:00,,,,,,,,,,,
2019-04-27 04:00:00,28882.0,56.875,164.05700000000004,1024.7058823529412,4.100000000000001,14.0,69.0,8.0,67.76789495976281,301.9655210277808,271.07157983905125
2019-04-27 04:10:00,,,,,,,,,,,
2019-04-27 04:20:00,,,,,,,,,,,
2019-04-27 04:30:00,,,,,,,,,,,
2019-04-27 04:40:00,,,,,,,,,,,
2019-04-27 04:50:00,,,,,,,,,,,
2019-04-27 05:00:00,28882.0,56.875,164.05700000000004,1024.7058823529412,4.0,14.0,72.0,8.5,63.53240152477763,153.72790161414298,271.07157983905125
2019-04-27 05:10:00,,,,,,,,,,,
2019-04-27 05:20:00,,,,,,,,,,,
2019-04-27 05:30:00,,,,,,,,,,,
2019-04-27 05:40:00,,,,,,,,,,,
2019-04-27 05:50:00,,,,,,,,,,,
2019-04-27 06:00:00,,,,,,,,,,,
2019-04-27 06:10:00,,,,,,,,,,,
2019-04-27 06:20:00,,,,,,,,,,,
2019-04-27 06:30:00,,,,,,,,,,,
2019-04-27 06:40:00,,,,,,,,,,,
2019-04-27 06:50:00,,,,,,,,,,,
2019-04-27 07:00:00,,,,,,,,,,,
2019-04-27 07:10:00,,,,,,,,,,,
2019-04-27 07:20:00,,,,,,,,,,,
2019-04-27 07:30:00,,,,,,,,,,,
2019-04-27 07:40:00,,,,,,,,,,,
2019-04-27 07:50:00,,,,,,,,,,,
2019-04-27 08:00:00,,,,,,,,,,,
2019-04-27 08:10:00,,,,,,,,,,,
2019-04-27 08:20:00,,,,,,,,,,,
2019-04-27 08:30:00,,,,,,,,,,,
2019-04-27 08:40:00,,,,,,,,,,,
2019-04-27 08:50:00,,,,,,,,,,,
2019-04-27 09:00:00,,,,,,,,,,,
2019-04-27 09:10:00,,,,,,,,,,,
2019-04-27 09:20:00,,,,,,,,,,,
2019-04-27 09:30:00,,,,,,,,,,,
2019-04-27 09:40:00,,,,,,,,,,,
2019-04-27 09:50:00,,,,,,,,,,,
2019-04-27 10:00:00,,,,,,,,,,,
2019-04-27 10:10:00,,,,,,,,,,,
2019-04-27 10:20:00,,,,,,,,,,,
2019-04-27 10:30:00,,,,,,,,,,,
2019-04-27 10:40:00,,,,,,,,,,,
2019-04-27 10:50:00,,,,,,,,,,,
2019-04-27 11:00:00,,,,,,,,,,,
2019-04-27 11:10:00,,,,,,,,,,,
2019-04-27 11:20:00,,,,,,,,,,,
2019-04-27 11:30:00,,,,,,,,,,,
2019-04-27 11:40:00,,,,,,,,,,,
2019-04-27 11:50:00,,,,,,,,,,,
2019-04-27 12:00:00,,,,,,,,,,,
2019-04-27 12:10:00,,,,,,,,,,,
2019-04-27 12:20:00,,,,,,,,,,,
2019-04-27 12:30:00,,,,,,,,,,,
2019-04-27 12:40:00,,,,,,,,,,,
2019-04-27 12:50:00,,,,,,,,,,,
2019-04-27 13:00:00,,,,,,,,,,,
2019-04-27 13:10:00,,,,,,,,,,,
2019-04-27 13:20:00,,,,,,,,,,,
2019-04-27 13:30:00,,,,,,,,,,,
2019-04-27 13:40:00,,,,,,,,,,,
2019-04-27 13:50:00,,,,,,,,,,,
2019-04-27 14:00:00,,,,,,,,,,,
2019-04-27 14:10:00,,,,,,,,,,,
2019-04-27 14:20:00,,,,,,,,,,,
2019-04-27 14:30:00,,,,,,,,,,,
2019-04-27 14:40:00,,,,,,,,,,,
2019-04-27 14:50:00,,,,,,,,,,,
2019-04-27 15:00:00,,,,,,,,,,,
2019-04-27 15:10:00,,,,,,,,,,,
2019-04-27 15:20:00,,,,,,,,,,,
2019-04-27 15:30:00,,,,,,,,,,,
2019-04-27 15:40:00,,,,,,,,,,,
2019-04-27 15:50:00,,,,,,,,,,,
2019-04-27 16:00:00,,,,,,,,,,,
2019-04-27 16:10:00,,,,,,,,,,,
2019-04-27 16:20:00,,,,,,,,,,,
2019-04-27 16:30:00,,,,,,,,,,,
2019-04-27 16:40:00,,,,,,,,,,,
2019-04-27 16:50:00,,,,,,,,,,,
2019-04-27 17:00:00,,,,,,,,,,,
2019-04-27 17:10:00,,,,,,,,,,,
2019-04-27 17:20:00,,,,,,,,,,,
2019-04-27 17:30:00,,,,,,,,,,,
2019-04-27 17:40:00,,,,,,,,,,,
2019-04-27 17:50:00,,,,,,,,,,,
2019-04-27 18:00:00,28882.0,56.872,164.063,1021.1764705882354,4.299999999999997,13.0,81.0,8.1,70.59155724975292,290.9849566267706,271.07157983905125
2019-04-27 18:10:00,,,,,,,,,,,
2019-04-27 18:20:00,,,,,,,,,,,
2019-04-27 18:30:00,,,,,,,,,,,
2019-04-27 18:40:00,,,,,,,,,,,
2019-04-27 18:50:00,,,,,,,,,,,
2019-04-27 19:00:00,28882.0,56.8735,164.07299999999998,1021.1764705882354,4.399999999999999,13.0,80.0,9.2,73.41521953974305,400.7906006368728,271.07157983905125
2019-04-27 19:10:00,,,,,,,,,,,
2019-04-27 19:20:00,,,,,,,,,,,
2019-04-27 19:30:00,,,,,,,,,,,
2019-04-27 19:40:00,,,,,,,,,,,
2019-04-27 19:50:00,,,,,,,,,,,
2019-04-27 20:00:00,28882.0,56.8735,164.07299999999998,1021.1764705882354,4.5,13.0,82.0,8.2,74.8270506847381,527.0670912484902,271.07157983905125
2019-04-27 20:10:00,,,,,,,,,,,
2019-04-27 20:20:00,,,,,,,,,,,
2019-04-27 20:30:00,,,,,,,,,,,
2019-04-27 20:40:00,,,,,,,,,,,
2019-04-27 20:50:00,,,,,,,,,,,
2019-04-27 21:00:00,28882.0,56.875,164.083,1021.1764705882354,4.600000000000001,14.0,82.0,7.6,70.59155724975292,653.3435818601076,271.07157983905125
2019-04-27 21:10:00,,,,,,,,,,,
2019-04-27 21:20:00,,,,,,,,,,,
2019-04-27 21:30:00,,,,,,,,,,,
2019-04-27 21:40:00,,,,,,,,,,,
2019-04-27 21:50:00,,,,,,,,,,,
2019-04-27 22:00:00,,,,,,,,,,,
2019-04-27 22:10:00,,,,,,,,,,,
2019-04-27 22:20:00,,,,,,,,,,,
2019-04-27 22:30:00,,,,,,,,,,,
2019-04-27 22:40:00,,,,,,,,,,,
2019-04-27 22:50:00,,,,,,,,,,,
2019-04-27 23:00:00,28882.0,56.87300000000001,164.055,1021.1764705882354,4.799999999999997,13.0,,6.6,73.41521953974305,911.3868452838476,271.07157983905125
2019-04-27 23:10:00,,,,,,,,,,,
2019-04-27 23:20:00,,,,,,,,,,,
2019-04-27 23:30:00,,,,,,,,,,,
2019-04-27 23:40:00,,,,,,,,,,,
2019-04-27 23:50:00,,,,,,,,,,,
2019-04-28 00:00:00,28882.0,56.87300000000001,164.055,1021.1764705882354,4.899999999999999,13.0,84.0,7.6,69.17972610475786,774.1297902712199,271.07157983905125
2019-04-28 00:10:00,,,,,,,,,,,
2019-04-28 00:20:00,,,,,,,,,,,
2019-04-28 00:30:00,,,,,,,,,,,
2019-04-28 00:40:00,,,,,,,,,,,
2019-04-28 00:50:00,,,,,,,,,,,
2019-04-28 01:00:00,28882.0,56.87300000000001,164.055,1020.0,5.100000000000001,14.0,85.0,7.0,67.76789495976281,708.2464038651586,271.07157983905125
2019-04-28 01:10:00,,,,,,,,,,,
2019-04-28 01:20:00,,,,,,,,,,,
2019-04-28 01:30:00,,,,,,,,,,,
2019-04-28 01:40:00,,,,,,,,,,,
2019-04-28 01:50:00,,,,,,,,,,,
2019-04-28 02:00:00,,,,,,,,,,,
2019-04-28 02:10:00,,,,,,,,,,,
2019-04-28 02:20:00,,,,,,,,,,,
2019-04-28 02:30:00,,,,,,,,,,,
2019-04-28 02:40:00,,,,,,,,,,,
2019-04-28 02:50:00,,,,,,,,,,,
2019-04-28 03:00:00,,,,,,,,,,,
2019-04-28 03:10:00,,,,,,,,,,,
2019-04-28 03:20:00,,,,,,,,,,,
2019-04-28 03:30:00,,,,,,,,,,,
2019-04-28 03:40:00,,,,,,,,,,,
2019-04-28 03:50:00,,,,,,,,,,,
2019-04-28 04:00:00,,,,,,,,,,,
2019-04-28 04:10:00,,,,,,,,,,,
2019-04-28 04:20:00,,,,,,,,,,,
2019-04-28 04:30:00,,,,,,,,,,,
2019-04-28 04:40:00,,,,,,,,,,,
2019-04-28 04:50:00,,,,,,,,,,,
2019-04-28 05:00:00,,,,,,,,,,,
2019-04-28 05:10:00,,,,,,,,,,,
2019-04-28 05:20:00,,,,,,,,,,,
2019-04-28 05:30:00,,,,,,,,,,,
2019-04-28 05:40:00,,,,,,,,,,,
2019-04-28 05:50:00,,,,,,,,,,,
2019-04-28 06:00:00,,,,,,,,,,,
2019-04-28 06:10:00,,,,,,,,,,,
2019-04-28 06:20:00,,,,,,,,,,,
2019-04-28 06:30:00,,,,,,,,,,,
2019-04-28 06:40:00,,,,,,,,,,,
2019-04-28 06:50:00,,,,,,,,,,,
2019-04-28 07:00:00,,,,,,,,,,,
2019-04-28 07:10:00,,,,,,,,,,,
2019-04-28 07:20:00,,,,,,,,,,,
2019-04-28 07:30:00,,,,,,,,,,,
2019-04-28 07:40:00,,,,,,,,,,,
2019-04-28 07:50:00,,,,,,,,,,,
2019-04-28 08:00:00,,,,,,,,,,,
2019-04-28 08:10:00,,,,,,,,,,,
2019-04-28 08:20:00,,,,,,,,,,,
2019-04-28 08:30:00,,,,,,,,,,,
2019-04-28 08:40:00,,,,,,,,,,,
2019-04-28 08:50:00,,,,,,,,,,,
2019-04-28 09:00:00,,,,,,,,,,,
2019-04-28 09:10:00,,,,,,,,,,,
2019-04-28 09:20:00,,,,,,,,,,,
2019-04-28 09:30:00,,,,,,,,,,,
2019-04-28 09:40:00,,,,,,,,,,,
2019-04-28 09:50:00,,,,,,,,,,,
2019-04-28 10:00:00,,,,,,,,,,,
2019-04-28 10:10:00,,,,,,,,,,,
2019-04-28 10:20:00,,,,,,,,,,,
2019-04-28 10:30:00,,,,,,,,,,,
2019-04-28 10:40:00,,,,,,,,,,,
2019-04-28 10:50:00,,,,,,,,,,,
2019-04-28 11:00:00,,,,,,,,,,,
2019-04-28 11:10:00,,,,,,,,,,,
2019-04-28 11:20:00,,,,,,,,,,,
2019-04-28 11:30:00,,,,,,,,,,,
2019-04-28 11:40:00,,,,,,,,,,,
2019-04-28 11:50:00,,,,,,,,,,,
2019-04-28 12:00:00,,,,,,,,,,,
2019-04-28 12:10:00,,,,,,,,,,,
2019-04-28 12:20:00,,,,,,,,,,,
2019-04-28 12:30:00,,,,,,,,,,,
2019-04-28 12:40:00,,,,,,,,,,,
2019-04-28 12:50:00,,,,,,,,,,,
2019-04-28 13:00:00,,,,,,,,,,,
2019-04-28 13:10:00,,,,,,,,,,,
2019-04-28 13:20:00,,,,,,,,,,,
2019-04-28 13:30:00,,,,,,,,,,,
2019-04-28 13:40:00,,,,,,,,,,,
2019-04-28 13:50:00,,,,,,,,,,,
2019-04-28 14:00:00,,,,,,,,,,,
2019-04-28 14:10:00,,,,,,,,,,,
2019-04-28 14:20:00,,,,,,,,,,,
2019-04-28 14:30:00,,,,,,,,,,,
2019-04-28 14:40:00,,,,,,,,,,,
2019-04-28 14:50:00,,,,,,,,,,,
2019-04-28 15:00:00,,,,,,,,,,,
2019-04-28 15:10:00,,,,,,,,,,,
2019-04-28 15:20:00,,,,,,,,,,,
2019-04-28 15:30:00,,,,,,,,,,,
2019-04-28 15:40:00,,,,,,,,,,,
2019-04-28 15:50:00,,,,,,,,,,,
2019-04-28 16:00:00,,,,,,,,,,,
2019-04-28 16:10:00,,,,,,,,,,,
2019-04-28 16:20:00,,,,,,,,,,,
2019-04-28 16:30:00,,,,,,,,,,,
2019-04-28 16:40:00,,,,,,,,,,,
2019-04-28 16:50:00,,,,,,,,,,,
2019-04-28 17:00:00,,,,,,,,,,,
2019-04-28 17:10:00,,,,,,,,,,,
2019-04-28 17:20:00,,,,,,,,,,,
2019-04-28 17:30:00,,,,,,,,,,,
2019-04-28 17:40:00,,,,,,,,,,,
2019-04-28 17:50:00,,,,,,,,,,,
2019-04-28 18:00:00,,,,,,,,,,,
2019-04-28 18:10:00,,,,,,,,,,,
2019-04-28 18:20:00,,,,,,,,,,,
2019-04-28 18:30:00,,,,,,,,,,,
2019-04-28 18:40:00,,,,,,,,,,,
2019-04-28 18:50:00,,,,,,,,,,,
2019-04-28 19:00:00,,,,,,,,,,,
2019-04-28 19:10:00,,,,,,,,,,,
2019-04-28 19:20:00,,,,,,,,,,,
2019-04-28 19:30:00,,,,,,,,,,,
2019-04-28 19:40:00,,,,,,,,,,,
2019-04-28 19:50:00,,,,,,,,,,,
2019-04-28 20:00:00,,,,,,,,,,,
2019-04-28 20:10:00,,,,,,,,,,,
2019-04-28 20:20:00,,,,,,,,,,,
2019-04-28 20:30:00,,,,,,,,,,,
2019-04-28 20:40:00,,,,,,,,,,,
2019-04-28 20:50:00,,,,,,,,,,,
2019-04-28 21:00:00,,,,,,,,,,,
2019-04-28 21:10:00,,,,,,,,,,,
2019-04-28 21:20:00,,,,,,,,,,,
2019-04-28 21:30:00,,,,,,,,,,,
2019-04-28 21:40:00,,,,,,,,,,,
2019-04-28 21:50:00,,,,,,,,,,,
2019-04-28 22:00:00,,,,,,,,,,,
2019-04-28 22:10:00,,,,,,,,,,,
2019-04-28 22:20:00,,,,,,,,,,,
2019-04-28 22:30:00,,,,,,,,,,,
2019-04-28 22:40:00,,,,,,,,,,,
2019-04-28 22:50:00,,,,,,,,,,,
2019-04-28 23:00:00,,,,,,,,,,,
2019-04-28 23:10:00,,,,,,,,,,,
2019-04-28 23:20:00,,,,,,,,,,,
2019-04-28 23:30:00,,,,,,,,,,,
2019-04-28 23:40:00,,,,,,,,,,,
2019-04-28 23:50:00,,,,,,,,,,,
2019-04-29 00:00:00,,,,,,,,,,,
2019-04-29 00:10:00,,,,,,,,,,,
2019-04-29 00:20:00,,,,,,,,,,,
2019-04-29 00:30:00,,,,,,,,,,,
2019-04-29 00:40:00,,,,,,,,,,,
2019-04-29 00:50:00,,,,,,,,,,,
2019-04-29 01:00:00,,,,,,,,,,,
2019-04-29 01:10:00,,,,,,,,,,,
2019-04-29 01:20:00,,,,,,,,,,,
2019-04-29 01:30:00,,,,,,,,,,,
2019-04-29 01:40:00,,,,,,,,,,,
2019-04-29 01:50:00,,,,,,,,,,,
2019-04-29 02:00:00,,,,,,,,,,,
2019-04-29 02:10:00,,,,,,,,,,,
2019-04-29 02:20:00,,,,,,,,,,,
2019-04-29 02:30:00,,,,,,,,,,,
2019-04-29 02:40:00,,,,,,,,,,,
2019-04-29 02:50:00,,,,,,,,,,,
2019-04-29 03:00:00,,,,,,,,,,,
2019-04-29 03:10:00,,,,,,,,,,,
2019-04-29 03:20:00,,,,,,,,,,,
2019-04-29 03:30:00,,,,,,,,,,,
2019-04-29 03:40:00,,,,,,,,,,,
2019-04-29 03:50:00,,,,,,,,,,,
2019-04-29 04:00:00,,,,,,,,,,,
2019-04-29 04:10:00,,,,,,,,,,,
2019-04-29 04:20:00,,,,,,,,,,,
2019-04-29 04:30:00,,,,,,,,,,,
2019-04-29 04:40:00,,,,,,,,,,,
2019-04-29 04:50:00,,,,,,,,,,,
2019-04-29 05:00:00,,,,,,,,,,,
2019-04-29 05:10:00,,,,,,,,,,,
2019-04-29 05:20:00,,,,,,,,,,,
2019-04-29 05:30:00,,,,,,,,,,,
2019-04-29 05:40:00,,,,,,,,,,,
2019-04-29 05:50:00,,,,,,,,,,,
2019-04-29 06:00:00,,,,,,,,,,,
2019-04-29 06:10:00,,,,,,,,,,,
2019-04-29 06:20:00,,,,,,,,,,,
2019-04-29 06:30:00,,,,,,,,,,,
2019-04-29 06:40:00,,,,,,,,,,,
2019-04-29 06:50:00,,,,,,,,,,,
2019-04-29 07:00:00,,,,,,,,,,,
2019-04-29 07:10:00,,,,,,,,,,,
2019-04-29 07:20:00,,,,,,,,,,,
2019-04-29 07:30:00,,,,,,,,,,,
2019-04-29 07:40:00,,,,,,,,,,,
2019-04-29 07:50:00,,,,,,,,,,,
2019-04-29 08:00:00,,,,,,,,,,,
2019-04-29 08:10:00,,,,,,,,,,,
2019-04-29 08:20:00,,,,,,,,,,,
2019-04-29 08:30:00,,,,,,,,,,,
2019-04-29 08:40:00,,,,,,,,,,,
2019-04-29 08:50:00,,,,,,,,,,,
2019-04-29 09:00:00,,,,,,,,,,,
2019-04-29 09:10:00,,,,,,,,,,,
2019-04-29 09:20:00,,,,,,,,,,,
2019-04-29 09:30:00,,,,,,,,,,,
2019-04-29 09:40:00,,,,,,,,,,,
2019-04-29 09:50:00,,,,,,,,,,,
2019-04-29 10:00:00,,,,,,,,,,,
2019-04-29 10:10:00,,,,,,,,,,,
2019-04-29 10:20:00,,,,,,,,,,,
2019-04-29 10:30:00,,,,,,,,,,,
2019-04-29 10:40:00,,,,,,,,,,,
2019-04-29 10:50:00,,,,,,,,,,,
2019-04-29 11:00:00,,,,,,,,,,,
2019-04-29 11:10:00,,,,,,,,,,,
2019-04-29 11:20:00,,,,,,,,,,,
2019-04-29 11:30:00,,,,,,,,,,,
2019-04-29 11:40:00,,,,,,,,,,,
2019-04-29 11:50:00,,,,,,,,,,,
2019-04-29 12:00:00,,,,,,,,,,,
2019-04-29 12:10:00,,,,,,,,,,,
2019-04-29 12:20:00,,,,,,,,,,,
2019-04-29 12:30:00,,,,,,,,,,,
2019-04-29 12:40:00,,,,,,,,,,,
2019-04-29 12:50:00,,,,,,,,,,,
2019-04-29 13:00:00,28882.0,56.872,164.06400000000005,1015.2941176470587,5.100000000000001,13.0,91.0,4.7,83.29803755470846,0.0,271.07157983905125
2019-04-29 13:10:00,,,,,,,,,,,
2019-04-29 13:20:00,,,,,,,,,,,
2019-04-29 13:30:00,,,,,,,,,,,
2019-04-29 13:40:00,,,,,,,,,,,
2019-04-29 13:50:00,,,,,,,,,,,
2019-04-29 14:00:00,28882.0,56.872,164.06400000000005,1014.1176470588236,5.399999999999999,13.0,89.0,6.0,94.59268671466893,0.0,271.07157983905125
2019-04-29 14:10:00,,,,,,,,,,,
2019-04-29 14:20:00,,,,,,,,,,,
2019-04-29 14:30:00,,,,,,,,,,,
2019-04-29 14:40:00,,,,,,,,,,,
2019-04-29 14:50:00,,,,,,,,,,,
2019-04-29 15:00:00,28882.0,56.872,164.06400000000005,1014.1176470588236,5.299999999999997,13.0,90.0,6.8,79.06254411972326,0.0,271.07157983905125
2019-04-29 15:10:00,,,,,,,,,,,
2019-04-29 15:20:00,,,,,,,,,,,
2019-04-29 15:30:00,,,,,,,,,,,
2019-04-29 15:40:00,,,,,,,,,,,
2019-04-29 15:50:00,,,,,,,,,,,
2019-04-29 16:00:00,28882.0,56.868,164.076,1014.1176470588236,5.299999999999997,13.0,90.0,6.0,83.29803755470846,16.47084660151532,271.07157983905125
2019-04-29 16:10:00,,,,,,,,,,,
2019-04-29 16:20:00,,,,,,,,,,,
2019-04-29 16:30:00,,,,,,,,,,,
2019-04-29 16:40:00,,,,,,,,,,,
2019-04-29 16:50:00,,,,,,,,,,,
2019-04-29 17:00:00,28882.0,56.868,164.076,1014.1176470588236,5.399999999999999,13.0,89.0,6.3,77.65071297472822,131.76677281212255,271.07157983905125
2019-04-29 17:10:00,,,,,,,,,,,
2019-04-29 17:20:00,,,,,,,,,,,
2019-04-29 17:30:00,,,,,,,,,,,
2019-04-29 17:40:00,,,,,,,,,,,
2019-04-29 17:50:00,,,,,,,,,,,
2019-04-29 18:00:00,28882.0,56.8695,164.087,1014.1176470588236,5.399999999999999,13.0,90.0,8.0,81.8862064097134,126.27649061161743,271.07157983905125
2019-04-29 18:10:00,,,,,,,,,,,
2019-04-29 18:20:00,,,,,,,,,,,
2019-04-29 18:30:00,,,,,,,,,,,
2019-04-29 18:40:00,,,,,,,,,,,
2019-04-29 18:50:00,,,,,,,,,,,
2019-04-29 19:00:00,28882.0,56.871,164.09799999999996,1014.1176470588236,5.399999999999999,13.0,89.0,6.1,93.18085556967388,181.1793126166685,271.07157983905125
2019-04-29 19:10:00,,,,,,,,,,,
2019-04-29 19:20:00,,,,,,,,,,,
2019-04-29 19:30:00,,,,,,,,,,,
2019-04-29 19:40:00,,,,,,,,,,,
2019-04-29 19:50:00,,,,,,,,,,,
2019-04-29 20:00:00,28882.0,56.871,164.09799999999996,1014.1176470588236,5.399999999999999,13.0,90.0,6.8,87.53353098969362,296.47523882727575,271.07157983905125
2019-04-29 20:10:00,,,,,,,,,,,
2019-04-29 20:20:00,,,,,,,,,,,
2019-04-29 20:30:00,,,,,,,,,,,
2019-04-29 20:40:00,,,,,,,,,,,
2019-04-29 20:50:00,,,,,,,,,,,
2019-04-29 21:00:00,,,,,,,,,,,
2019-04-29 21:10:00,,,,,,,,,,,
2019-04-29 21:20:00,,,,,,,,,,,
2019-04-29 21:30:00,,,,,,,,,,,
2019-04-29 21:40:00,,,,,,,,,,,
2019-04-29 21:50:00,,,,,,,,,,,
2019-04-29 22:00:00,,,,,,,,,,,
2019-04-29 22:10:00,,,,,,,,,,,
2019-04-29 22:20:00,,,,,,,,,,,
2019-04-29 22:30:00,,,,,,,,,,,
2019-04-29 22:40:00,,,,,,,,,,,
2019-04-29 22:50:00,,,,,,,,,,,
2019-04-29 23:00:00,,,,,,,,,,,
2019-04-29 23:10:00,,,,,,,,,,,
2019-04-29 23:20:00,,,,,,,,,,,
2019-04-29 23:30:00,,,,,,,,,,,
2019-04-29 23:40:00,,,,,,,,,,,
2019-04-29 23:50:00,,,,,,,,,,,
2019-04-30 00:00:00,,,,,,,,,,,
2019-04-30 00:10:00,,,,,,,,,,,
2019-04-30 00:20:00,,,,,,,,,,,
2019-04-30 00:30:00,,,,,,,,,,,
2019-04-30 00:40:00,,,,,,,,,,,
2019-04-30 00:50:00,,,,,,,,,,,
2019-04-30 01:00:00,,,,,,,,,,,
2019-04-30 01:10:00,,,,,,,,,,,
2019-04-30 01:20:00,,,,,,,,,,,
2019-04-30 01:30:00,,,,,,,,,,,
2019-04-30 01:40:00,,,,,,,,,,,
2019-04-30 01:50:00,,,,,,,,,,,
2019-04-30 02:00:00,,,,,,,,,,,
2019-04-30 02:10:00,,,,,,,,,,,
2019-04-30 02:20:00,,,,,,,,,,,
2019-04-30 02:30:00,,,,,,,,,,,
2019-04-30 02:40:00,,,,,,,,,,,
2019-04-30 02:50:00,,,,,,,,,,,
2019-04-30 03:00:00,,,,,,,,,,,
2019-04-30 03:10:00,,,,,,,,,,,
2019-04-30 03:20:00,,,,,,,,,,,
2019-04-30 03:30:00,,,,,,,,,,,
2019-04-30 03:40:00,,,,,,,,,,,
2019-04-30 03:50:00,,,,,,,,,,,
2019-04-30 04:00:00,,,,,,,,,,,
2019-04-30 04:10:00,,,,,,,,,,,
2019-04-30 04:20:00,,,,,,,,,,,
2019-04-30 04:30:00,,,,,,,,,,,
2019-04-30 04:40:00,,,,,,,,,,,
2019-04-30 04:50:00,,,,,,,,,,,
2019-04-30 05:00:00,,,,,,,,,,,
2019-04-30 05:10:00,,,,,,,,,,,
2019-04-30 05:20:00,,,,,,,,,,,
2019-04-30 05:30:00,,,,,,,,,,,
2019-04-30 05:40:00,,,,,,,,,,,
2019-04-30 05:50:00,,,,,,,,,,,
2019-04-30 06:00:00,,,,,,,,,,,
2019-04-30 06:10:00,,,,,,,,,,,
2019-04-30 06:20:00,,,,,,,,,,,
2019-04-30 06:30:00,,,,,,,,,,,
2019-04-30 06:40:00,,,,,,,,,,,
2019-04-30 06:50:00,,,,,,,,,,,
2019-04-30 07:00:00,,,,,,,,,,,
2019-04-30 07:10:00,,,,,,,,,,,
2019-04-30 07:20:00,,,,,,,,,,,
2019-04-30 07:30:00,,,,,,,,,,,
2019-04-30 07:40:00,,,,,,,,,,,
2019-04-30 07:50:00,,,,,,,,,,,
2019-04-30 08:00:00,,,,,,,,,,,
2019-04-30 08:10:00,,,,,,,,,,,
2019-04-30 08:20:00,,,,,,,,,,,
2019-04-30 08:30:00,,,,,,,,,,,
2019-04-30 08:40:00,,,,,,,,,,,
2019-04-30 08:50:00,,,,,,,,,,,
2019-04-30 09:00:00,,,,,,,,,,,
2019-04-30 09:10:00,,,,,,,,,,,
2019-04-30 09:20:00,,,,,,,,,,,
2019-04-30 09:30:00,,,,,,,,,,,
2019-04-30 09:40:00,,,,,,,,,,,
2019-04-30 09:50:00,,,,,,,,,,,
2019-04-30 10:00:00,,,,,,,,,,,
2019-04-30 10:10:00,,,,,,,,,,,
2019-04-30 10:20:00,,,,,,,,,,,
2019-04-30 10:30:00,,,,,,,,,,,
2019-04-30 10:40:00,,,,,,,,,,,
2019-04-30 10:50:00,,,,,,,,,,,
2019-04-30 11:00:00,,,,,,,,,,,
2019-04-30 11:10:00,,,,,,,,,,,
2019-04-30 11:20:00,,,,,,,,,,,
2019-04-30 11:30:00,,,,,,,,,,,
2019-04-30 11:40:00,,,,,,,,,,,
2019-04-30 11:50:00,,,,,,,,,,,
2019-04-30 12:00:00,,,,,,,,,,,
2019-04-30 12:10:00,,,,,,,,,,,
2019-04-30 12:20:00,,,,,,,,,,,
2019-04-30 12:30:00,,,,,,,,,,,
2019-04-30 12:40:00,,,,,,,,,,,
2019-04-30 12:50:00,,,,,,,,,,,
2019-04-30 13:00:00,,,,,,,,,,,
2019-04-30 13:10:00,,,,,,,,,,,
2019-04-30 13:20:00,,,,,,,,,,,
2019-04-30 13:30:00,,,,,,,,,,,
2019-04-30 13:40:00,,,,,,,,,,,
2019-04-30 13:50:00,,,,,,,,,,,
2019-04-30 14:00:00,,,,,,,,,,,
2019-04-30 14:10:00,,,,,,,,,,,
2019-04-30 14:20:00,,,,,,,,,,,
2019-04-30 14:30:00,,,,,,,,,,,
2019-04-30 14:40:00,,,,,,,,,,,
2019-04-30 14:50:00,,,,,,,,,,,
2019-04-30 15:00:00,,,,,,,,,,,
2019-04-30 15:10:00,,,,,,,,,,,
2019-04-30 15:20:00,,,,,,,,,,,
2019-04-30 15:30:00,,,,,,,,,,,
2019-04-30 15:40:00,,,,,,,,,,,
2019-04-30 15:50:00,,,,,,,,,,,
2019-04-30 16:00:00,,,,,,,,,,,
2019-04-30 16:10:00,,,,,,,,,,,
2019-04-30 16:20:00,,,,,,,,,,,
2019-04-30 16:30:00,,,,,,,,,,,
2019-04-30 16:40:00,,,,,,,,,,,
2019-04-30 16:50:00,,,,,,,,,,,
2019-04-30 17:00:00,,,,,,,,,,,
2019-04-30 17:10:00,,,,,,,,,,,
2019-04-30 17:20:00,,,,,,,,,,,
2019-04-30 17:30:00,,,,,,,,,,,
2019-04-30 17:40:00,,,,,,,,,,,
2019-04-30 17:50:00,,,,,,,,,,,
2019-04-30 18:00:00,,,,,,,,,,,
2019-04-30 18:10:00,,,,,,,,,,,
2019-04-30 18:20:00,,,,,,,,,,,
2019-04-30 18:30:00,,,,,,,,,,,
2019-04-30 18:40:00,,,,,,,,,,,
2019-04-30 18:50:00,,,,,,,,,,,
2019-04-30 19:00:00,,,,,,,,,,,
2019-04-30 19:10:00,,,,,,,,,,,
2019-04-30 19:20:00,,,,,,,,,,,
2019-04-30 19:30:00,,,,,,,,,,,
2019-04-30 19:40:00,,,,,,,,,,,
2019-04-30 19:50:00,,,,,,,,,,,
2019-04-30 20:00:00,,,,,,,,,,,
2019-04-30 20:10:00,,,,,,,,,,,
2019-04-30 20:20:00,,,,,,,,,,,
2019-04-30 20:30:00,,,,,,,,,,,
2019-04-30 20:40:00,,,,,,,,,,,
2019-04-30 20:50:00,,,,,,,,,,,
2019-04-30 21:00:00,,,,,,,,,,,
2019-04-30 21:10:00,,,,,,,,,,,
2019-04-30 21:20:00,,,,,,,,,,,
2019-04-30 21:30:00,,,,,,,,,,,
2019-04-30 21:40:00,,,,,,,,,,,
2019-04-30 21:50:00,,,,,,,,,,,
2019-04-30 22:00:00,,,,,,,,,,,
2019-04-30 22:10:00,,,,,,,,,,,
2019-04-30 22:20:00,,,,,,,,,,,
2019-04-30 22:30:00,,,,,,,,,,,
2019-04-30 22:40:00,,,,,,,,,,,
2019-04-30 22:50:00,,,,,,,,,,,
2019-04-30 23:00:00,,,,,,,,,,,
2019-04-30 23:10:00,,,,,,,,,,,
2019-04-30 23:20:00,,,,,,,,,,,
2019-04-30 23:30:00,,,,,,,,,,,
2019-04-30 23:40:00,,,,,,,,,,,
2019-04-30 23:50:00,,,,,,,,,,,
2019-05-01 00:00:00,,,,,,,,,,,
2019-05-01 00:10:00,,,,,,,,,,,
2019-05-01 00:20:00,,,,,,,,,,,
2019-05-01 00:30:00,,,,,,,,,,,
2019-05-01 00:40:00,,,,,,,,,,,
2019-05-01 00:50:00,,,,,,,,,,,
2019-05-01 01:00:00,,,,,,,,,,,
2019-05-01 01:10:00,,,,,,,,,,,
2019-05-01 01:20:00,,,,,,,,,,,
2019-05-01 01:30:00,,,,,,,,,,,
2019-05-01 01:40:00,,,,,,,,,,,
2019-05-01 01:50:00,,,,,,,,,,,
2019-05-01 02:00:00,,,,,,,,,,,
2019-05-01 02:10:00,,,,,,,,,,,
2019-05-01 02:20:00,,,,,,,,,,,
2019-05-01 02:30:00,,,,,,,,,,,
2019-05-01 02:40:00,,,,,,,,,,,
2019-05-01 02:50:00,,,,,,,,,,,
2019-05-01 03:00:00,28882.0,56.87,164.07,1014.1176470588236,5.200000000000003,13.0,94.0,2.0,155.30142594945644,142.74733721313274,271.07157983905125
2019-05-01 03:10:00,,,,,,,,,,,
2019-05-01 03:20:00,,,,,,,,,,,
2019-05-01 03:30:00,,,,,,,,,,,
2019-05-01 03:40:00,,,,,,,,,,,
2019-05-01 03:50:00,,,,,,,,,,,
2019-05-01 04:00:00,28882.0,56.87,164.07,1014.1176470588236,5.200000000000003,13.0,94.0,1.8,235.7758012141748,131.76677281212255,271.07157983905125
2019-05-01 04:10:00,,,,,,,,,,,
2019-05-01 04:20:00,,,,,,,,,,,
2019-05-01 04:30:00,,,,,,,,,,,
2019-05-01 04:40:00,,,,,,,,,,,
2019-05-01 04:50:00,,,,,,,,,,,
2019-05-01 05:00:00,28882.0,56.87,164.07,1014.1176470588236,5.0,13.0,95.0,2.9,286.6017224339969,60.393104205556156,271.07157983905125
2019-05-01 05:10:00,,,,,,,,,,,
2019-05-01 05:20:00,,,,,,,,,,,
2019-05-01 05:30:00,,,,,,,,,,,
2019-05-01 05:40:00,,,,,,,,,,,
2019-05-01 05:50:00,,,,,,,,,,,
2019-05-01 06:00:00,28882.0,56.871,164.06900000000005,1015.2941176470587,4.700000000000003,14.0,95.0,4.6,316.25017647889314,10.980564401010213,271.07157983905125
2019-05-01 06:10:00,,,,,,,,,,,
2019-05-01 06:20:00,,,,,,,,,,,
2019-05-01 06:30:00,,,,,,,,,,,
2019-05-01 06:40:00,,,,,,,,,,,
2019-05-01 06:50:00,,,,,,,,,,,
2019-05-01 07:00:00,28882.0,56.871,164.06900000000005,1015.2941176470587,4.600000000000001,13.0,95.0,4.1,319.07383876888315,0.0,271.07157983905125
2019-05-01 07:10:00,,,,,,,,,,,
2019-05-01 07:20:00,,,,,,,,,,,
2019-05-01 07:30:00,,,,,,,,,,,
2019-05-01 07:40:00,,,,,,,,,,,
2019-05-01 07:50:00,,,,,,,,,,,
2019-05-01 08:00:00,28882.0,56.871,164.06900000000005,1015.2941176470587,4.5,13.0,95.0,4.1,307.7791896089228,0.0,271.07157983905125
2019-05-01 08:10:00,,,,,,,,,,,
2019-05-01 08:20:00,,,,,,,,,,,
2019-05-01 08:30:00,,,,,,,,,,,
2019-05-01 08:40:00,,,,,,,,,,,
2019-05-01 08:50:00,,,,,,,,,,,
2019-05-01 09:00:00,,,,,,,,,,,
2019-05-01 09:10:00,,,,,,,,,,,
2019-05-01 09:20:00,,,,,,,,,,,
2019-05-01 09:30:00,,,,,,,,,,,
2019-05-01 09:40:00,,,,,,,,,,,
2019-05-01 09:50:00,,,,,,,,,,,
2019-05-01 10:00:00,,,,,,,,,,,
2019-05-01 10:10:00,,,,,,,,,,,
2019-05-01 10:20:00,,,,,,,,,,,
2019-05-01 10:30:00,,,,,,,,,,,
2019-05-01 10:40:00,,,,,,,,,,,
2019-05-01 10:50:00,,,,,,,,,,,
2019-05-01 11:00:00,,,,,,,,,,,
2019-05-01 11:10:00,,,,,,,,,,,
2019-05-01 11:20:00,,,,,,,,,,,
2019-05-01 11:30:00,,,,,,,,,,,
2019-05-01 11:40:00,,,,,,,,,,,
2019-05-01 11:50:00,,,,,,,,,,,
2019-05-01 12:00:00,,,,,,,,,,,
2019-05-01 12:10:00,,,,,,,,,,,
2019-05-01 12:20:00,,,,,,,,,,,
2019-05-01 12:30:00,,,,,,,,,,,
2019-05-01 12:40:00,,,,,,,,,,,
2019-05-01 12:50:00,,,,,,,,,,,
2019-05-01 13:00:00,,,,,,,,,,,
2019-05-01 13:10:00,,,,,,,,,,,
2019-05-01 13:20:00,,,,,,,,,,,
2019-05-01 13:30:00,,,,,,,,,,,
2019-05-01 13:40:00,,,,,,,,,,,
2019-05-01 13:50:00,,,,,,,,,,,
2019-05-01 14:00:00,28882.0,56.872,164.085,1014.1176470588236,3.799999999999997,13.0,96.0,6.7,320.48566991387827,0.0,271.07157983905125
2019-05-01 14:10:00,,,,,,,,,,,
2019-05-01 14:20:00,,,,,,,,,,,
2019-05-01 14:30:00,,,,,,,,,,,
2019-05-01 14:40:00,,,,,,,,,,,
2019-05-01 14:50:00,,,,,,,,,,,
2019-05-01 15:00:00,28882.0,56.872,164.085,1014.1176470588236,3.799999999999997,13.0,96.0,6.5,314.83834533389813,0.0,271.07157983905125
2019-05-01 15:10:00,,,,,,,,,,,
2019-05-01 15:20:00,,,,,,,,,,,
2019-05-01 15:30:00,,,,,,,,,,,
2019-05-01 15:40:00,,,,,,,,,,,
2019-05-01 15:50:00,,,,,,,,,,,
2019-05-01 16:00:00,28882.0,56.872,164.085,1014.1176470588236,3.799999999999997,13.0,96.0,5.9,306.3673584639277,16.47084660151532,271.07157983905125
2019-05-01 16:10:00,,,,,,,,,,,
2019-05-01 16:20:00,,,,,,,,,,,
2019-05-01 16:30:00,,,,,,,,,,,
2019-05-01 16:40:00,,,,,,,,,,,
2019-05-01 16:50:00,,,,,,,,,,,
2019-05-01 17:00:00,,,,,,,,,,,
2019-05-01 17:10:00,,,,,,,,,,,
2019-05-01 17:20:00,,,,,,,,,,,
2019-05-01 17:30:00,,,,,,,,,,,
2019-05-01 17:40:00,,,,,,,,,,,
2019-05-01 17:50:00,,,,,,,,,,,
2019-05-01 18:00:00,28882.0,56.871,164.074,1014.1176470588236,3.799999999999997,13.0,95.0,5.5,299.3082027389524,126.27649061161743,271.07157983905125
2019-05-01 18:10:00,,,,,,,,,,,
2019-05-01 18:20:00,,,,,,,,,,,
2019-05-01 18:30:00,,,,,,,,,,,
2019-05-01 18:40:00,,,,,,,,,,,
2019-05-01 18:50:00,,,,,,,,,,,
2019-05-01 19:00:00,28882.0,56.870000000000005,164.0685,1014.1176470588236,3.899999999999999,13.0,94.0,5.4,299.3082027389524,230.5918524212145,271.07157983905125
2019-05-01 19:10:00,,,,,,,,,,,
2019-05-01 19:20:00,,,,,,,,,,,
2019-05-01 19:30:00,,,,,,,,,,,
2019-05-01 19:40:00,,,,,,,,,,,
2019-05-01 19:50:00,,,,,,,,,,,
2019-05-01 20:00:00,28882.0,56.870000000000005,164.0685,1014.1176470588236,4.0,13.0,94.0,5.0,300.72003388394745,301.9655210277808,271.07157983905125
2019-05-01 20:10:00,,,,,,,,,,,
2019-05-01 20:20:00,,,,,,,,,,,
2019-05-01 20:30:00,,,,,,,,,,,
2019-05-01 20:40:00,,,,,,,,,,,
2019-05-01 20:50:00,,,,,,,,,,,
2019-05-01 21:00:00,28882.0,56.869,164.063,1014.1176470588236,3.799999999999997,13.0,94.0,4.7,293.6608781589722,247.06269902272976,271.07157983905125
2019-05-01 21:10:00,,,,,,,,,,,
2019-05-01 21:20:00,,,,,,,,,,,
2019-05-01 21:30:00,,,,,,,,,,,
2019-05-01 21:40:00,,,,,,,,,,,
2019-05-01 21:50:00,,,,,,,,,,,
2019-05-01 22:00:00,,,,,,,,,,,
2019-05-01 22:10:00,,,,,,,,,,,
2019-05-01 22:20:00,,,,,,,,,,,
2019-05-01 22:30:00,,,,,,,,,,,
2019-05-01 22:40:00,,,,,,,,,,,
2019-05-01 22:50:00,,,,,,,,,,,
2019-05-01 23:00:00,,,,,,,,,,,
2019-05-01 23:10:00,,,,,,,,,,,
2019-05-01 23:20:00,,,,,,,,,,,
2019-05-01 23:30:00,,,,,,,,,,,
2019-05-01 23:40:00,,,,,,,,,,,
2019-05-01 23:50:00,,,,,,,,,,,
2019-05-02 00:00:00,,,,,,,,,,,
2019-05-02 00:10:00,,,,,,,,,,,
2019-05-02 00:20:00,,,,,,,,,,,
2019-05-02 00:30:00,,,,,,,,,,,
2019-05-02 00:40:00,,,,,,,,,,,
2019-05-02 00:50:00,,,,,,,,,,,
2019-05-02 01:00:00,,,,,,,,,,,
2019-05-02 01:10:00,,,,,,,,,,,
2019-05-02 01:20:00,,,,,,,,,,,
2019-05-02 01:30:00,,,,,,,,,,,
2019-05-02 01:40:00,,,,,,,,,,,
2019-05-02 01:50:00,,,,,,,,,,,
2019-05-02 02:00:00,28882.0,56.87,164.06900000000005,1012.9411764705884,3.899999999999999,13.0,89.0,6.0,271.07157983905125,192.15987701767872,271.07157983905125
2019-05-02 02:10:00,,,,,,,,,,,
2019-05-02 02:20:00,,,,,,,,,,,
2019-05-02 02:30:00,,,,,,,,,,,
2019-05-02 02:40:00,,,,,,,,,,,
2019-05-02 02:50:00,,,,,,,,,,,
2019-05-02 03:00:00,28882.0,56.87,164.06900000000005,1012.9411764705884,3.899999999999999,14.0,88.0,6.5,272.4834109840463,181.1793126166685,271.07157983905125
2019-05-02 03:10:00,,,,,,,,,,,
2019-05-02 03:20:00,,,,,,,,,,,
2019-05-02 03:30:00,,,,,,,,,,,
2019-05-02 03:40:00,,,,,,,,,,,
2019-05-02 03:50:00,,,,,,,,,,,
2019-05-02 04:00:00,28882.0,56.8705,164.07000000000002,1012.9411764705884,3.6000000000000014,14.0,90.0,6.3,272.4834109840463,82.3542330075766,271.07157983905125
2019-05-02 04:10:00,,,,,,,,,,,
2019-05-02 04:20:00,,,,,,,,,,,
2019-05-02 04:30:00,,,,,,,,,,,
2019-05-02 04:40:00,,,,,,,,,,,
2019-05-02 04:50:00,,,,,,,,,,,
2019-05-02 05:00:00,28882.0,56.871,164.071,1012.9411764705884,3.6000000000000014,13.0,90.0,6.8,272.4834109840463,38.43197540353575,271.07157983905125
2019-05-02 05:10:00,,,,,,,,,,,
2019-05-02 05:20:00,,,,,,,,,,,
2019-05-02 05:30:00,,,,,,,,,,,
2019-05-02 05:40:00,,,,,,,,,,,
2019-05-02 05:50:00,,,,,,,,,,,
2019-05-02 06:00:00,28882.0,56.871,164.06849999999997,1012.9411764705884,3.6000000000000014,13.0,86.0,7.4,273.8952421290414,21.961128802020426,271.07157983905125
2019-05-02 06:10:00,,,,,,,,,,,
2019-05-02 06:20:00,,,,,,,,,,,
2019-05-02 06:30:00,,,,,,,,,,,
2019-05-02 06:40:00,,,,,,,,,,,
2019-05-02 06:50:00,,,,,,,,,,,
2019-05-02 07:00:00,28882.0,56.871,164.06599999999997,1012.9411764705884,3.5,13.0,81.0,7.1,275.3070732740364,0.0,271.07157983905125
2019-05-02 07:10:00,,,,,,,,,,,
2019-05-02 07:20:00,,,,,,,,,,,
2019-05-02 07:30:00,,,,,,,,,,,
2019-05-02 07:40:00,,,,,,,,,,,
2019-05-02 07:50:00,,,,,,,,,,,
2019-05-02 08:00:00,28882.0,56.871,164.06599999999997,1012.9411764705884,3.6000000000000014,13.0,81.0,7.0,262.60059296908094,0.0,271.07157983905125
2019-05-02 08:10:00,,,,,,,,,,,
2019-05-02 08:20:00,,,,,,,,,,,
2019-05-02 08:30:00,,,,,,,,,,,
2019-05-02 08:40:00,,,,,,,,,,,
2019-05-02 08:50:00,,,,,,,,,,,
2019-05-02 09:00:00,,,,,,,,,,,
2019-05-02 09:10:00,,,,,,,,,,,
2019-05-02 09:20:00,,,,,,,,,,,
2019-05-02 09:30:00,,,,,,,,,,,
2019-05-02 09:40:00,,,,,,,,,,,
2019-05-02 09:50:00,,,,,,,,,,,
2019-05-02 10:00:00,,,,,,,,,,,
2019-05-02 10:10:00,,,,,,,,,,,
2019-05-02 10:20:00,,,,,,,,,,,
2019-05-02 10:30:00,,,,,,,,,,,
2019-05-02 10:40:00,,,,,,,,,,,
2019-05-02 10:50:00,,,,,,,,,,,
2019-05-02 11:00:00,,,,,,,,,,,
2019-05-02 11:10:00,,,,,,,,,,,
2019-05-02 11:20:00,,,,,,,,,,,
2019-05-02 11:30:00,,,,,,,,,,,
2019-05-02 11:40:00,,,,,,,,,,,
2019-05-02 11:50:00,,,,,,,,,,,
2019-05-02 12:00:00,,,,,,,,,,,
2019-05-02 12:10:00,,,,,,,,,,,
2019-05-02 12:20:00,,,,,,,,,,,
2019-05-02 12:30:00,,,,,,,,,,,
2019-05-02 12:40:00,,,,,,,,,,,
2019-05-02 12:50:00,,,,,,,,,,,
2019-05-02 13:00:00,,,,,,,,,,,
2019-05-02 13:10:00,,,,,,,,,,,
2019-05-02 13:20:00,,,,,,,,,,,
2019-05-02 13:30:00,,,,,,,,,,,
2019-05-02 13:40:00,,,,,,,,,,,
2019-05-02 13:50:00,,,,,,,,,,,
2019-05-02 14:00:00,28882.0,56.867,164.06599999999997,1014.1176470588236,3.6000000000000014,13.0,78.0,7.6,248.48228151913034,0.0,271.07157983905125
2019-05-02 14:10:00,,,,,,,,,,,
2019-05-02 14:20:00,,,,,,,,,,,
2019-05-02 14:30:00,,,,,,,,,,,
2019-05-02 14:40:00,,,,,,,,,,,
2019-05-02 14:50:00,,,,,,,,,,,
2019-05-02 15:00:00,28882.0,56.867,164.06599999999997,996.470588235294,3.299999999999997,13.0,81.0,6.5,255.5414372441056,0.0,271.07157983905125
2019-05-02 15:10:00,,,,,,,,,,,
2019-05-02 15:20:00,,,,,,,,,,,
2019-05-02 15:30:00,,,,,,,,,,,
2019-05-02 15:40:00,,,,,,,,,,,
2019-05-02 15:50:00,,,,,,,,,,,
2019-05-02 16:00:00,28882.0,56.867,164.06599999999997,1010.5882352941176,3.700000000000003,13.0,77.0,8.5,254.12960609911053,32.94169320303064,271.07157983905125
2019-05-02 16:10:00,,,,,,,,,,,
2019-05-02 16:20:00,,,,,,,,,,,
2019-05-02 16:30:00,,,,,,,,,,,
2019-05-02 16:40:00,,,,,,,,,,,
2019-05-02 16:50:00,,,,,,,,,,,
2019-05-02 17:00:00,,,,,,,,,,,
2019-05-02 17:10:00,,,,,,,,,,,
2019-05-02 17:20:00,,,,,,,,,,,
2019-05-02 17:30:00,,,,,,,,,,,
2019-05-02 17:40:00,,,,,,,,,,,
2019-05-02 17:50:00,,,,,,,,,,,
2019-05-02 18:00:00,,,,,,,,,,,
2019-05-02 18:10:00,,,,,,,,,,,
2019-05-02 18:20:00,,,,,,,,,,,
2019-05-02 18:30:00,,,,,,,,,,,
2019-05-02 18:40:00,,,,,,,,,,,
2019-05-02 18:50:00,,,,,,,,,,,
2019-05-02 19:00:00,28882.0,56.87,164.06900000000005,1016.470588235294,4.700000000000003,13.0,76.0,7.9,235.7758012141748,406.2808828373779,271.07157983905125
2019-05-02 19:10:00,,,,,,,,,,,
2019-05-02 19:20:00,,,,,,,,,,,
2019-05-02 19:30:00,,,,,,,,,,,
2019-05-02 19:40:00,,,,,,,,,,,
2019-05-02 19:50:00,,,,,,,,,,,
2019-05-02 20:00:00,28882.0,56.87,164.06900000000005,1017.6470588235294,4.399999999999999,13.0,79.0,7.9,234.3639700691797,483.1448336444493,271.07157983905125
2019-05-02 20:10:00,,,,,,,,,,,
2019-05-02 20:20:00,,,,,,,,,,,
2019-05-02 20:30:00,,,,,,,,,,,
2019-05-02 20:40:00,,,,,,,,,,,
2019-05-02 20:50:00,,,,,,,,,,,
2019-05-02 21:00:00,28882.0,56.87,164.06900000000005,1017.6470588235294,4.799999999999997,13.0,80.0,7.2,228.71664548919944,675.3047106621282,271.07157983905125
2019-05-02 21:10:00,,,,,,,,,,,
2019-05-02 21:20:00,,,,,,,,,,,
2019-05-02 21:30:00,,,,,,,,,,,
2019-05-02 21:40:00,,,,,,,,,,,
2019-05-02 21:50:00,,,,,,,,,,,
2019-05-02 22:00:00,,,,,,,,,,,
2019-05-02 22:10:00,,,,,,,,,,,
2019-05-02 22:20:00,,,,,,,,,,,
2019-05-02 22:30:00,,,,,,,,,,,
2019-05-02 22:40:00,,,,,,,,,,,
2019-05-02 22:50:00,,,,,,,,,,,
2019-05-02 23:00:00,,,,,,,,,,,
2019-05-02 23:10:00,,,,,,,,,,,
2019-05-02 23:20:00,,,,,,,,,,,
2019-05-02 23:30:00,,,,,,,,,,,
2019-05-02 23:40:00,,,,,,,,,,,
2019-05-02 23:50:00,,,,,,,,,,,
2019-05-03 00:00:00,,,,,,,,,,,
2019-05-03 00:10:00,,,,,,,,,,,
2019-05-03 00:20:00,,,,,,,,,,,
2019-05-03 00:30:00,,,,,,,,,,,
2019-05-03 00:40:00,,,,,,,,,,,
2019-05-03 00:50:00,,,,,,,,,,,
2019-05-03 01:00:00,,,,,,,,,,,
2019-05-03 01:10:00,,,,,,,,,,,
2019-05-03 01:20:00,,,,,,,,,,,
2019-05-03 01:30:00,,,,,,,,,,,
2019-05-03 01:40:00,,,,,,,,,,,
2019-05-03 01:50:00,,,,,,,,,,,
2019-05-03 02:00:00,,,,,,,,,,,
2019-05-03 02:10:00,,,,,,,,,,,
2019-05-03 02:20:00,,,,,,,,,,,
2019-05-03 02:30:00,,,,,,,,,,,
2019-05-03 02:40:00,,,,,,,,,,,
2019-05-03 02:50:00,,,,,,,,,,,
2019-05-03 03:00:00,,,,,,,,,,,
2019-05-03 03:10:00,,,,,,,,,,,
2019-05-03 03:20:00,,,,,,,,,,,
2019-05-03 03:30:00,,,,,,,,,,,
2019-05-03 03:40:00,,,,,,,,,,,
2019-05-03 03:50:00,,,,,,,,,,,
2019-05-03 04:00:00,,,,,,,,,,,
2019-05-03 04:10:00,,,,,,,,,,,
2019-05-03 04:20:00,,,,,,,,,,,
2019-05-03 04:30:00,,,,,,,,,,,
2019-05-03 04:40:00,,,,,,,,,,,
2019-05-03 04:50:00,,,,,,,,,,,
2019-05-03 05:00:00,,,,,,,,,,,
2019-05-03 05:10:00,,,,,,,,,,,
2019-05-03 05:20:00,,,,,,,,,,,
2019-05-03 05:30:00,,,,,,,,,,,
2019-05-03 05:40:00,,,,,,,,,,,
2019-05-03 05:50:00,,,,,,,,,,,
2019-05-03 06:00:00,,,,,,,,,,,
2019-05-03 06:10:00,,,,,,,,,,,
2019-05-03 06:20:00,,,,,,,,,,,
2019-05-03 06:30:00,,,,,,,,,,,
2019-05-03 06:40:00,,,,,,,,,,,
2019-05-03 06:50:00,,,,,,,,,,,
2019-05-03 07:00:00,,,,,,,,,,,
2019-05-03 07:10:00,,,,,,,,,,,
2019-05-03 07:20:00,,,,,,,,,,,
2019-05-03 07:30:00,,,,,,,,,,,
2019-05-03 07:40:00,,,,,,,,,,,
2019-05-03 07:50:00,,,,,,,,,,,
2019-05-03 08:00:00,,,,,,,,,,,
2019-05-03 08:10:00,,,,,,,,,,,
2019-05-03 08:20:00,,,,,,,,,,,
2019-05-03 08:30:00,,,,,,,,,,,
2019-05-03 08:40:00,,,,,,,,,,,
2019-05-03 08:50:00,,,,,,,,,,,
2019-05-03 09:00:00,,,,,,,,,,,
2019-05-03 09:10:00,,,,,,,,,,,
2019-05-03 09:20:00,,,,,,,,,,,
2019-05-03 09:30:00,,,,,,,,,,,
2019-05-03 09:40:00,,,,,,,,,,,
2019-05-03 09:50:00,,,,,,,,,,,
2019-05-03 10:00:00,,,,,,,,,,,
2019-05-03 10:10:00,,,,,,,,,,,
2019-05-03 10:20:00,,,,,,,,,,,
2019-05-03 10:30:00,,,,,,,,,,,
2019-05-03 10:40:00,,,,,,,,,,,
2019-05-03 10:50:00,,,,,,,,,,,
2019-05-03 11:00:00,,,,,,,,,,,
2019-05-03 11:10:00,,,,,,,,,,,
2019-05-03 11:20:00,,,,,,,,,,,
2019-05-03 11:30:00,,,,,,,,,,,
2019-05-03 11:40:00,,,,,,,,,,,
2019-05-03 11:50:00,,,,,,,,,,,
2019-05-03 12:00:00,,,,,,,,,,,
2019-05-03 12:10:00,,,,,,,,,,,
2019-05-03 12:20:00,,,,,,,,,,,
2019-05-03 12:30:00,,,,,,,,,,,
2019-05-03 12:40:00,,,,,,,,,,,
2019-05-03 12:50:00,,,,,,,,,,,
2019-05-03 13:00:00,,,,,,,,,,,
2019-05-03 13:10:00,,,,,,,,,,,
2019-05-03 13:20:00,,,,,,,,,,,
2019-05-03 13:30:00,,,,,,,,,,,
2019-05-03 13:40:00,,,,,,,,,,,
2019-05-03 13:50:00,,,,,,,,,,,
2019-05-03 14:00:00,,,,,,,,,,,
2019-05-03 14:10:00,,,,,,,,,,,
2019-05-03 14:20:00,,,,,,,,,,,
2019-05-03 14:30:00,,,,,,,,,,,
2019-05-03 14:40:00,,,,,,,,,,,
2019-05-03 14:50:00,,,,,,,,,,,
2019-05-03 15:00:00,,,,,,,,,,,
2019-05-03 15:10:00,,,,,,,,,,,
2019-05-03 15:20:00,,,,,,,,,,,
2019-05-03 15:30:00,,,,,,,,,,,
2019-05-03 15:40:00,,,,,,,,,,,
2019-05-03 15:50:00,,,,,,,,,,,
2019-05-03 16:00:00,28882.0,56.872,164.09099999999995,1020.0,4.899999999999999,13.0,86.0,7.3,183.5380488493576,32.94169320303064,271.07157983905125
2019-05-03 16:10:00,,,,,,,,,,,
2019-05-03 16:20:00,,,,,,,,,,,
2019-05-03 16:30:00,,,,,,,,,,,
2019-05-03 16:40:00,,,,,,,,,,,
2019-05-03 16:50:00,,,,,,,,,,,
2019-05-03 17:00:00,28882.0,56.870000000000005,164.07849999999996,1020.0,3.5,13.0,49.0,4.7,130.59438091204294,323.92664982980125,280.95439785401663
2019-05-03 17:10:00,,,,,,,,,,,
2019-05-03 17:20:00,,,,,,,,,,,
2019-05-03 17:30:00,,,,,,,,,,,
2019-05-03 17:40:00,,,,,,,,,,,
2019-05-03 17:50:00,,,,,,,,,,,
2019-05-03 18:00:00,28882.0,56.870000000000005,164.07849999999996,1010.5882352941177,7.800000000000001,13.0,83.0,6.7,210.36284060426374,425.4968705391458,268.95383312155866
2019-05-03 18:10:00,,,,,,,,,,,
2019-05-03 18:20:00,,,,,,,,,,,
2019-05-03 18:30:00,,,,,,,,,,,
2019-05-03 18:40:00,,,,,,,,,,,
2019-05-03 18:50:00,,,,,,,,,,,
2019-05-03 19:00:00,28882.0,56.8685,164.0625,1020.0,4.700000000000003,13.0,83.0,5.8,193.42086686432305,225.10157022070933,271.07157983905125
2019-05-03 19:10:00,,,,,,,,,,,
2019-05-03 19:20:00,,,,,,,,,,,
2019-05-03 19:30:00,,,,,,,,,,,
2019-05-03 19:40:00,,,,,,,,,,,
2019-05-03 19:50:00,,,,,,,,,,,
2019-05-03 20:00:00,28882.0,56.869,164.05900000000003,1020.0,4.899999999999999,13.0,82.0,5.0,196.24452915431317,614.9116064565719,271.07157983905125
2019-05-03 20:10:00,,,,,,,,,,,
2019-05-03 20:20:00,,,,,,,,,,,
2019-05-03 20:30:00,,,,,,,,,,,
2019-05-03 20:40:00,,,,,,,,,,,
2019-05-03 20:50:00,,,,,,,,,,,
2019-05-03 21:00:00,28882.0,56.869,164.05900000000003,1020.0,5.100000000000001,13.0,82.0,3.8,194.83269800931808,658.8338640606128,271.07157983905125
2019-05-03 21:10:00,,,,,,,,,,,
2019-05-03 21:20:00,,,,,,,,,,,
2019-05-03 21:30:00,,,,,,,,,,,
2019-05-03 21:40:00,,,,,,,,,,,
2019-05-03 21:50:00,,,,,,,,,,,
2019-05-03 22:00:00,,,,,,,,,,,
2019-05-03 22:10:00,,,,,,,,,,,
2019-05-03 22:20:00,,,,,,,,,,,
2019-05-03 22:30:00,,,,,,,,,,,
2019-05-03 22:40:00,,,,,,,,,,,
2019-05-03 22:50:00,,,,,,,,,,,
2019-05-03 23:00:00,28882.0,56.868,164.074,1018.8235294117646,5.5,14.0,78.0,5.0,183.5380488493576,384.3197540353575,271.07157983905125
2019-05-03 23:10:00,,,,,,,,,,,
2019-05-03 23:20:00,,,,,,,,,,,
2019-05-03 23:30:00,,,,,,,,,,,
2019-05-03 23:40:00,,,,,,,,,,,
2019-05-03 23:50:00,,,,,,,,,,,
2019-05-04 00:00:00,28882.0,56.868,164.074,1018.8235294117646,5.5,14.0,81.0,4.3,186.36171113934773,417.26144723838814,271.07157983905125
2019-05-04 00:10:00,,,,,,,,,,,
2019-05-04 00:20:00,,,,,,,,,,,
2019-05-04 00:30:00,,,,,,,,,,,
2019-05-04 00:40:00,,,,,,,,,,,
2019-05-04 00:50:00,,,,,,,,,,,
2019-05-04 01:00:00,28882.0,56.868,164.074,1018.8235294117646,5.299999999999997,14.0,80.0,5.2,189.18537342933786,587.4601954540464,271.07157983905125
2019-05-04 01:10:00,,,,,,,,,,,
2019-05-04 01:20:00,,,,,,,,,,,
2019-05-04 01:30:00,,,,,,,,,,,
2019-05-04 01:40:00,,,,,,,,,,,
2019-05-04 01:50:00,,,,,,,,,,,
2019-05-04 02:00:00,,,,,,,,,,,
2019-05-04 02:10:00,,,,,,,,,,,
2019-05-04 02:20:00,,,,,,,,,,,
2019-05-04 02:30:00,,,,,,,,,,,
2019-05-04 02:40:00,,,,,,,,,,,
2019-05-04 02:50:00,,,,,,,,,,,
2019-05-04 03:00:00,,,,,,,,,,,
2019-05-04 03:10:00,,,,,,,,,,,
2019-05-04 03:20:00,,,,,,,,,,,
2019-05-04 03:30:00,,,,,,,,,,,
2019-05-04 03:40:00,,,,,,,,,,,
2019-05-04 03:50:00,,,,,,,,,,,
2019-05-04 04:00:00,28882.0,56.8645,164.08050000000003,1018.8235294117646,5.600000000000001,14.0,80.0,4.4,176.47889312438232,274.5141100252553,271.07157983905125
2019-05-04 04:10:00,,,,,,,,,,,
2019-05-04 04:20:00,,,,,,,,,,,
2019-05-04 04:30:00,,,,,,,,,,,
2019-05-04 04:40:00,,,,,,,,,,,
2019-05-04 04:50:00,,,,,,,,,,,
2019-05-04 05:00:00,28882.0,56.8645,164.08050000000003,1017.6470588235294,5.5,14.0,81.0,4.7,177.89072426937736,142.74733721313274,271.07157983905125
2019-05-04 05:10:00,,,,,,,,,,,
2019-05-04 05:20:00,,,,,,,,,,,
2019-05-04 05:30:00,,,,,,,,,,,
2019-05-04 05:40:00,,,,,,,,,,,
2019-05-04 05:50:00,,,,,,,,,,,
2019-05-04 06:00:00,28882.0,56.8645,164.08050000000003,1017.6470588235294,5.100000000000001,14.0,82.0,4.7,165.18424396442185,32.94169320303064,271.07157983905125
2019-05-04 06:10:00,,,,,,,,,,,
2019-05-04 06:20:00,,,,,,,,,,,
2019-05-04 06:30:00,,,,,,,,,,,
2019-05-04 06:40:00,,,,,,,,,,,
2019-05-04 06:50:00,,,,,,,,,,,
2019-05-04 07:00:00,,,,,,,,,,,
2019-05-04 07:10:00,,,,,,,,,,,
2019-05-04 07:20:00,,,,,,,,,,,
2019-05-04 07:30:00,,,,,,,,,,,
2019-05-04 07:40:00,,,,,,,,,,,
2019-05-04 07:50:00,,,,,,,,,,,
2019-05-04 08:00:00,,,,,,,,,,,
2019-05-04 08:10:00,,,,,,,,,,,
2019-05-04 08:20:00,,,,,,,,,,,
2019-05-04 08:30:00,,,,,,,,,,,
2019-05-04 08:40:00,,,,,,,,,,,
2019-05-04 08:50:00,,,,,,,,,,,
2019-05-04 09:00:00,,,,,,,,,,,
2019-05-04 09:10:00,,,,,,,,,,,
2019-05-04 09:20:00,,,,,,,,,,,
2019-05-04 09:30:00,,,,,,,,,,,
2019-05-04 09:40:00,,,,,,,,,,,
2019-05-04 09:50:00,,,,,,,,,,,
2019-05-04 10:00:00,,,,,,,,,,,
2019-05-04 10:10:00,,,,,,,,,,,
2019-05-04 10:20:00,,,,,,,,,,,
2019-05-04 10:30:00,,,,,,,,,,,
2019-05-04 10:40:00,,,,,,,,,,,
2019-05-04 10:50:00,,,,,,,,,,,
2019-05-04 11:00:00,,,,,,,,,,,
2019-05-04 11:10:00,,,,,,,,,,,
2019-05-04 11:20:00,,,,,,,,,,,
2019-05-04 11:30:00,,,,,,,,,,,
2019-05-04 11:40:00,,,,,,,,,,,
2019-05-04 11:50:00,,,,,,,,,,,
2019-05-04 12:00:00,,,,,,,,,,,
2019-05-04 12:10:00,,,,,,,,,,,
2019-05-04 12:20:00,,,,,,,,,,,
2019-05-04 12:30:00,,,,,,,,,,,
2019-05-04 12:40:00,,,,,,,,,,,
2019-05-04 12:50:00,,,,,,,,,,,
2019-05-04 13:00:00,28882.0,56.868,164.07299999999995,1016.470588235294,4.700000000000003,13.0,81.0,4.6,125.6529719045602,0.0,271.07157983905125
2019-05-04 13:10:00,,,,,,,,,,,
2019-05-04 13:20:00,,,,,,,,,,,
2019-05-04 13:30:00,,,,,,,,,,,
2019-05-04 13:40:00,,,,,,,,,,,
2019-05-04 13:50:00,,,,,,,,,,,
2019-05-04 14:00:00,28882.0,56.868,164.07299999999995,1016.470588235294,4.799999999999997,13.0,83.0,5.1,111.53466045460962,0.0,271.07157983905125
2019-05-04 14:10:00,,,,,,,,,,,
2019-05-04 14:20:00,,,,,,,,,,,
2019-05-04 14:30:00,,,,,,,,,,,
2019-05-04 14:40:00,,,,,,,,,,,
2019-05-04 14:50:00,,,,,,,,,,,
2019-05-04 15:00:00,28882.0,56.868,164.07299999999995,1016.470588235294,4.700000000000003,13.0,82.0,6.3,122.82930961457008,5.490282200505106,271.07157983905125
2019-05-04 15:10:00,,,,,,,,,,,
2019-05-04 15:20:00,,,,,,,,,,,
2019-05-04 15:30:00,,,,,,,,,,,
2019-05-04 15:40:00,,,,,,,,,,,
2019-05-04 15:50:00,,,,,,,,,,,
2019-05-04 16:00:00,,,,,,,,,,,
2019-05-04 16:10:00,,,,,,,,,,,
2019-05-04 16:20:00,,,,,,,,,,,
2019-05-04 16:30:00,,,,,,,,,,,
2019-05-04 16:40:00,,,,,,,,,,,
2019-05-04 16:50:00,,,,,,,,,,,
2019-05-04 17:00:00,28882.0,56.871,164.06900000000005,1015.2941176470587,4.899999999999999,13.0,79.0,6.9,115.77015388959481,126.27649061161743,271.07157983905125
2019-05-04 17:10:00,,,,,,,,,,,
2019-05-04 17:20:00,,,,,,,,,,,
2019-05-04 17:30:00,,,,,,,,,,,
2019-05-04 17:40:00,,,,,,,,,,,
2019-05-04 17:50:00,,,,,,,,,,,
2019-05-04 18:00:00,28882.0,56.871,164.06900000000005,1015.2941176470587,4.899999999999999,13.0,80.0,7.5,125.6529719045602,131.76677281212255,271.07157983905125
2019-05-04 18:10:00,,,,,,,,,,,
2019-05-04 18:20:00,,,,,,,,,,,
2019-05-04 18:30:00,,,,,,,,,,,
2019-05-04 18:40:00,,,,,,,,,,,
2019-05-04 18:50:00,,,,,,,,,,,
2019-05-04 19:00:00,28882.0,56.871,164.06900000000005,1015.2941176470587,5.0,13.0,79.0,6.6,138.35945220951572,230.5918524212145,271.07157983905125
2019-05-04 19:10:00,,,,,,,,,,,
2019-05-04 19:20:00,,,,,,,,,,,
2019-05-04 19:30:00,,,,,,,,,,,
2019-05-04 19:40:00,,,,,,,,,,,
2019-05-04 19:50:00,,,,,,,,,,,
2019-05-04 20:00:00,,,,,,,,,,,
2019-05-04 20:10:00,,,,,,,,,,,
2019-05-04 20:20:00,,,,,,,,,,,
2019-05-04 20:30:00,,,,,,,,,,,
2019-05-04 20:40:00,,,,,,,,,,,
2019-05-04 20:50:00,,,,,,,,,,,
2019-05-04 21:00:00,,,,,,,,,,,
2019-05-04 21:10:00,,,,,,,,,,,
2019-05-04 21:20:00,,,,,,,,,,,
2019-05-04 21:30:00,,,,,,,,,,,
2019-05-04 21:40:00,,,,,,,,,,,
2019-05-04 21:50:00,,,,,,,,,,,
2019-05-04 22:00:00,,,,,,,,,,,
2019-05-04 22:10:00,,,,,,,,,,,
2019-05-04 22:20:00,,,,,,,,,,,
2019-05-04 22:30:00,,,,,,,,,,,
2019-05-04 22:40:00,,,,,,,,,,,
2019-05-04 22:50:00,,,,,,,,,,,
2019-05-04 23:00:00,28882.0,56.871,164.06099999999995,975.2941176470587,,,51.0,,107.29916701962445,323.92664982980125,79.06254411972326
2019-05-04 23:10:00,,,,,,,,,,,
2019-05-04 23:20:00,,,,,,,,,,,
2019-05-04 23:30:00,,,,,,,,,,,
2019-05-04 23:40:00,,,,,,,,,,,
2019-05-04 23:50:00,,,,,,,,,,,
2019-05-05 00:00:00,28882.0,56.871,164.06099999999995,1011.7647058823527,,15.0,82.0,,151.06593251447126,54.90282200505106,83.29803755470846
2019-05-05 00:10:00,,,,,,,,,,,
2019-05-05 00:20:00,,,,,,,,,,,
2019-05-05 00:30:00,,,,,,,,,,,
2019-05-05 00:40:00,,,,,,,,,,,
2019-05-05 00:50:00,,,,,,,,,,,
2019-05-05 01:00:00,28882.0,56.871,164.06099999999995,1011.7647058823527,5.399999999999999,14.0,80.0,7.6,103.06367358463928,472.16426924343915,271.07157983905125
2019-05-05 01:10:00,,,,,,,,,,,
2019-05-05 01:20:00,,,,,,,,,,,
2019-05-05 01:30:00,,,,,,,,,,,
2019-05-05 01:40:00,,,,,,,,,,,
2019-05-05 01:50:00,,,,,,,,,,,
2019-05-05 02:00:00,,,,,,,,,,,
2019-05-05 02:10:00,,,,,,,,,,,
2019-05-05 02:20:00,,,,,,,,,,,
2019-05-05 02:30:00,,,,,,,,,,,
2019-05-05 02:40:00,,,,,,,,,,,
2019-05-05 02:50:00,,,,,,,,,,,
2019-05-05 03:00:00,,,,,,,,,,,
2019-05-05 03:10:00,,,,,,,,,,,
2019-05-05 03:20:00,,,,,,,,,,,
2019-05-05 03:30:00,,,,,,,,,,,
2019-05-05 03:40:00,,,,,,,,,,,
2019-05-05 03:50:00,,,,,,,,,,,
2019-05-05 04:00:00,28882.0,56.87300000000001,164.06599999999997,1008.2352941176473,4.799999999999997,14.0,83.0,8.8,94.59268671466893,71.37366860656637,271.07157983905125
2019-05-05 04:10:00,,,,,,,,,,,
2019-05-05 04:20:00,,,,,,,,,,,
2019-05-05 04:30:00,,,,,,,,,,,
2019-05-05 04:40:00,,,,,,,,,,,
2019-05-05 04:50:00,,,,,,,,,,,
2019-05-05 05:00:00,28882.0,56.87300000000001,164.06599999999997,1008.2352941176473,4.899999999999999,14.0,81.0,7.5,83.29803755470846,49.412539804545965,271.07157983905125
2019-05-05 05:10:00,,,,,,,,,,,
2019-05-05 05:20:00,,,,,,,,,,,
2019-05-05 05:30:00,,,,,,,,,,,
2019-05-05 05:40:00,,,,,,,,,,,
2019-05-05 05:50:00,,,,,,,,,,,
2019-05-05 06:00:00,28882.0,56.87300000000001,164.06599999999997,1007.0588235294116,4.799999999999997,14.0,83.0,9.2,83.29803755470846,16.47084660151532,271.07157983905125
2019-05-05 06:10:00,,,,,,,,,,,
2019-05-05 06:20:00,,,,,,,,,,,
2019-05-05 06:30:00,,,,,,,,,,,
2019-05-05 06:40:00,,,,,,,,,,,
2019-05-05 06:50:00,,,,,,,,,,,
2019-05-05 07:00:00,,,,,,,,,,,
2019-05-05 07:10:00,,,,,,,,,,,
2019-05-05 07:20:00,,,,,,,,,,,
2019-05-05 07:30:00,,,,,,,,,,,
2019-05-05 07:40:00,,,,,,,,,,,
2019-05-05 07:50:00,,,,,,,,,,,
2019-05-05 08:00:00,,,,,,,,,,,
2019-05-05 08:10:00,,,,,,,,,,,
2019-05-05 08:20:00,,,,,,,,,,,
2019-05-05 08:30:00,,,,,,,,,,,
2019-05-05 08:40:00,,,,,,,,,,,
2019-05-05 08:50:00,,,,,,,,,,,
2019-05-05 09:00:00,,,,,,,,,,,
2019-05-05 09:10:00,,,,,,,,,,,
2019-05-05 09:20:00,,,,,,,,,,,
2019-05-05 09:30:00,,,,,,,,,,,
2019-05-05 09:40:00,,,,,,,,,,,
2019-05-05 09:50:00,,,,,,,,,,,
2019-05-05 10:00:00,,,,,,,,,,,
2019-05-05 10:10:00,,,,,,,,,,,
2019-05-05 10:20:00,,,,,,,,,,,
2019-05-05 10:30:00,,,,,,,,,,,
2019-05-05 10:40:00,,,,,,,,,,,
2019-05-05 10:50:00,,,,,,,,,,,
2019-05-05 11:00:00,,,,,,,,,,,
2019-05-05 11:10:00,,,,,,,,,,,
2019-05-05 11:20:00,,,,,,,,,,,
2019-05-05 11:30:00,,,,,,,,,,,
2019-05-05 11:40:00,,,,,,,,,,,
2019-05-05 11:50:00,,,,,,,,,,,
2019-05-05 12:00:00,,,,,,,,,,,
2019-05-05 12:10:00,,,,,,,,,,,
2019-05-05 12:20:00,,,,,,,,,,,
2019-05-05 12:30:00,,,,,,,,,,,
2019-05-05 12:40:00,,,,,,,,,,,
2019-05-05 12:50:00,,,,,,,,,,,
2019-05-05 13:00:00,,,,,,,,,,,
2019-05-05 13:10:00,,,,,,,,,,,
2019-05-05 13:20:00,,,,,,,,,,,
2019-05-05 13:30:00,,,,,,,,,,,
2019-05-05 13:40:00,,,,,,,,,,,
2019-05-05 13:50:00,,,,,,,,,,,
2019-05-05 14:00:00,,,,,,,,,,,
2019-05-05 14:10:00,,,,,,,,,,,
2019-05-05 14:20:00,,,,,,,,,,,
2019-05-05 14:30:00,,,,,,,,,,,
2019-05-05 14:40:00,,,,,,,,,,,
2019-05-05 14:50:00,,,,,,,,,,,
2019-05-05 15:00:00,,,,,,,,,,,
2019-05-05 15:10:00,,,,,,,,,,,
2019-05-05 15:20:00,,,,,,,,,,,
2019-05-05 15:30:00,,,,,,,,,,,
2019-05-05 15:40:00,,,,,,,,,,,
2019-05-05 15:50:00,,,,,,,,,,,
2019-05-05 16:00:00,,,,,,,,,,,
2019-05-05 16:10:00,,,,,,,,,,,
2019-05-05 16:20:00,,,,,,,,,,,
2019-05-05 16:30:00,,,,,,,,,,,
2019-05-05 16:40:00,,,,,,,,,,,
2019-05-05 16:50:00,,,,,,,,,,,
2019-05-05 17:00:00,,,,,,,,,,,
2019-05-05 17:10:00,,,,,,,,,,,
2019-05-05 17:20:00,,,,,,,,,,,
2019-05-05 17:30:00,,,,,,,,,,,
2019-05-05 17:40:00,,,,,,,,,,,
2019-05-05 17:50:00,,,,,,,,,,,
2019-05-05 18:00:00,28882.0,56.87,164.074,997.6470588235294,4.5,13.0,85.0,8.0,64.94423266977269,76.86395080707149,271.07157983905125
2019-05-05 18:10:00,,,,,,,,,,,
2019-05-05 18:20:00,,,,,,,,,,,
2019-05-05 18:30:00,,,,,,,,,,,
2019-05-05 18:40:00,,,,,,,,,,,
2019-05-05 18:50:00,,,,,,,,,,,
2019-05-05 19:00:00,28882.0,56.87,164.074,997.6470588235294,4.5,13.0,85.0,8.2,64.94423266977269,82.3542330075766,271.07157983905125
2019-05-05 19:10:00,,,,,,,,,,,
2019-05-05 19:20:00,,,,,,,,,,,
2019-05-05 19:30:00,,,,,,,,,,,
2019-05-05 19:40:00,,,,,,,,,,,
2019-05-05 19:50:00,,,,,,,,,,,
2019-05-05 20:00:00,28882.0,56.87,164.074,996.470588235294,4.600000000000001,13.0,85.0,7.5,62.120570379782585,219.61128802020423,271.07157983905125
2019-05-05 20:10:00,,,,,,,,,,,
2019-05-05 20:20:00,,,,,,,,,,,
2019-05-05 20:30:00,,,,,,,,,,,
2019-05-05 20:40:00,,,,,,,,,,,
2019-05-05 20:50:00,,,,,,,,,,,
2019-05-05 21:00:00,,,,,,,,,,,
2019-05-05 21:10:00,,,,,,,,,,,
2019-05-05 21:20:00,,,,,,,,,,,
2019-05-05 21:30:00,,,,,,,,,,,
2019-05-05 21:40:00,,,,,,,,,,,
2019-05-05 21:50:00,,,,,,,,,,,
2019-05-05 22:00:00,,,,,,,,,,,
2019-05-05 22:10:00,,,,,,,,,,,
2019-05-05 22:20:00,,,,,,,,,,,
2019-05-05 22:30:00,,,,,,,,,,,
2019-05-05 22:40:00,,,,,,,,,,,
2019-05-05 22:50:00,,,,,,,,,,,
2019-05-05 23:00:00,,,,,,,,,,,
2019-05-05 23:10:00,,,,,,,,,,,
2019-05-05 23:20:00,,,,,,,,,,,
2019-05-05 23:30:00,,,,,,,,,,,
2019-05-05 23:40:00,,,,,,,,,,,
2019-05-05 23:50:00,,,,,,,,,,,
2019-05-06 00:00:00,,,,,,,,,,,
2019-05-06 00:10:00,,,,,,,,,,,
2019-05-06 00:20:00,,,,,,,,,,,
2019-05-06 00:30:00,,,,,,,,,,,
2019-05-06 00:40:00,,,,,,,,,,,
2019-05-06 00:50:00,,,,,,,,,,,
2019-05-06 01:00:00,,,,,,,,,,,
2019-05-06 01:10:00,,,,,,,,,,,
2019-05-06 01:20:00,,,,,,,,,,,
2019-05-06 01:30:00,,,,,,,,,,,
2019-05-06 01:40:00,,,,,,,,,,,
2019-05-06 01:50:00,,,,,,,,,,,
2019-05-06 02:00:00,,,,,,,,,,,
2019-05-06 02:10:00,,,,,,,,,,,
2019-05-06 02:20:00,,,,,,,,,,,
2019-05-06 02:30:00,,,,,,,,,,,
2019-05-06 02:40:00,,,,,,,,,,,
2019-05-06 02:50:00,,,,,,,,,,,
2019-05-06 03:00:00,28882.0,56.87,164.06799999999996,992.9411764705884,4.100000000000001,14.0,89.0,6.5,53.649583509812224,197.65015921818386,271.07157983905125
2019-05-06 03:10:00,,,,,,,,,,,
2019-05-06 03:20:00,,,,,,,,,,,
2019-05-06 03:30:00,,,,,,,,,,,
2019-05-06 03:40:00,,,,,,,,,,,
2019-05-06 03:50:00,,,,,,,,,,,
2019-05-06 04:00:00,28882.0,56.87,164.06799999999996,992.9411764705884,4.100000000000001,13.0,90.0,7.1,60.70873923478752,115.29592621060725,271.07157983905125
2019-05-06 04:10:00,,,,,,,,,,,
2019-05-06 04:20:00,,,,,,,,,,,
2019-05-06 04:30:00,,,,,,,,,,,
2019-05-06 04:40:00,,,,,,,,,,,
2019-05-06 04:50:00,,,,,,,,,,,
2019-05-06 05:00:00,28882.0,56.87,164.06799999999996,992.9411764705884,4.100000000000001,14.0,90.0,6.7,62.120570379782585,82.3542330075766,271.07157983905125
2019-05-06 05:10:00,,,,,,,,,,,
2019-05-06 05:20:00,,,,,,,,,,,
2019-05-06 05:30:00,,,,,,,,,,,
2019-05-06 05:40:00,,,,,,,,,,,
2019-05-06 05:50:00,,,,,,,,,,,
2019-05-06 06:00:00,,,,,,,,,,,
2019-05-06 06:10:00,,,,,,,,,,,
2019-05-06 06:20:00,,,,,,,,,,,
2019-05-06 06:30:00,,,,,,,,,,,
2019-05-06 06:40:00,,,,,,,,,,,
2019-05-06 06:50:00,,,,,,,,,,,
2019-05-06 07:00:00,,,,,,,,,,,
2019-05-06 07:10:00,,,,,,,,,,,
2019-05-06 07:20:00,,,,,,,,,,,
2019-05-06 07:30:00,,,,,,,,,,,
2019-05-06 07:40:00,,,,,,,,,,,
2019-05-06 07:50:00,,,,,,,,,,,
2019-05-06 08:00:00,,,,,,,,,,,
2019-05-06 08:10:00,,,,,,,,,,,
2019-05-06 08:20:00,,,,,,,,,,,
2019-05-06 08:30:00,,,,,,,,,,,
2019-05-06 08:40:00,,,,,,,,,,,
2019-05-06 08:50:00,,,,,,,,,,,
2019-05-06 09:00:00,,,,,,,,,,,
2019-05-06 09:10:00,,,,,,,,,,,
2019-05-06 09:20:00,,,,,,,,,,,
2019-05-06 09:30:00,,,,,,,,,,,
2019-05-06 09:40:00,,,,,,,,,,,
2019-05-06 09:50:00,,,,,,,,,,,
2019-05-06 10:00:00,,,,,,,,,,,
2019-05-06 10:10:00,,,,,,,,,,,
2019-05-06 10:20:00,,,,,,,,,,,
2019-05-06 10:30:00,,,,,,,,,,,
2019-05-06 10:40:00,,,,,,,,,,,
2019-05-06 10:50:00,,,,,,,,,,,
2019-05-06 11:00:00,,,,,,,,,,,
2019-05-06 11:10:00,,,,,,,,,,,
2019-05-06 11:20:00,,,,,,,,,,,
2019-05-06 11:30:00,,,,,,,,,,,
2019-05-06 11:40:00,,,,,,,,,,,
2019-05-06 11:50:00,,,,,,,,,,,
2019-05-06 12:00:00,,,,,,,,,,,
2019-05-06 12:10:00,,,,,,,,,,,
2019-05-06 12:20:00,,,,,,,,,,,
2019-05-06 12:30:00,,,,,,,,,,,
2019-05-06 12:40:00,,,,,,,,,,,
2019-05-06 12:50:00,,,,,,,,,,,
2019-05-06 13:00:00,28882.0,56.872,164.06799999999996,992.9411764705884,4.899999999999999,13.0,89.0,5.4,166.59607510941692,0.0,271.07157983905125
2019-05-06 13:10:00,,,,,,,,,,,
2019-05-06 13:20:00,,,,,,,,,,,
2019-05-06 13:30:00,,,,,,,,,,,
2019-05-06 13:40:00,,,,,,,,,,,
2019-05-06 13:50:00,,,,,,,,,,,
2019-05-06 14:00:00,28882.0,56.872,164.06799999999996,992.9411764705884,5.0,13.0,90.0,6.2,162.36058167443173,0.0,271.07157983905125
2019-05-06 14:10:00,,,,,,,,,,,
2019-05-06 14:20:00,,,,,,,,,,,
2019-05-06 14:30:00,,,,,,,,,,,
2019-05-06 14:40:00,,,,,,,,,,,
2019-05-06 14:50:00,,,,,,,,,,,
2019-05-06 15:00:00,28882.0,56.872,164.06799999999996,992.9411764705884,5.200000000000003,13.0,86.0,6.4,155.30142594945644,356.8683430328319,271.07157983905125
2019-05-06 15:10:00,,,,,,,,,,,
2019-05-06 15:20:00,,,,,,,,,,,
2019-05-06 15:30:00,,,,,,,,,,,
2019-05-06 15:40:00,,,,,,,,,,,
2019-05-06 15:50:00,,,,,,,,,,,
2019-05-06 16:00:00,28882.0,56.875,164.09,992.9411764705884,5.200000000000003,13.0,87.0,4.6,151.06593251447126,27.45141100252553,271.07157983905125
2019-05-06 16:10:00,,,,,,,,,,,
2019-05-06 16:20:00,,,,,,,,,,,
2019-05-06 16:30:00,,,,,,,,,,,
2019-05-06 16:40:00,,,,,,,,,,,
2019-05-06 16:50:00,,,,,,,,,,,
2019-05-06 17:00:00,28882.0,56.875,164.09,992.9411764705884,5.200000000000003,13.0,87.0,5.2,145.41860793449104,98.82507960909193,271.07157983905125
2019-05-06 17:10:00,,,,,,,,,,,
2019-05-06 17:20:00,,,,,,,,,,,
2019-05-06 17:30:00,,,,,,,,,,,
2019-05-06 17:40:00,,,,,,,,,,,
2019-05-06 17:50:00,,,,,,,,,,,
2019-05-06 18:00:00,28882.0,56.875,164.09,992.9411764705884,5.100000000000001,13.0,86.0,5.2,152.4777636594663,109.80564401010211,271.07157983905125
