stationno,datetime,datetime,datetime
001,12,1930-07-01 12:00:00+00:00,1944-06-06 20:00:00+00:00
002,20,1930-06-21 08:00:00+00:00,1944-12-30 16:00:00+00:00
003,15,1933-06-27 12:00:00+00:00,1944-12-30 20:00:00+00:00
004,76,1943-09-04 16:00:00+00:00,1944-06-19 16:00:00+00:00
005,12,1930-07-05 08:00:00+00:00,1944-05-26 16:00:00+00:00
006,32,1930-06-17 16:00:00+00:00,1944-10-26 08:00:00+00:00
007,44,1929-01-18 16:00:00+00:00,1944-10-26 04:00:00+00:00
008,42,1926-02-05 12:00:00+00:00,1944-10-23 16:00:00+00:00
009,20,1926-02-05 08:00:00+00:00,1944-08-23 12:00:00+00:00
010,16,1929-03-19 08:00:00+00:00,1945-03-03 16:00:00+00:00
012,16,1930-07-11 08:00:00+00:00,1944-07-07 04:00:00+00:00
014,37,1928-10-12 12:00:00+00:00,1944-08-09 12:00:00+00:00
015,40,1928-10-12 08:00:00+00:00,1945-01-16 12:00:00+00:00
016,89,1928-10-12 16:00:00+00:00,1945-01-16 20:00:00+00:00
017,95,1926-03-31 08:00:00+00:00,1944-08-07 08:00:00+00:00
018,45,1934-11-08 08:00:00+00:00,1945-01-15 04:00:00+00:00
019,60,1930-12-04 12:00:00+00:00,1945-01-20 12:00:00+00:00
020,392,1928-11-02 08:00:00+00:00,1945-02-20 04:00:00+00:00
021,51,1929-09-14 08:00:00+00:00,1945-01-20 20:00:00+00:00
022,74,1928-10-02 08:00:00+00:00,1945-02-01 12:00:00+00:00
023,86,1928-10-05 08:00:00+00:00,1945-02-21 16:00:00+00:00
024,92,1927-01-24 08:00:00+00:00,1945-05-23 20:00:00+00:00
025,100,1929-08-15 08:00:00+00:00,1945-02-02 08:00:00+00:00
026,51,1933-05-12 12:00:00+00:00,1945-04-13 16:00:00+00:00
027,60,1935-11-26 16:00:00+00:00,1945-06-18 12:00:00+00:00
028,62,1933-03-28 12:00:00+00:00,1945-02-05 20:00:00+00:00
029,80,1932-02-02 16:00:00+00:00,1945-03-31 16:00:00+00:00
030,90,1932-05-10 12:00:00+00:00,1945-05-06 16:00:00+00:00
031,83,1920-07-16 01:00:00+00:00,1945-05-06 12:00:00+00:00
032,81,1933-04-23 20:00:00+00:00,1945-07-14 08:00:00+00:00
033,77,1932-03-02 20:00:00+00:00,1945-07-14 16:00:00+00:00
034,92,1928-06-20 08:00:00+00:00,1945-05-30 16:00:00+00:00
035,75,1932-06-21 08:00:00+00:00,1945-06-10 08:00:00+00:00
036,81,1932-06-21 12:00:00+00:00,1945-07-15 08:00:00+00:00
037,80,1932-03-13 08:00:00+00:00,1945-07-15 12:00:00+00:00
038,83,1932-06-21 16:00:00+00:00,1945-07-15 16:00:00+00:00
039,111,1932-03-15 16:00:00+00:00,1945-03-24 04:00:00+00:00
040,1357,1932-03-15 12:00:00+00:00,1945-07-29 12:00:00+00:00
041,111,1931-11-03 12:00:00+00:00,1945-07-30 16:00:00+00:00
042,78,1930-08-07 08:00:00+00:00,1945-05-17 16:00:00+00:00
043,58,1921-03-03 08:00:00+00:00,1945-08-21 08:00:00+00:00
044,62,1933-05-20 08:00:00+00:00,1945-08-19 16:00:00+00:00
045,3347,1932-04-29 12:00:00+00:00,1945-08-15 12:00:00+00:00
046,59,1933-04-19 12:00:00+00:00,1945-08-15 08:00:00+00:00
047,56,1933-04-19 08:00:00+00:00,1945-03-17 16:00:00+00:00
048,68,1932-02-07 16:00:00+00:00,1945-03-17 12:00:00+00:00
049,152,1932-04-30 12:00:00+00:00,1945-07-29 08:00:00+00:00
050,93,1932-05-06 12:00:00+00:00,1945-08-14 16:00:00+00:00
051,123,1933-02-11 12:00:00+00:00,1945-08-14 12:00:00+00:00
052,108,1933-04-01 16:00:00+00:00,1945-08-14 08:00:00+00:00
053,119,1933-04-01 08:00:00+00:00,1945-07-24 16:00:00+00:00
054,77,1933-06-02 20:00:00+00:00,1945-08-13 16:00:00+00:00
055,233,1928-05-26 08:00:00+00:00,1945-08-13 12:00:00+00:00
056,201,1932-02-19 20:00:00+00:00,1945-02-25 16:00:00+00:00
057,362,1928-05-18 08:00:00+00:00,1945-03-13 20:00:00+00:00
058,483,1928-05-21 08:00:00+00:00,1945-05-25 04:00:00+00:00
059,221,1932-02-09 16:00:00+00:00,1945-06-16 16:00:00+00:00
060,156,1933-03-14 13:00:00+00:00,1945-06-30 20:00:00+00:00
061,110,1914-07-01 01:00:00+00:00,1945-06-16 12:00:00+00:00
062,219,1932-09-17 08:00:00+00:00,1945-06-16 08:00:00+00:00
063,92,1932-09-17 12:00:00+00:00,1945-06-30 08:00:00+00:00
064,84,1932-09-17 16:00:00+00:00,1945-03-08 16:00:00+00:00
065,48,1933-06-15 20:00:00+00:00,1945-06-30 16:00:00+00:00
066,66,1928-10-01 16:00:00+00:00,1945-03-27 04:00:00+00:00
067,94,1930-04-14 16:00:00+00:00,1945-03-28 08:00:00+00:00
068,169,1931-12-02 16:00:00+00:00,1945-03-30 08:00:00+00:00
069,236,1930-01-27 08:00:00+00:00,1945-03-31 20:00:00+00:00
070,344,1928-10-16 16:00:00+00:00,1945-03-30 20:00:00+00:00
071,242,1929-06-15 12:00:00+00:00,1945-03-21 04:00:00+00:00
072,139,1927-02-01 08:00:00+00:00,1945-03-24 08:00:00+00:00
073,243,1927-03-09 08:00:00+00:00,1945-06-24 12:00:00+00:00
074,292,1926-01-20 12:00:00+00:00,1945-03-27 12:00:00+00:00
075,4051,1926-01-23 08:00:00+00:00,1945-08-19 16:00:00+00:00
076,175,1928-02-21 08:00:00+00:00,1945-05-20 12:00:00+00:00
077,83,1927-04-18 08:00:00+00:00,1945-01-30 20:00:00+00:00
078,186,1926-01-27 08:00:00+00:00,1945-08-30 16:00:00+00:00
079,132,1926-01-27 16:00:00+00:00,1945-02-14 08:00:00+00:00
080,169,1927-03-30 08:00:00+00:00,1945-03-11 12:00:00+00:00
081,93,1929-03-08 16:00:00+00:00,1945-02-23 16:00:00+00:00
085,55,1927-04-13 08:00:00+00:00,1944-10-19 12:00:00+00:00
086,25,1926-03-15 08:00:00+00:00,1945-01-14 12:00:00+00:00
087,102,1927-04-19 08:00:00+00:00,1944-07-19 20:00:00+00:00
088,26,1927-06-19 08:00:00+00:00,1944-10-20 08:00:00+00:00
089,32,1929-01-22 08:00:00+00:00,1944-12-27 12:00:00+00:00
090,117,1931-03-26 16:00:00+00:00,1945-03-06 20:00:00+00:00
091,38,1931-06-14 12:00:00+00:00,1945-03-05 12:00:00+00:00
092,13,1927-02-26 08:00:00+00:00,1943-07-30 16:00:00+00:00
093,18,1926-02-10 16:00:00+00:00,1944-04-27 08:00:00+00:00
094,322,1926-02-01 08:00:00+00:00,1944-12-15 16:00:00+00:00
095,38,1929-01-19 12:00:00+00:00,1945-07-06 08:00:00+00:00
102,146,1928-11-04 08:00:00+00:00,1944-06-19 08:00:00+00:00
103,24,1940-02-06 12:00:00+00:00,1945-03-03 08:00:00+00:00
104,67,1935-10-24 12:00:00+00:00,1944-10-26 16:00:00+00:00
105,20,1936-11-23 16:00:00+00:00,1944-10-26 12:00:00+00:00
107,42,1926-03-27 08:00:00+00:00,1942-11-07 04:00:00+00:00
108,36,1926-03-27 12:00:00+00:00,1945-03-03 08:00:00+00:00
109,51,1927-02-21 08:00:00+00:00,1945-03-03 12:00:00+00:00
110,33,1916-02-17 01:00:00+00:00,1944-10-18 08:00:00+00:00
111,18,1929-01-18 16:00:00+00:00,1944-10-06 16:00:00+00:00
114,259,1931-09-23 16:00:00+00:00,1944-10-17 16:00:00+00:00
115,42,1931-09-28 08:00:00+00:00,1944-11-05 16:00:00+00:00
116,23,1930-04-17 20:00:00+00:00,1945-01-16 16:00:00+00:00
117,86,1926-03-31 16:00:00+00:00,1944-10-28 12:00:00+00:00
118,110,1929-04-25 16:00:00+00:00,1945-01-15 20:00:00+00:00
119,136,1932-03-12 20:00:00+00:00,1945-02-20 08:00:00+00:00
120,94,1929-10-15 12:00:00+00:00,1945-01-05 04:00:00+00:00
121,2577,1928-10-01 08:00:00+00:00,1945-02-01 08:00:00+00:00
122,1361,1929-09-25 08:00:00+00:00,1945-01-04 12:00:00+00:00
123,143,1929-02-22 16:00:00+00:00,1945-01-21 04:00:00+00:00
124,80,1932-02-02 12:00:00+00:00,1945-01-03 20:00:00+00:00
125,131,1929-08-14 16:00:00+00:00,1945-06-19 16:00:00+00:00
126,98,1932-05-11 12:00:00+00:00,1945-07-06 16:00:00+00:00
127,98,1932-02-02 08:00:00+00:00,1945-06-19 08:00:00+00:00
128,77,1928-06-21 08:00:00+00:00,1945-06-18 08:00:00+00:00
129,78,1932-03-03 08:00:00+00:00,1945-06-23 16:00:00+00:00
130,77,1931-03-11 05:00:00+00:00,1945-05-31 08:00:00+00:00
131,101,1928-04-20 08:00:00+00:00,1945-06-23 12:00:00+00:00
132,94,1932-06-20 08:00:00+00:00,2010-11-19 20:00:00+00:00
133,66,1932-06-20 12:00:00+00:00,1945-05-12 16:00:00+00:00
134,76,1933-03-14 08:00:00+00:00,1945-06-10 12:00:00+00:00
135,65,1933-01-26 08:00:00+00:00,1945-04-14 16:00:00+00:00
136,49,1932-03-16 16:00:00+00:00,1945-04-09 12:00:00+00:00
137,57,1930-08-06 16:00:00+00:00,1944-12-24 12:00:00+00:00
138,60,1933-05-08 08:00:00+00:00,1945-03-16 12:00:00+00:00
139,92,1932-03-16 08:00:00+00:00,1945-04-28 16:00:00+00:00
140,102,1932-09-28 16:00:00+00:00,1945-07-16 08:00:00+00:00
141,72,1932-09-28 08:00:00+00:00,1945-03-14 16:00:00+00:00
142,68,1929-04-30 16:00:00+00:00,1945-07-16 12:00:00+00:00
143,57,1916-05-07 07:00:00+00:00,1945-08-17 12:00:00+00:00
144,70,1926-01-01 08:00:00+00:00,1945-08-19 12:00:00+00:00
145,73,1932-09-27 12:00:00+00:00,1945-07-28 16:00:00+00:00
146,142,1928-04-24 08:00:00+00:00,1945-07-28 08:00:00+00:00
147,64,1932-02-07 08:00:00+00:00,1945-08-07 08:00:00+00:00
148,72,1925-06-02 07:00:00+00:00,1945-08-07 12:00:00+00:00
149,66,1932-09-26 16:00:00+00:00,1945-04-07 12:00:00+00:00
150,60,1932-09-26 08:00:00+00:00,1945-08-09 16:00:00+00:00
151,74,1932-09-25 16:00:00+00:00,1945-07-18 12:00:00+00:00
152,73,1933-05-29 12:00:00+00:00,1945-07-18 16:00:00+00:00
153,59,1933-05-15 08:00:00+00:00,1945-07-24 08:00:00+00:00
154,50,1932-09-25 08:00:00+00:00,1945-07-19 08:00:00+00:00
155,90,1932-02-27 16:00:00+00:00,1945-04-27 04:00:00+00:00
156,159,1932-02-23 16:00:00+00:00,1945-05-16 08:00:00+00:00
157,1219,1928-05-15 08:00:00+00:00,1945-05-16 12:00:00+00:00
158,4014,1928-04-28 08:00:00+00:00,1945-07-21 08:00:00+00:00
159,363,1932-02-10 08:00:00+00:00,1945-06-29 20:00:00+00:00
160,126,1932-04-27 12:00:00+00:00,1945-06-29 12:00:00+00:00
161,124,1932-04-27 08:00:00+00:00,1945-05-20 08:00:00+00:00
162,508,1930-04-05 12:00:00+00:00,1945-07-14 16:00:00+00:00
163,128,1932-04-26 16:00:00+00:00,1945-08-14 08:00:00+00:00
164,107,1932-04-26 08:00:00+00:00,1945-08-14 12:00:00+00:00
165,58,1932-04-25 20:00:00+00:00,1945-03-27 12:00:00+00:00
166,46,1932-09-22 16:00:00+00:00,1945-03-30 16:00:00+00:00
167,63,1932-04-25 16:00:00+00:00,1945-05-25 08:00:00+00:00
168,74,1932-04-25 08:00:00+00:00,1944-12-12 16:00:00+00:00
169,80,1928-03-15 08:00:00+00:00,1945-08-17 08:00:00+00:00
170,177,1927-04-29 08:00:00+00:00,1945-03-19 04:00:00+00:00
171,2014,1926-06-14 08:00:00+00:00,1945-03-29 20:00:00+00:00
172,239,1926-06-21 08:00:00+00:00,1945-03-04 16:00:00+00:00
173,91,1926-06-24 12:00:00+00:00,1945-01-18 08:00:00+00:00
174,1006,1926-01-20 08:00:00+00:00,1945-06-26 16:00:00+00:00
175,129,1928-02-16 08:00:00+00:00,1944-12-27 16:00:00+00:00
176,122,1928-09-21 08:00:00+00:00,1944-12-14 16:00:00+00:00
177,71,1927-03-19 12:00:00+00:00,1945-01-28 16:00:00+00:00
178,467,1927-01-31 08:00:00+00:00,1945-02-14 04:00:00+00:00
179,270,1926-02-02 08:00:00+00:00,1945-08-30 12:00:00+00:00
180,56,1929-01-16 20:00:00+00:00,1945-02-03 16:00:00+00:00
181,26,1927-04-12 08:00:00+00:00,1945-01-31 16:00:00+00:00
184,24,1926-01-28 16:00:00+00:00,1939-04-19 20:00:00+00:00
186,54,1926-01-28 12:00:00+00:00,1944-06-26 16:00:00+00:00
187,40,1929-03-03 20:00:00+00:00,1945-03-07 08:00:00+00:00
188,12,1933-02-25 08:00:00+00:00,1945-03-07 04:00:00+00:00
189,26,1931-02-18 12:00:00+00:00,1944-02-22 12:00:00+00:00
190,34,1930-06-14 08:00:00+00:00,1944-12-27 16:00:00+00:00
191,29,1930-02-23 16:00:00+00:00,1944-07-20 04:00:00+00:00
192,31,1930-02-23 16:00:00+00:00,1944-06-12 16:00:00+00:00
193,21,1926-02-10 08:00:00+00:00,1944-06-12 08:00:00+00:00
202,19,1929-01-21 08:00:00+00:00,1944-11-05 20:00:00+00:00
203,43,1930-07-02 08:00:00+00:00,1944-12-17 08:00:00+00:00
204,28,1942-05-09 16:00:00+00:00,1944-06-28 12:00:00+00:00
205,37,1935-10-24 08:00:00+00:00,1944-09-20 16:00:00+00:00
206,17,1938-05-27 16:00:00+00:00,1944-10-20 16:00:00+00:00
207,12,1936-11-24 08:00:00+00:00,1945-03-03 04:00:00+00:00
208,12,1929-03-02 16:00:00+00:00,1944-10-18 16:00:00+00:00
209,67,1929-03-02 12:00:00+00:00,1944-10-14 04:00:00+00:00
210,53,1926-02-04 16:00:00+00:00,1945-01-12 12:00:00+00:00
211,20,1929-05-07 08:00:00+00:00,1945-01-12 16:00:00+00:00
212,18,1929-03-19 16:00:00+00:00,1944-11-05 08:00:00+00:00
213,17,1936-04-30 08:00:00+00:00,1944-10-27 12:00:00+00:00
214,226,1928-10-08 08:00:00+00:00,1944-10-27 16:00:00+00:00
215,46,1932-11-26 12:00:00+00:00,1944-10-27 20:00:00+00:00
216,41,1931-04-06 16:00:00+00:00,1944-11-09 04:00:00+00:00
217,685,1926-01-09 12:00:00+00:00,1945-04-14 20:00:00+00:00
218,687,1926-02-01 08:00:00+00:00,1945-02-21 12:00:00+00:00
219,412,1928-09-14 08:00:00+00:00,1945-02-21 20:00:00+00:00
220,227,1929-04-16 12:00:00+00:00,1945-02-02 16:00:00+00:00
221,149,1926-10-28 16:00:00+00:00,1945-02-14 20:00:00+00:00
222,159,1928-06-22 08:00:00+00:00,1945-01-29 12:00:00+00:00
223,141,1929-09-17 08:00:00+00:00,1945-03-26 12:00:00+00:00
224,116,1929-03-14 16:00:00+00:00,1945-06-24 12:00:00+00:00
225,174,1926-08-18 08:00:00+00:00,1945-05-23 12:00:00+00:00
226,96,1932-03-03 20:00:00+00:00,1945-06-24 08:00:00+00:00
227,79,1932-07-09 12:00:00+00:00,1945-03-26 12:00:00+00:00
228,69,1932-04-23 08:00:00+00:00,1945-06-17 08:00:00+00:00
229,83,1928-06-21 08:00:00+00:00,1945-03-25 16:00:00+00:00
230,63,1932-01-10 07:00:00+00:00,1945-04-23 16:00:00+00:00
231,70,1932-03-12 08:00:00+00:00,1945-06-03 16:00:00+00:00
232,76,1932-03-12 12:00:00+00:00,1945-04-15 16:00:00+00:00
233,60,1932-03-12 16:00:00+00:00,1945-06-10 16:00:00+00:00
234,73,1932-03-12 16:00:00+00:00,1945-05-31 12:00:00+00:00
235,92,1924-07-27 08:00:00+00:00,1945-05-31 16:00:00+00:00
236,78,1929-02-21 12:00:00+00:00,1945-05-28 08:00:00+00:00
237,62,1930-08-06 08:00:00+00:00,1945-06-21 20:00:00+00:00
238,61,1930-08-06 12:00:00+00:00,1945-04-28 08:00:00+00:00
239,64,1933-05-29 08:00:00+00:00,1945-07-30 20:00:00+00:00
240,79,1933-03-31 08:00:00+00:00,1945-04-16 08:00:00+00:00
241,107,1926-04-02 08:00:00+00:00,1945-05-31 16:00:00+00:00
242,66,1933-04-10 16:00:00+00:00,1945-07-10 08:00:00+00:00
243,53,1933-05-07 12:00:00+00:00,1945-07-10 12:00:00+00:00
244,68,1933-05-07 16:00:00+00:00,1945-08-18 08:00:00+00:00
245,71,1933-05-01 08:00:00+00:00,1945-04-03 16:00:00+00:00
246,73,1932-03-15 16:00:00+00:00,1945-03-19 08:00:00+00:00
247,227,1932-03-15 12:00:00+00:00,1945-05-18 12:00:00+00:00
248,73,1933-04-11 08:00:00+00:00,1945-07-27 16:00:00+00:00
249,59,1933-05-08 12:00:00+00:00,1945-08-07 16:00:00+00:00
250,70,1932-02-06 08:00:00+00:00,1945-08-10 08:00:00+00:00
251,71,1933-04-25 20:00:00+00:00,1945-08-10 16:00:00+00:00
252,66,1932-02-06 12:00:00+00:00,1945-07-23 08:00:00+00:00
253,77,1932-02-06 16:00:00+00:00,1945-05-19 08:00:00+00:00
254,86,1933-05-30 16:00:00+00:00,1945-08-12 16:00:00+00:00
255,101,1932-02-27 20:00:00+00:00,1945-08-12 12:00:00+00:00
256,138,1928-06-16 08:00:00+00:00,1945-07-15 20:00:00+00:00
257,181,1932-02-12 08:00:00+00:00,1945-06-19 12:00:00+00:00
258,221,1932-02-07 08:00:00+00:00,1945-07-16 08:00:00+00:00
259,5741,1932-02-11 16:00:00+00:00,1945-03-12 08:00:00+00:00
260,4033,1933-05-10 12:00:00+00:00,1945-03-04 20:00:00+00:00
261,2125,1933-04-12 12:00:00+00:00,1945-03-04 16:00:00+00:00
262,2180,1930-04-14 12:00:00+00:00,1945-05-17 08:00:00+00:00
263,16615,1929-08-01 08:00:00+00:00,1945-03-27 20:00:00+00:00
264,332,1933-03-29 16:00:00+00:00,1945-08-14 16:00:00+00:00
265,914,1933-03-29 12:00:00+00:00,1945-06-11 16:00:00+00:00
266,220,1933-03-29 08:00:00+00:00,1945-05-21 04:00:00+00:00
267,71,1928-10-01 12:00:00+00:00,1945-01-22 08:00:00+00:00
268,66,1928-10-09 08:00:00+00:00,1945-03-04 12:00:00+00:00
269,77,1931-06-03 16:00:00+00:00,1945-06-30 12:00:00+00:00
270,193,1928-02-20 08:00:00+00:00,1945-08-17 12:00:00+00:00
271,2170,1927-01-29 08:00:00+00:00,1945-05-21 12:00:00+00:00
272,197,1928-08-28 08:00:00+00:00,1945-08-20 08:00:00+00:00
273,133,1928-10-11 16:00:00+00:00,1945-03-14 16:00:00+00:00
274,185,1926-01-22 08:00:00+00:00,1945-03-14 16:00:00+00:00
275,121,1929-01-04 20:00:00+00:00,1945-06-26 12:00:00+00:00
276,767,1928-03-09 08:00:00+00:00,1945-08-20 16:00:00+00:00
277,1255,1929-01-25 16:00:00+00:00,1945-02-13 20:00:00+00:00
278,384,1926-02-20 12:00:00+00:00,1944-07-25 08:00:00+00:00
279,120,1926-02-20 08:00:00+00:00,1945-06-29 08:00:00+00:00
280,62,1927-01-08 08:00:00+00:00,1945-01-09 20:00:00+00:00
281,131,1931-02-06 16:00:00+00:00,1944-06-17 20:00:00+00:00
282,95,1934-04-20 12:00:00+00:00,1943-06-30 16:00:00+00:00
285,25,1926-01-29 08:00:00+00:00,1945-03-07 16:00:00+00:00
287,51,1929-03-07 16:00:00+00:00,1945-02-26 12:00:00+00:00
290,11,1926-03-21 12:00:00+00:00,1940-04-01 08:00:00+00:00
291,26,1929-01-21 16:00:00+00:00,1944-07-20 08:00:00+00:00
292,31,1927-06-20 08:00:00+00:00,1944-07-20 12:00:00+00:00
293,30,1930-02-23 08:00:00+00:00,1944-12-28 04:00:00+00:00
294,13,1929-03-15 12:00:00+00:00,1944-06-12 04:00:00+00:00
301,59,1930-07-29 12:00:00+00:00,1939-03-31 16:00:00+00:00
305,79,1930-07-02 16:00:00+00:00,1945-03-02 20:00:00+00:00
306,21,1936-11-15 16:00:00+00:00,1944-12-17 20:00:00+00:00
307,48,1936-11-24 12:00:00+00:00,1944-11-04 12:00:00+00:00
308,36,1934-05-25 08:00:00+00:00,1944-11-04 08:00:00+00:00
309,11,1931-09-28 16:00:00+00:00,1944-11-04 20:00:00+00:00
310,50,1926-03-28 08:00:00+00:00,1945-01-12 20:00:00+00:00
311,67,1926-02-04 12:00:00+00:00,1945-01-12 20:00:00+00:00
312,58,1926-02-04 08:00:00+00:00,1944-12-31 12:00:00+00:00
313,32,1931-02-08 16:00:00+00:00,1945-01-13 04:00:00+00:00
314,61,1932-11-12 08:00:00+00:00,1944-11-05 12:00:00+00:00
316,50,1928-10-07 16:00:00+00:00,1944-10-23 20:00:00+00:00
317,14804,1926-01-01 08:00:00+00:00,1945-06-25 12:00:00+00:00
318,3810,1926-01-08 12:00:00+00:00,1945-06-25 08:00:00+00:00
319,1759,1926-05-25 08:00:00+00:00,1945-04-10 08:00:00+00:00
320,507,1928-11-13 08:00:00+00:00,1945-03-26 20:00:00+00:00
321,205,1930-08-12 16:00:00+00:00,1945-03-14 08:00:00+00:00
322,148,1926-08-23 16:00:00+00:00,1945-03-26 16:00:00+00:00
323,156,1929-03-15 12:00:00+00:00,1945-06-24 16:00:00+00:00
324,111,1927-08-25 08:00:00+00:00,1945-03-05 16:00:00+00:00
325,121,1926-08-09 08:00:00+00:00,1945-01-21 08:00:00+00:00
326,100,1932-03-11 16:00:00+00:00,1945-05-02 16:00:00+00:00
327,73,1932-03-20 08:00:00+00:00,1945-06-19 16:00:00+00:00
328,103,1927-08-24 08:00:00+00:00,1945-06-05 12:00:00+00:00
329,80,1932-04-05 20:00:00+00:00,1945-07-07 08:00:00+00:00
330,78,1932-03-19 16:00:00+00:00,1945-06-11 08:00:00+00:00
331,115,1927-08-21 08:00:00+00:00,1945-06-11 16:00:00+00:00
332,110,1927-08-23 08:00:00+00:00,1945-06-02 16:00:00+00:00
333,84,1932-04-06 20:00:00+00:00,1945-06-02 08:00:00+00:00
334,82,1930-08-05 16:00:00+00:00,1945-05-31 16:00:00+00:00
335,74,1932-03-17 08:00:00+00:00,1945-06-21 12:00:00+00:00
336,72,1932-04-07 16:00:00+00:00,1945-06-21 16:00:00+00:00
337,72,1930-06-14 12:00:00+00:00,1945-05-29 12:00:00+00:00
338,95,1930-06-14 08:00:00+00:00,1945-05-19 08:00:00+00:00
339,66,1932-04-08 12:00:00+00:00,1945-04-15 20:00:00+00:00
340,68,1932-09-12 12:00:00+00:00,1945-07-31 20:00:00+00:00
341,47,1933-02-12 08:00:00+00:00,1945-02-27 12:00:00+00:00
342,80,1928-04-23 08:00:00+00:00,1945-02-27 12:00:00+00:00
343,132,1932-02-06 16:00:00+00:00,1945-02-25 20:00:00+00:00
344,77,1933-01-02 08:00:00+00:00,1945-07-10 16:00:00+00:00
345,92,1932-04-10 08:00:00+00:00,1945-08-29 08:00:00+00:00
346,114,1933-02-11 08:00:00+00:00,1945-07-11 08:00:00+00:00
347,77,1933-02-12 08:00:00+00:00,1945-05-26 08:00:00+00:00
348,42,1933-04-01 16:00:00+00:00,1945-06-09 08:00:00+00:00
349,55,1933-01-30 08:00:00+00:00,1945-07-18 12:00:00+00:00
350,64,1933-01-30 12:00:00+00:00,1945-07-27 08:00:00+00:00
351,80,1933-04-02 12:00:00+00:00,1945-07-25 12:00:00+00:00
352,81,1932-02-28 12:00:00+00:00,1945-07-17 08:00:00+00:00
353,120,1932-02-28 08:00:00+00:00,1945-07-16 20:00:00+00:00
354,125,1932-03-11 08:00:00+00:00,1945-07-13 16:00:00+00:00
355,90,1932-06-26 16:00:00+00:00,1945-05-27 08:00:00+00:00
356,75,1933-05-09 16:00:00+00:00,1945-05-29 04:00:00+00:00
357,79,1932-02-11 08:00:00+00:00,1945-03-28 16:00:00+00:00
358,91,1932-02-07 12:00:00+00:00,1945-06-24 20:00:00+00:00
359,81,1933-04-26 20:00:00+00:00,1945-08-12 08:00:00+00:00
360,143,1930-04-05 08:00:00+00:00,1945-03-31 16:00:00+00:00
361,82,1930-04-14 12:00:00+00:00,1945-03-31 12:00:00+00:00
362,109,1930-04-14 16:00:00+00:00,1944-12-31 04:00:00+00:00
363,136,1930-04-14 20:00:00+00:00,1945-05-17 16:00:00+00:00
364,157,1930-04-04 20:00:00+00:00,1945-02-11 20:00:00+00:00
365,211,1930-04-04 16:00:00+00:00,1945-01-23 16:00:00+00:00
366,117,1930-04-04 12:00:00+00:00,1945-07-06 16:00:00+00:00
367,79,1928-10-01 08:00:00+00:00,1945-07-06 08:00:00+00:00
368,75,1928-10-09 12:00:00+00:00,1945-06-12 08:00:00+00:00
369,60,1928-10-09 16:00:00+00:00,1945-05-21 12:00:00+00:00
370,88,1929-06-14 16:00:00+00:00,1945-08-17 16:00:00+00:00
371,142,1929-06-09 20:00:00+00:00,1945-02-16 12:00:00+00:00
372,83,1931-01-14 08:00:00+00:00,1945-02-16 08:00:00+00:00
373,200,1932-05-20 08:00:00+00:00,1945-06-23 16:00:00+00:00
374,142,1928-09-28 12:00:00+00:00,1945-06-26 08:00:00+00:00
375,112,1928-09-20 16:00:00+00:00,1945-01-04 16:00:00+00:00
376,96,1927-06-01 08:00:00+00:00,1945-01-15 04:00:00+00:00
377,91,1926-02-20 16:00:00+00:00,1944-12-22 20:00:00+00:00
378,103,1927-01-16 08:00:00+00:00,1945-03-12 04:00:00+00:00
379,68,1926-04-25 08:00:00+00:00,1945-01-18 20:00:00+00:00
380,141,1926-01-17 08:00:00+00:00,1945-06-29 12:00:00+00:00
381,33,1928-03-23 08:00:00+00:00,1945-03-03 16:00:00+00:00
382,28,1930-02-12 12:00:00+00:00,1945-03-15 12:00:00+00:00
383,35,1928-04-03 08:00:00+00:00,1945-03-24 16:00:00+00:00
387,29,1926-01-29 12:00:00+00:00,1939-05-10 12:00:00+00:00
388,34,1929-04-21 20:00:00+00:00,1939-05-10 08:00:00+00:00
393,20,1926-03-22 08:00:00+00:00,1944-07-20 16:00:00+00:00
394,22,1930-06-15 08:00:00+00:00,1944-12-28 08:00:00+00:00
395,17,1929-03-06 08:00:00+00:00,1944-12-28 12:00:00+00:00
396,36,1926-02-09 08:00:00+00:00,1944-12-28 16:00:00+00:00
397,12,1934-11-02 12:00:00+00:00,1944-06-11 16:00:00+00:00
401,173,1937-09-30 16:00:00+00:00,1945-02-14 20:00:00+00:00
403,30,1942-04-26 20:00:00+00:00,1945-02-22 20:00:00+00:00
405,35,1931-02-11 16:00:00+00:00,1945-07-08 12:00:00+00:00
407,39,1942-11-08 08:00:00+00:00,1944-06-02 16:00:00+00:00
408,928,1934-11-23 12:00:00+00:00,1944-11-04 16:00:00+00:00
409,77,1933-04-12 16:00:00+00:00,1945-07-09 08:00:00+00:00
410,67,1930-07-05 08:00:00+00:00,1944-12-18 12:00:00+00:00
411,41,1931-04-13 08:00:00+00:00,1944-10-27 12:00:00+00:00
412,88,1929-01-17 12:00:00+00:00,1944-11-03 20:00:00+00:00
413,72,1926-03-29 08:00:00+00:00,1945-01-13 08:00:00+00:00
414,52,1929-03-01 16:00:00+00:00,1945-01-13 12:00:00+00:00
415,35,1934-11-17 16:00:00+00:00,1945-01-11 16:00:00+00:00
416,33,1931-04-09 12:00:00+00:00,1945-01-13 04:00:00+00:00
417,103,1927-10-26 08:00:00+00:00,1945-04-09 16:00:00+00:00
418,22436,1926-01-08 16:00:00+00:00,1945-04-28 12:00:00+00:00
419,682,1928-11-11 08:00:00+00:00,1945-02-24 20:00:00+00:00
420,781,1927-08-18 08:00:00+00:00,1945-02-24 16:00:00+00:00
421,2501,1927-01-16 08:00:00+00:00,1945-02-27 08:00:00+00:00
422,210,1929-03-12 12:00:00+00:00,1945-04-30 12:00:00+00:00
423,136,1926-01-10 12:00:00+00:00,1945-03-20 16:00:00+00:00
424,92,1927-01-18 08:00:00+00:00,1945-02-11 04:00:00+00:00
425,122,1928-10-29 12:00:00+00:00,1945-05-23 08:00:00+00:00
426,84,1931-06-13 12:00:00+00:00,1945-05-28 16:00:00+00:00
427,142,1931-10-19 12:00:00+00:00,1945-06-19 12:00:00+00:00
428,94,1933-04-07 08:00:00+00:00,1945-06-07 16:00:00+00:00
429,95,1932-03-22 16:00:00+00:00,1945-06-12 16:00:00+00:00
430,139,1932-03-18 12:00:00+00:00,1945-07-07 16:00:00+00:00
431,100,1933-05-07 16:00:00+00:00,1945-06-14 16:00:00+00:00
432,96,1930-08-05 08:00:00+00:00,1945-06-13 12:00:00+00:00
433,93,1927-08-22 08:00:00+00:00,1945-05-29 12:00:00+00:00
434,57,1933-02-13 12:00:00+00:00,1945-06-21 08:00:00+00:00
435,78,1933-02-13 08:00:00+00:00,1945-05-18 08:00:00+00:00
436,89,1932-03-17 08:00:00+00:00,1945-04-27 12:00:00+00:00
437,68,1932-03-17 12:00:00+00:00,1945-07-30 12:00:00+00:00
438,84,1932-03-17 16:00:00+00:00,1945-08-02 12:00:00+00:00
439,35,1932-03-17 12:00:00+00:00,1945-04-15 16:00:00+00:00
440,65,1932-03-17 08:00:00+00:00,1945-05-04 12:00:00+00:00
441,72,1934-08-24 16:00:00+00:00,1945-05-04 08:00:00+00:00
442,65,1932-04-09 08:00:00+00:00,1945-03-08 16:00:00+00:00
443,85,1935-05-07 08:00:00+00:00,1945-03-20 04:00:00+00:00
444,131,1932-03-16 08:00:00+00:00,1945-08-30 12:00:00+00:00
445,79,1932-04-13 08:00:00+00:00,1945-08-22 12:00:00+00:00
446,104,1932-04-13 16:00:00+00:00,1945-03-31 04:00:00+00:00
447,78,1932-02-05 08:00:00+00:00,1945-07-11 16:00:00+00:00
448,64,1932-12-29 12:00:00+00:00,1945-07-18 16:00:00+00:00
449,62,1932-03-12 16:00:00+00:00,1945-03-31 20:00:00+00:00
450,67,1928-06-17 08:00:00+00:00,1945-08-11 08:00:00+00:00
451,93,1928-06-17 08:00:00+00:00,1945-08-11 12:00:00+00:00
452,118,1932-07-02 08:00:00+00:00,1945-08-11 16:00:00+00:00
453,90,1932-03-11 16:00:00+00:00,1945-07-22 16:00:00+00:00
454,69,1933-01-31 12:00:00+00:00,1945-01-30 08:00:00+00:00
455,74,1933-01-31 16:00:00+00:00,1945-05-29 08:00:00+00:00
456,68,1933-02-09 08:00:00+00:00,1945-07-14 16:00:00+00:00
457,66,1933-05-03 16:00:00+00:00,1945-02-28 20:00:00+00:00
458,100,1933-02-01 08:00:00+00:00,1945-03-16 16:00:00+00:00
459,100,1933-02-01 12:00:00+00:00,1945-08-12 12:00:00+00:00
460,87,1932-05-08 12:00:00+00:00,1945-08-12 16:00:00+00:00
461,59,1933-02-08 08:00:00+00:00,1944-11-22 20:00:00+00:00
462,78,1932-05-08 16:00:00+00:00,1944-11-22 12:00:00+00:00
463,94,1933-04-05 12:00:00+00:00,1945-01-14 08:00:00+00:00
464,75,1933-02-02 08:00:00+00:00,1944-11-21 04:00:00+00:00
465,77,1930-04-15 08:00:00+00:00,1945-08-15 08:00:00+00:00
466,238,1930-04-15 12:00:00+00:00,1945-05-22 12:00:00+00:00
467,448,1930-04-04 08:00:00+00:00,1945-05-22 08:00:00+00:00
468,153,1928-07-02 08:00:00+00:00,1945-05-18 12:00:00+00:00
469,101,1929-08-25 08:00:00+00:00,1945-05-18 16:00:00+00:00
470,310,1933-02-03 12:00:00+00:00,1945-07-05 20:00:00+00:00
471,57,1930-05-04 16:00:00+00:00,1945-06-12 16:00:00+00:00
472,74,1928-09-28 08:00:00+00:00,1945-03-16 12:00:00+00:00
473,79,1930-05-04 16:00:00+00:00,1945-06-23 12:00:00+00:00
474,133,1927-04-27 08:00:00+00:00,1945-03-14 04:00:00+00:00
475,122,1926-01-19 16:00:00+00:00,1945-01-27 20:00:00+00:00
476,69,1927-07-18 08:00:00+00:00,1945-03-14 04:00:00+00:00
477,73,1926-01-15 12:00:00+00:00,1945-01-15 08:00:00+00:00
478,39,1930-05-31 12:00:00+00:00,1945-03-12 08:00:00+00:00
479,45,1927-03-11 08:00:00+00:00,1945-01-18 16:00:00+00:00
480,32,1929-04-16 12:00:00+00:00,1945-03-08 08:00:00+00:00
481,54,1928-07-16 08:00:00+00:00,1945-03-12 20:00:00+00:00
482,156,1926-02-18 08:00:00+00:00,1945-03-28 08:00:00+00:00
483,112,1927-04-20 08:00:00+00:00,1945-03-27 12:00:00+00:00
484,26,1929-01-23 08:00:00+00:00,1945-03-25 08:00:00+00:00
485,12,1928-03-21 08:00:00+00:00,1943-11-23 08:00:00+00:00
492,15,1930-07-03 08:00:00+00:00,1943-11-21 20:00:00+00:00
494,20,1926-03-22 16:00:00+00:00,1944-02-23 08:00:00+00:00
495,27,1931-02-15 12:00:00+00:00,1944-02-23 12:00:00+00:00
496,38,1927-06-21 08:00:00+00:00,1944-10-21 16:00:00+00:00
497,27,1926-02-08 16:00:00+00:00,1944-12-28 20:00:00+00:00
500,19,1930-02-21 16:00:00+00:00,1944-12-29 08:00:00+00:00
501,16,1930-02-21 12:00:00+00:00,1944-02-04 12:00:00+00:00
505,41,1929-01-20 08:00:00+00:00,1944-07-09 12:00:00+00:00
506,63,1931-02-11 08:00:00+00:00,1945-02-22 08:00:00+00:00
508,36,1934-11-23 08:00:00+00:00,1944-10-28 16:00:00+00:00
509,44,1937-11-25 08:00:00+00:00,1945-07-09 12:00:00+00:00
510,37,1936-11-13 16:00:00+00:00,1945-07-09 16:00:00+00:00
511,30,1942-04-25 20:00:00+00:00,1944-12-18 16:00:00+00:00
512,55,1931-04-13 16:00:00+00:00,1944-12-18 20:00:00+00:00
513,71,1930-06-17 12:00:00+00:00,1944-11-08 16:00:00+00:00
514,100,1926-02-03 12:00:00+00:00,1945-01-13 12:00:00+00:00
515,68,1929-01-17 12:00:00+00:00,1945-02-21 04:00:00+00:00
516,59,1934-03-03 20:00:00+00:00,1945-01-14 04:00:00+00:00
517,41,1932-10-31 12:00:00+00:00,1945-01-19 08:00:00+00:00
518,67,1931-07-01 16:00:00+00:00,1945-01-31 08:00:00+00:00
519,101,1928-10-06 16:00:00+00:00,1945-01-30 08:00:00+00:00
520,1091,1928-10-06 12:00:00+00:00,1944-12-06 20:00:00+00:00
521,4618,1926-08-07 08:00:00+00:00,1945-04-29 04:00:00+00:00
522,671,1929-09-15 12:00:00+00:00,1945-02-13 20:00:00+00:00
523,121,1929-03-11 08:00:00+00:00,1945-02-09 16:00:00+00:00
524,96,1930-01-27 20:00:00+00:00,1945-02-19 04:00:00+00:00
525,133,1928-10-29 08:00:00+00:00,1945-02-18 04:00:00+00:00
526,74,1926-08-17 08:00:00+00:00,1945-04-18 08:00:00+00:00
527,125,1927-08-20 08:00:00+00:00,1945-06-19 08:00:00+00:00
528,184,1930-08-04 12:00:00+00:00,1945-05-30 12:00:00+00:00
529,86,1932-03-18 08:00:00+00:00,1945-06-15 12:00:00+00:00
530,97,1936-02-15 12:00:00+00:00,1945-06-16 16:00:00+00:00
531,100,1932-04-24 12:00:00+00:00,1945-05-30 20:00:00+00:00
532,166,1929-08-19 20:00:00+00:00,1945-05-27 16:00:00+00:00
533,72,1930-06-15 08:00:00+00:00,1945-04-25 08:00:00+00:00
534,46,1933-05-16 08:00:00+00:00,1944-12-31 08:00:00+00:00
535,127,1933-05-06 16:00:00+00:00,1945-04-27 16:00:00+00:00
536,56,1935-05-02 16:00:00+00:00,1945-05-10 12:00:00+00:00
537,58,1932-02-05 08:00:00+00:00,1945-05-19 16:00:00+00:00
538,80,1932-02-05 12:00:00+00:00,1945-08-03 16:00:00+00:00
539,67,1932-02-05 16:00:00+00:00,1945-08-02 08:00:00+00:00
540,208,1933-04-20 16:00:00+00:00,1945-03-15 04:00:00+00:00
541,87,1933-04-20 12:00:00+00:00,1945-03-09 08:00:00+00:00
542,151,1932-08-06 16:00:00+00:00,1945-07-05 12:00:00+00:00
543,79,1932-03-16 16:00:00+00:00,1945-04-08 12:00:00+00:00
544,116,1932-02-04 16:00:00+00:00,1945-08-30 16:00:00+00:00
545,209,1932-09-13 16:00:00+00:00,1945-08-22 08:00:00+00:00
546,202,1932-02-29 16:00:00+00:00,1945-06-23 08:00:00+00:00
547,97,1932-02-29 12:00:00+00:00,1945-05-26 16:00:00+00:00
548,86,1932-02-29 08:00:00+00:00,1945-03-22 12:00:00+00:00
549,83,1932-04-14 16:00:00+00:00,1945-05-28 08:00:00+00:00
550,76,1932-04-14 20:00:00+00:00,1945-07-19 16:00:00+00:00
551,69,1932-05-05 12:00:00+00:00,1945-07-22 08:00:00+00:00
552,49,1934-02-13 20:00:00+00:00,1945-07-26 16:00:00+00:00
553,49,1932-12-28 08:00:00+00:00,1945-07-15 08:00:00+00:00
554,51,1933-05-12 16:00:00+00:00,1945-05-29 12:00:00+00:00
555,52,1933-05-12 08:00:00+00:00,1945-07-14 08:00:00+00:00
556,91,1933-02-10 08:00:00+00:00,1945-06-25 08:00:00+00:00
557,93,1933-05-02 08:00:00+00:00,1945-06-25 16:00:00+00:00
558,90,1933-04-17 20:00:00+00:00,1944-09-26 20:00:00+00:00
559,79,1932-05-08 08:00:00+00:00,1945-03-16 12:00:00+00:00
560,79,1932-07-01 16:00:00+00:00,1944-10-24 12:00:00+00:00
561,89,1932-07-01 08:00:00+00:00,1944-10-24 16:00:00+00:00
562,77,1932-06-27 16:00:00+00:00,1944-11-23 04:00:00+00:00
563,80,1932-06-24 08:00:00+00:00,1944-11-27 12:00:00+00:00
564,82,1930-04-04 12:00:00+00:00,1944-09-14 16:00:00+00:00
565,65,1930-04-04 08:00:00+00:00,1945-05-22 16:00:00+00:00
566,67,1933-06-13 12:00:00+00:00,1945-08-15 16:00:00+00:00
567,150,1931-09-30 08:00:00+00:00,1945-01-22 20:00:00+00:00
568,97,1933-02-06 16:00:00+00:00,1945-03-07 12:00:00+00:00
569,79,1928-09-30 16:00:00+00:00,1945-06-12 12:00:00+00:00
570,86,1930-04-16 08:00:00+00:00,1945-01-11 12:00:00+00:00
571,94,1930-04-16 12:00:00+00:00,1945-07-05 16:00:00+00:00
572,80,1930-04-16 16:00:00+00:00,1945-07-05 08:00:00+00:00
573,58,1929-06-07 16:00:00+00:00,1945-05-19 08:00:00+00:00
574,131,1926-01-21 16:00:00+00:00,1945-06-25 16:00:00+00:00
575,140,1926-01-19 08:00:00+00:00,1945-05-22 08:00:00+00:00
576,77,1928-10-12 12:00:00+00:00,1945-05-22 12:00:00+00:00
577,80,1927-04-23 08:00:00+00:00,1945-05-22 16:00:00+00:00
578,41,1931-03-18 12:00:00+00:00,1945-06-28 16:00:00+00:00
579,72,1926-02-23 16:00:00+00:00,1945-03-14 16:00:00+00:00
580,78,1926-02-25 08:00:00+00:00,1945-02-09 20:00:00+00:00
581,63,1926-02-18 16:00:00+00:00,1945-03-08 12:00:00+00:00
582,136,1926-01-26 08:00:00+00:00,1945-02-25 12:00:00+00:00
583,22,1926-02-09 16:00:00+00:00,1945-03-04 12:00:00+00:00
584,53,1926-02-06 16:00:00+00:00,1945-03-14 12:00:00+00:00
585,30,1927-03-28 08:00:00+00:00,1944-02-05 12:00:00+00:00
586,32,1926-02-06 12:00:00+00:00,1944-02-05 08:00:00+00:00
595,13,1930-07-03 16:00:00+00:00,1944-02-23 16:00:00+00:00
596,19,1926-03-23 08:00:00+00:00,1943-11-20 20:00:00+00:00
597,23,1926-03-23 16:00:00+00:00,1943-11-20 20:00:00+00:00
598,28,1928-04-02 08:00:00+00:00,1944-07-21 12:00:00+00:00
599,16,1929-03-16 16:00:00+00:00,1944-12-29 04:00:00+00:00
600,159,1926-03-24 16:00:00+00:00,1944-10-22 08:00:00+00:00
601,570,1926-02-07 16:00:00+00:00,1944-12-29 12:00:00+00:00
602,38,1926-02-07 08:00:00+00:00,1944-10-11 20:00:00+00:00
603,51,1927-02-23 08:00:00+00:00,1944-12-29 16:00:00+00:00
604,260,1936-05-03 12:00:00+00:00,1944-10-28 12:00:00+00:00
605,304,1936-05-03 08:00:00+00:00,1944-10-28 16:00:00+00:00
606,23,1939-04-07 08:00:00+00:00,1944-10-28 20:00:00+00:00
607,85,1933-05-08 08:00:00+00:00,1945-02-22 04:00:00+00:00
608,37,1930-07-03 12:00:00+00:00,1944-11-07 20:00:00+00:00
609,18,1934-05-25 12:00:00+00:00,1944-09-07 12:00:00+00:00
610,26,1936-05-01 16:00:00+00:00,1944-10-22 20:00:00+00:00
611,25,1930-07-04 16:00:00+00:00,1945-02-21 16:00:00+00:00
612,16,1934-04-12 04:00:00+00:00,1944-10-24 16:00:00+00:00
613,25,1934-11-21 12:00:00+00:00,1945-07-10 08:00:00+00:00
614,68,1926-02-03 08:00:00+00:00,1945-07-10 16:00:00+00:00
615,76,1927-02-19 08:00:00+00:00,1944-12-19 08:00:00+00:00
616,52,1934-11-07 12:00:00+00:00,1945-01-14 04:00:00+00:00
617,25,1934-04-11 12:00:00+00:00,1945-01-19 04:00:00+00:00
618,111,1932-08-19 12:00:00+00:00,1945-04-28 20:00:00+00:00
619,62,1929-03-05 08:00:00+00:00,1945-03-04 20:00:00+00:00
620,3077,1928-10-06 08:00:00+00:00,1944-10-30 08:00:00+00:00
621,355,1928-11-18 16:00:00+00:00,1945-02-27 20:00:00+00:00
622,230,1926-10-28 08:00:00+00:00,1945-05-31 20:00:00+00:00
623,185,1929-08-12 16:00:00+00:00,1945-02-23 12:00:00+00:00
624,241,1930-01-27 16:00:00+00:00,1945-02-03 20:00:00+00:00
625,138,1929-08-13 08:00:00+00:00,1945-05-23 04:00:00+00:00
626,87,1932-03-19 08:00:00+00:00,1945-05-30 04:00:00+00:00
627,109,1934-04-12 16:00:00+00:00,1945-06-18 12:00:00+00:00
628,110,1930-06-16 08:00:00+00:00,1945-05-23 08:00:00+00:00
629,100,1934-03-16 20:00:00+00:00,1945-05-30 08:00:00+00:00
630,138,1932-03-18 08:00:00+00:00,1945-06-20 20:00:00+00:00
631,59,1933-02-15 12:00:00+00:00,1945-05-29 08:00:00+00:00
632,58,1932-04-25 12:00:00+00:00,1945-04-07 16:00:00+00:00
633,59,1929-08-19 16:00:00+00:00,1945-04-26 08:00:00+00:00
634,83,1932-04-26 08:00:00+00:00,1945-07-08 08:00:00+00:00
635,73,1933-04-28 08:00:00+00:00,1945-05-10 08:00:00+00:00
636,71,1933-04-28 12:00:00+00:00,1945-08-04 08:00:00+00:00
637,90,1933-08-22 12:00:00+00:00,1944-11-10 08:00:00+00:00
638,144,1934-08-28 08:00:00+00:00,1945-04-15 08:00:00+00:00
639,41,1928-04-22 08:00:00+00:00,1945-04-29 08:00:00+00:00
640,71,1932-03-14 08:00:00+00:00,1945-06-07 16:00:00+00:00
641,70,1932-02-04 08:00:00+00:00,1945-06-05 08:00:00+00:00
642,93,1932-02-04 12:00:00+00:00,1945-04-08 16:00:00+00:00
643,68,1933-09-14 08:00:00+00:00,1945-06-05 16:00:00+00:00
644,66,1934-03-20 16:00:00+00:00,1945-08-20 12:00:00+00:00
645,84,1928-06-18 08:00:00+00:00,1945-03-17 08:00:00+00:00
646,91,1932-02-29 20:00:00+00:00,1945-06-21 08:00:00+00:00
647,81,1932-05-06 08:00:00+00:00,1945-05-28 16:00:00+00:00
648,67,1932-06-24 16:00:00+00:00,1945-05-28 12:00:00+00:00
649,43,1932-09-14 12:00:00+00:00,1945-02-14 16:00:00+00:00
650,47,1933-03-18 08:00:00+00:00,1944-11-14 16:00:00+00:00
651,61,1933-03-18 12:00:00+00:00,1944-11-14 20:00:00+00:00
652,61,1932-04-15 08:00:00+00:00,1945-07-26 12:00:00+00:00
653,36,1932-04-15 12:00:00+00:00,1945-07-21 12:00:00+00:00
654,61,1932-04-15 20:00:00+00:00,1945-02-26 20:00:00+00:00
655,74,1932-05-07 16:00:00+00:00,1945-01-30 16:00:00+00:00
656,66,1926-08-30 12:00:00+00:00,1945-02-28 08:00:00+00:00
657,45,1932-07-09 12:00:00+00:00,1944-08-30 08:00:00+00:00
658,52,1932-07-07 08:00:00+00:00,1944-08-17 08:00:00+00:00
659,55,1932-07-06 12:00:00+00:00,1945-03-16 08:00:00+00:00
660,56,1933-04-17 12:00:00+00:00,1944-10-31 08:00:00+00:00
661,55,1933-06-05 08:00:00+00:00,1945-02-18 12:00:00+00:00
662,71,1933-05-01 20:00:00+00:00,1945-02-18 08:00:00+00:00
663,40,1933-06-13 20:00:00+00:00,1944-12-30 08:00:00+00:00
664,68,1933-07-04 16:00:00+00:00,1945-02-13 04:00:00+00:00
665,38,1933-05-16 16:00:00+00:00,1944-08-30 16:00:00+00:00
666,77,1933-05-16 20:00:00+00:00,1945-02-12 20:00:00+00:00
667,783,1932-05-16 12:00:00+00:00,1944-11-23 04:00:00+00:00
668,233,1930-04-03 20:00:00+00:00,1945-01-30 20:00:00+00:00
669,76,1930-04-03 16:00:00+00:00,1944-10-28 20:00:00+00:00
670,114,1928-09-30 12:00:00+00:00,1945-02-12 12:00:00+00:00
671,99,1934-05-08 16:00:00+00:00,1945-01-11 08:00:00+00:00
672,102,1934-05-08 08:00:00+00:00,1945-08-18 12:00:00+00:00
673,75,1928-10-15 16:00:00+00:00,1945-08-18 16:00:00+00:00
674,132,1926-01-21 08:00:00+00:00,1945-06-25 12:00:00+00:00
675,158,1926-01-21 12:00:00+00:00,1945-05-19 16:00:00+00:00
676,251,1927-04-25 12:00:00+00:00,1945-06-11 12:00:00+00:00
677,42,1927-04-24 12:00:00+00:00,1945-08-18 08:00:00+00:00
678,56,1929-02-07 16:00:00+00:00,1945-07-04 16:00:00+00:00
679,79,1926-02-24 16:00:00+00:00,1945-06-13 12:00:00+00:00
680,204,1926-01-25 08:00:00+00:00,1945-03-08 16:00:00+00:00
681,21,1929-01-15 20:00:00+00:00,1944-03-12 12:00:00+00:00
682,11,1929-01-15 16:00:00+00:00,1944-06-18 12:00:00+00:00
685,26,1926-02-10 08:00:00+00:00,1944-05-01 08:00:00+00:00
686,66,1926-02-06 08:00:00+00:00,1944-04-25 20:00:00+00:00
687,34,1927-01-20 08:00:00+00:00,1944-02-20 12:00:00+00:00
688,16,1929-02-22 08:00:00+00:00,1944-01-17 20:00:00+00:00
689,14,1926-01-30 08:00:00+00:00,1943-11-22 16:00:00+00:00
690,15,1928-03-05 08:00:00+00:00,1943-11-02 12:00:00+00:00
699,35,1926-03-24 08:00:00+00:00,1943-11-20 12:00:00+00:00
700,61,1929-05-05 12:00:00+00:00,1944-09-06 16:00:00+00:00
701,48,1929-05-05 08:00:00+00:00,1944-10-02 16:00:00+00:00
702,49,1926-03-25 08:00:00+00:00,1944-10-22 16:00:00+00:00
703,44,1926-03-25 16:00:00+00:00,1944-12-29 20:00:00+00:00
704,33,1926-02-06 16:00:00+00:00,1944-07-21 20:00:00+00:00
705,72,1930-07-15 08:00:00+00:00,1944-11-07 08:00:00+00:00
706,25,1936-05-02 08:00:00+00:00,1944-11-07 12:00:00+00:00
707,26,1929-01-19 16:00:00+00:00,1944-11-07 16:00:00+00:00
708,20,1930-07-03 16:00:00+00:00,1944-10-29 04:00:00+00:00
709,46,1933-05-08 16:00:00+00:00,1944-10-29 12:00:00+00:00
710,13,1936-11-13 08:00:00+00:00,1945-02-21 20:00:00+00:00
711,13,1921-03-16 07:00:00+00:00,1945-02-21 20:00:00+00:00
712,15,1930-07-04 08:00:00+00:00,1945-02-21 16:00:00+00:00
713,14,1934-11-21 08:00:00+00:00,1944-10-21 12:00:00+00:00
714,16,1930-02-17 12:00:00+00:00,1944-10-21 08:00:00+00:00
715,50,1926-03-30 08:00:00+00:00,1944-06-26 20:00:00+00:00
716,49,1929-05-08 16:00:00+00:00,1945-03-04 12:00:00+00:00
717,46,1930-08-02 12:00:00+00:00,1945-03-04 16:00:00+00:00
718,89,1928-10-13 12:00:00+00:00,1945-07-11 08:00:00+00:00
719,56,1929-10-16 08:00:00+00:00,1945-07-11 16:00:00+00:00
720,71,1929-03-07 08:00:00+00:00,1945-04-29 12:00:00+00:00
721,278,1929-10-13 20:00:00+00:00,1945-02-19 16:00:00+00:00
722,904,1926-10-25 08:00:00+00:00,1945-05-29 20:00:00+00:00
723,388,1926-08-31 08:00:00+00:00,1945-04-29 16:00:00+00:00
724,398,1929-11-12 20:00:00+00:00,1945-05-22 12:00:00+00:00
725,106,1926-08-10 08:00:00+00:00,1945-05-22 20:00:00+00:00
726,77,1933-03-20 08:00:00+00:00,1944-12-21 04:00:00+00:00
727,60,1934-03-16 12:00:00+00:00,1945-03-26 12:00:00+00:00
728,64,1934-03-16 16:00:00+00:00,1944-12-20 20:00:00+00:00
729,66,1932-03-18 12:00:00+00:00,1945-05-05 12:00:00+00:00
730,92,1934-11-15 12:00:00+00:00,1945-05-30 08:00:00+00:00
731,50,1934-11-15 08:00:00+00:00,1945-05-30 12:00:00+00:00
732,59,1935-05-05 04:00:00+00:00,1945-05-03 20:00:00+00:00
733,171,1929-06-01 04:00:00+00:00,1945-04-26 16:00:00+00:00
734,75,1932-02-04 16:00:00+00:00,1945-04-22 16:00:00+00:00
735,198,1932-04-26 12:00:00+00:00,1945-08-04 16:00:00+00:00
736,62,1933-01-27 08:00:00+00:00,1945-07-08 16:00:00+00:00
737,59,1933-01-27 16:00:00+00:00,1945-08-05 08:00:00+00:00
738,55,1933-08-22 08:00:00+00:00,1945-08-05 12:00:00+00:00
739,61,1935-05-19 08:00:00+00:00,1945-08-05 16:00:00+00:00
740,74,1935-05-08 08:00:00+00:00,1945-08-31 12:00:00+00:00
741,53,1932-03-01 16:00:00+00:00,1945-06-01 12:00:00+00:00
742,83,1932-05-07 12:00:00+00:00,1945-05-27 08:00:00+00:00
743,82,1932-03-01 08:00:00+00:00,1945-05-29 08:00:00+00:00
744,88,1932-06-23 12:00:00+00:00,1945-08-20 08:00:00+00:00
745,65,1928-06-11 08:00:00+00:00,1945-02-23 20:00:00+00:00
746,28,1933-03-17 08:00:00+00:00,1944-11-18 20:00:00+00:00
747,34,1933-03-17 12:00:00+00:00,1945-01-08 20:00:00+00:00
748,71,1935-06-06 12:00:00+00:00,1945-02-14 16:00:00+00:00
749,55,1932-08-05 16:00:00+00:00,1945-02-15 08:00:00+00:00
750,43,1930-08-09 08:00:00+00:00,1945-07-12 08:00:00+00:00
751,44,1930-08-09 12:00:00+00:00,1945-05-30 04:00:00+00:00
752,56,1930-08-09 16:00:00+00:00,1945-07-26 08:00:00+00:00
753,74,1928-04-26 08:00:00+00:00,1945-04-06 20:00:00+00:00
754,1625,1935-05-10 12:00:00+00:00,1945-02-27 12:00:00+00:00
755,88,1934-05-21 08:00:00+00:00,1945-02-27 20:00:00+00:00
756,65,1926-01-08 12:00:00+00:00,1977-07-19 17:00:00+00:00
757,31,1930-08-10 16:00:00+00:00,1945-02-14 04:00:00+00:00
758,43,1933-02-08 08:00:00+00:00,1944-11-28 08:00:00+00:00
759,50,1932-04-17 08:00:00+00:00,1945-01-28 20:00:00+00:00
760,54,1932-04-17 12:00:00+00:00,1945-03-16 04:00:00+00:00
761,52,1930-08-11 08:00:00+00:00,1945-08-13 12:00:00+00:00
762,54,1930-08-11 12:00:00+00:00,1945-05-23 08:00:00+00:00
763,46,1933-06-18 16:00:00+00:00,1945-02-13 08:00:00+00:00
764,60,1933-05-01 16:00:00+00:00,1945-01-14 20:00:00+00:00
765,73,1930-08-12 08:00:00+00:00,1945-02-12 20:00:00+00:00
766,80,1930-08-12 12:00:00+00:00,1944-12-14 08:00:00+00:00
767,60,1930-08-12 16:00:00+00:00,1944-12-14 12:00:00+00:00
768,75,1933-09-20 12:00:00+00:00,1945-02-12 16:00:00+00:00
769,118,1933-05-21 12:00:00+00:00,1945-02-12 12:00:00+00:00
770,167,1928-09-30 08:00:00+00:00,1945-02-12 08:00:00+00:00
771,873,1928-10-10 12:00:00+00:00,1945-03-23 04:00:00+00:00
772,147,1927-01-28 08:00:00+00:00,1945-02-12 04:00:00+00:00
773,88,1926-01-10 08:00:00+00:00,1945-03-17 12:00:00+00:00
774,242,1928-04-18 08:00:00+00:00,1945-06-25 08:00:00+00:00
775,593,1926-01-19 12:00:00+00:00,1945-06-22 16:00:00+00:00
776,12719,1926-01-01 08:00:00+00:00,1949-05-25 12:00:00+00:00
777,191,1927-01-07 08:00:00+00:00,1945-06-13 16:00:00+00:00
778,35,1930-06-24 08:00:00+00:00,1945-05-20 08:00:00+00:00
779,87,1928-04-17 12:00:00+00:00,1945-07-02 20:00:00+00:00
780,146,1926-02-14 08:00:00+00:00,1945-07-02 08:00:00+00:00
781,68,1929-01-26 12:00:00+00:00,1945-07-02 16:00:00+00:00
782,90,1926-03-14 08:00:00+00:00,1944-12-13 12:00:00+00:00
783,46,1926-03-14 12:00:00+00:00,1944-12-13 16:00:00+00:00
784,30,1926-02-13 08:00:00+00:00,1945-07-03 08:00:00+00:00
785,23,1927-02-28 08:00:00+00:00,1945-07-03 16:00:00+00:00
786,20,1927-06-05 08:00:00+00:00,1939-01-11 16:00:00+00:00
787,28,1927-03-23 08:00:00+00:00,1944-12-14 12:00:00+00:00
788,25,1926-02-05 16:00:00+00:00,1944-04-30 16:00:00+00:00
789,16,1926-02-05 12:00:00+00:00,1944-04-26 08:00:00+00:00
790,24,1926-01-30 12:00:00+00:00,1944-04-26 12:00:00+00:00
793,11,1929-07-29 08:00:00+00:00,1930-11-06 12:00:00+00:00
803,31,1932-02-12 20:00:00+00:00,1944-10-21 16:00:00+00:00
804,43,1929-01-19 08:00:00+00:00,1944-11-07 04:00:00+00:00
805,40,1926-02-06 08:00:00+00:00,1944-12-30 04:00:00+00:00
806,28,1927-02-22 08:00:00+00:00,1944-12-30 08:00:00+00:00
807,15,1929-03-18 12:00:00+00:00,1944-06-09 20:00:00+00:00
811,12,1930-07-10 16:00:00+00:00,1944-05-12 08:00:00+00:00
812,13,1930-08-01 12:00:00+00:00,1944-05-14 16:00:00+00:00
813,19,1930-08-01 16:00:00+00:00,1945-03-04 04:00:00+00:00
815,25,1929-01-16 12:00:00+00:00,1945-03-04 08:00:00+00:00
816,73,1926-02-02 12:00:00+00:00,1945-01-17 04:00:00+00:00
817,86,1929-03-21 08:00:00+00:00,1945-01-18 16:00:00+00:00
818,59,1928-10-13 08:00:00+00:00,1945-01-18 16:00:00+00:00
819,38,1931-10-01 20:00:00+00:00,1945-03-04 16:00:00+00:00
820,196,1929-03-07 16:00:00+00:00,1945-06-20 08:00:00+00:00
821,151,1930-10-08 08:00:00+00:00,1945-02-19 20:00:00+00:00
822,6914,1926-08-11 08:00:00+00:00,1945-06-19 16:00:00+00:00
823,5157,1926-08-14 08:00:00+00:00,1945-07-12 12:00:00+00:00
824,404,1926-08-16 08:00:00+00:00,1945-07-12 16:00:00+00:00
825,133,1929-09-13 08:00:00+00:00,1945-05-22 16:00:00+00:00
826,60,1934-03-16 08:00:00+00:00,1945-03-27 04:00:00+00:00
827,87,1930-07-15 12:00:00+00:00,1945-06-20 16:00:00+00:00
828,67,1933-11-27 12:00:00+00:00,1945-05-28 08:00:00+00:00
829,91,1932-02-03 16:00:00+00:00,1945-02-22 16:00:00+00:00
830,54,1935-05-04 16:00:00+00:00,1945-05-30 16:00:00+00:00
831,40,1932-09-30 16:00:00+00:00,1945-05-09 16:00:00+00:00
832,59,1935-05-04 20:00:00+00:00,1945-05-28 16:00:00+00:00
833,80,1929-08-17 12:00:00+00:00,1945-01-01 04:00:00+00:00
834,431,1929-06-17 16:00:00+00:00,1945-05-20 16:00:00+00:00
835,339,1928-04-21 08:00:00+00:00,1945-05-13 04:00:00+00:00
836,69,1932-02-03 16:00:00+00:00,1945-07-31 08:00:00+00:00
837,67,1932-03-15 16:00:00+00:00,1945-07-31 16:00:00+00:00
838,94,1932-05-08 16:00:00+00:00,1945-07-31 16:00:00+00:00
839,84,1932-03-15 20:00:00+00:00,1945-08-31 16:00:00+00:00
840,86,1928-06-19 08:00:00+00:00,1945-06-06 16:00:00+00:00
841,69,1932-03-14 16:00:00+00:00,1945-05-29 16:00:00+00:00
842,79,1932-03-01 12:00:00+00:00,1945-06-19 20:00:00+00:00
843,39,1933-03-16 16:00:00+00:00,1945-02-20 16:00:00+00:00
844,50,1933-04-19 20:00:00+00:00,1945-08-21 16:00:00+00:00
845,111,1933-07-26 20:00:00+00:00,1945-02-15 20:00:00+00:00
846,80,1932-03-14 08:00:00+00:00,1945-02-24 04:00:00+00:00
847,53,1930-08-08 16:00:00+00:00,1945-02-24 04:00:00+00:00
848,32,1933-05-14 16:00:00+00:00,1945-05-30 12:00:00+00:00
849,23,1934-10-28 12:00:00+00:00,1945-05-30 08:00:00+00:00
850,44,1934-10-28 08:00:00+00:00,1945-07-12 12:00:00+00:00
851,50,1932-07-25 12:00:00+00:00,1945-07-12 16:00:00+00:00
852,117,1932-07-25 16:00:00+00:00,1945-03-21 16:00:00+00:00
853,52,1932-02-08 16:00:00+00:00,1945-06-24 16:00:00+00:00
854,65,1932-07-12 08:00:00+00:00,1945-03-21 08:00:00+00:00
855,36,1932-09-15 16:00:00+00:00,1945-02-19 16:00:00+00:00
856,30,1934-10-15 16:00:00+00:00,1944-11-21 04:00:00+00:00
857,31,1928-04-27 08:00:00+00:00,1945-01-31 04:00:00+00:00
858,35,1938-01-23 08:00:00+00:00,1945-01-26 04:00:00+00:00
859,40,1933-02-07 12:00:00+00:00,1945-01-13 16:00:00+00:00
860,44,1935-05-16 08:00:00+00:00,1945-05-23 16:00:00+00:00
861,33,1935-05-17 16:00:00+00:00,1945-05-23 12:00:00+00:00
862,34,1934-01-14 20:00:00+00:00,1945-08-13 16:00:00+00:00
863,42,1932-04-18 08:00:00+00:00,1944-09-26 08:00:00+00:00
864,50,1932-04-18 16:00:00+00:00,1945-01-12 12:00:00+00:00
865,545,1928-10-02 08:00:00+00:00,1944-12-13 20:00:00+00:00
866,306,1932-12-25 08:00:00+00:00,1944-11-19 16:00:00+00:00
867,164,1930-04-05 08:00:00+00:00,1945-08-16 08:00:00+00:00
868,128,1931-04-23 16:00:00+00:00,1945-08-16 12:00:00+00:00
869,83,1930-06-08 16:00:00+00:00,1945-04-02 04:00:00+00:00
870,77,1929-06-08 16:00:00+00:00,1945-05-23 12:00:00+00:00
871,113,1927-05-17 08:00:00+00:00,1945-06-14 16:00:00+00:00
872,119,1928-03-14 08:00:00+00:00,1945-06-14 12:00:00+00:00
873,119,1927-04-28 08:00:00+00:00,1945-06-14 08:00:00+00:00
874,195,1926-11-03 12:00:00+00:00,1945-07-01 16:00:00+00:00
875,184,1926-02-25 16:00:00+00:00,1945-03-23 12:00:00+00:00
876,1061,1926-05-27 08:00:00+00:00,1945-07-02 08:00:00+00:00
877,264,1927-05-26 08:00:00+00:00,1945-07-02 12:00:00+00:00
878,50,1929-01-05 20:00:00+00:00,1945-02-17 12:00:00+00:00
879,171,1926-02-26 08:00:00+00:00,1945-05-20 16:00:00+00:00
880,168,1926-02-19 08:00:00+00:00,1945-03-09 04:00:00+00:00
881,30,1930-02-27 08:00:00+00:00,1945-02-10 08:00:00+00:00
882,51,1929-01-15 08:00:00+00:00,1944-12-26 08:00:00+00:00
883,44,1926-03-14 16:00:00+00:00,1944-12-26 12:00:00+00:00
884,43,1927-04-18 08:00:00+00:00,1944-12-26 16:00:00+00:00
885,33,1927-06-08 08:00:00+00:00,1944-12-26 20:00:00+00:00
886,26,1926-02-12 16:00:00+00:00,1944-06-13 20:00:00+00:00
887,36,1926-02-12 08:00:00+00:00,1944-06-13 16:00:00+00:00
888,18,1926-02-11 08:00:00+00:00,1945-07-04 12:00:00+00:00
889,25,1926-02-11 12:00:00+00:00,1945-07-04 16:00:00+00:00
890,68,1926-02-05 08:00:00+00:00,1944-02-25 16:00:00+00:00
891,45,1926-01-30 16:00:00+00:00,1944-04-30 08:00:00+00:00
892,16,1929-11-11 08:00:00+00:00,1944-02-25 08:00:00+00:00
896,13,1929-07-26 16:00:00+00:00,1937-09-29 08:00:00+00:00
897,24,1929-07-27 08:00:00+00:00,1930-11-05 12:00:00+00:00
903,310,1938-06-19 12:00:00+00:00,1943-11-22 16:00:00+00:00
904,47,1926-03-26 08:00:00+00:00,1944-10-21 08:00:00+00:00
905,48,1926-03-26 16:00:00+00:00,1944-10-03 08:00:00+00:00
906,44,1929-05-06 08:00:00+00:00,1944-10-23 08:00:00+00:00
907,21,1929-03-18 16:00:00+00:00,1944-10-23 12:00:00+00:00
908,21,1926-02-05 16:00:00+00:00,1944-10-25 20:00:00+00:00
913,49,1942-05-06 20:00:00+00:00,1944-05-12 16:00:00+00:00
914,11,1942-04-17 16:00:00+00:00,1944-07-10 08:00:00+00:00
915,18,1936-12-04 08:00:00+00:00,1944-07-09 12:00:00+00:00
916,64,1926-02-02 08:00:00+00:00,1945-01-16 20:00:00+00:00
917,102,1929-02-28 12:00:00+00:00,1944-07-07 16:00:00+00:00
918,135,1930-09-25 12:00:00+00:00,1945-04-28 16:00:00+00:00
919,34,1930-09-25 08:00:00+00:00,1945-01-20 12:00:00+00:00
920,61,1929-10-15 20:00:00+00:00,1945-01-20 12:00:00+00:00
921,151,1931-04-16 20:00:00+00:00,1944-11-10 04:00:00+00:00
922,100,1928-10-05 12:00:00+00:00,1945-02-01 16:00:00+00:00
923,119,1929-10-13 08:00:00+00:00,1945-02-02 12:00:00+00:00
924,91,1926-08-08 08:00:00+00:00,1945-04-10 20:00:00+00:00
925,71,1926-08-19 08:00:00+00:00,1945-01-27 12:00:00+00:00
926,65,1933-03-19 12:00:00+00:00,1945-02-22 04:00:00+00:00
927,62,1933-03-28 08:00:00+00:00,1945-07-13 08:00:00+00:00
928,63,1932-02-03 08:00:00+00:00,1945-07-13 12:00:00+00:00
929,76,1932-02-03 12:00:00+00:00,1945-07-13 16:00:00+00:00
930,51,1933-06-28 16:00:00+00:00,1945-05-09 08:00:00+00:00
931,45,1933-07-09 12:00:00+00:00,1945-03-29 08:00:00+00:00
932,38,1932-09-30 08:00:00+00:00,1945-03-29 12:00:00+00:00
933,63,1933-06-04 20:00:00+00:00,1945-03-30 20:00:00+00:00
934,51,1932-02-03 08:00:00+00:00,1945-06-04 08:00:00+00:00
935,61,1932-02-03 12:00:00+00:00,1945-06-04 12:00:00+00:00
936,41,1932-03-02 12:00:00+00:00,1945-06-04 16:00:00+00:00
937,65,1932-03-02 08:00:00+00:00,1945-06-22 16:00:00+00:00
938,81,1932-03-13 12:00:00+00:00,1945-05-30 12:00:00+00:00
939,62,1932-06-22 08:00:00+00:00,1945-07-09 08:00:00+00:00
940,90,1932-06-22 12:00:00+00:00,1945-07-29 16:00:00+00:00
941,51,1932-03-14 08:00:00+00:00,1945-07-29 12:00:00+00:00
942,36,1932-03-14 12:00:00+00:00,1945-08-06 12:00:00+00:00
943,45,1930-08-07 16:00:00+00:00,1945-08-21 12:00:00+00:00
944,49,1933-04-03 12:00:00+00:00,1945-02-21 12:00:00+00:00
945,46,1933-04-03 08:00:00+00:00,1945-03-08 12:00:00+00:00
946,57,1930-08-08 08:00:00+00:00,1945-03-08 16:00:00+00:00
947,82,1930-06-12 12:00:00+00:00,1945-05-30 16:00:00+00:00
948,48,1930-06-12 08:00:00+00:00,1945-05-27 16:00:00+00:00
949,35,1928-04-25 08:00:00+00:00,1945-03-08 12:00:00+00:00
950,43,1932-05-06 16:00:00+00:00,1945-04-07 08:00:00+00:00
951,46,1932-02-08 08:00:00+00:00,1945-04-07 04:00:00+00:00
952,47,1930-06-11 16:00:00+00:00,1945-05-24 20:00:00+00:00
953,32,1930-06-11 12:00:00+00:00,1945-03-09 16:00:00+00:00
954,38,1930-06-11 08:00:00+00:00,1945-03-09 20:00:00+00:00
955,39,1932-02-23 20:00:00+00:00,1945-03-09 20:00:00+00:00
956,86,1934-10-17 12:00:00+00:00,1945-03-21 16:00:00+00:00
957,106,1932-02-08 12:00:00+00:00,1945-05-24 08:00:00+00:00
958,73,1930-06-10 16:00:00+00:00,1945-03-10 08:00:00+00:00
959,66,1930-06-10 12:00:00+00:00,1945-04-19 16:00:00+00:00
960,256,1930-06-10 08:00:00+00:00,1945-04-20 08:00:00+00:00
961,53,1934-01-20 16:00:00+00:00,1945-04-19 08:00:00+00:00
962,50,1935-10-13 16:00:00+00:00,1945-03-18 12:00:00+00:00
963,58,1930-06-09 16:00:00+00:00,1945-05-24 12:00:00+00:00
964,64,1930-06-09 12:00:00+00:00,1945-05-24 08:00:00+00:00
965,72,1930-06-09 08:00:00+00:00,1945-06-15 16:00:00+00:00
966,145,1928-10-08 12:00:00+00:00,1945-03-17 20:00:00+00:00
967,165,1932-04-19 08:00:00+00:00,1945-06-15 12:00:00+00:00
968,179,1930-04-14 16:00:00+00:00,1945-08-16 16:00:00+00:00
969,142,1930-04-12 08:00:00+00:00,1945-07-01 08:00:00+00:00
970,160,1929-06-08 20:00:00+00:00,1945-07-01 12:00:00+00:00
971,103,1928-09-29 16:00:00+00:00,1945-08-19 12:00:00+00:00
972,130,1928-09-29 12:00:00+00:00,1945-03-23 16:00:00+00:00
973,411,1927-03-08 08:00:00+00:00,1945-06-24 16:00:00+00:00
974,193,1926-01-07 16:00:00+00:00,1945-08-19 08:00:00+00:00
975,254,1926-02-26 08:00:00+00:00,1945-06-27 12:00:00+00:00
976,219,1927-03-31 08:00:00+00:00,1945-06-05 08:00:00+00:00
977,114,1927-05-09 08:00:00+00:00,1945-07-02 16:00:00+00:00
978,73,1927-04-01 08:00:00+00:00,1945-02-02 08:00:00+00:00
979,579,1926-03-01 08:00:00+00:00,1945-02-28 08:00:00+00:00
980,2073,1926-02-15 08:00:00+00:00,1945-07-01 16:00:00+00:00
981,16,1926-01-23 08:00:00+00:00,1945-02-25 08:00:00+00:00
982,21,1937-12-07 08:00:00+00:00,1945-02-23 12:00:00+00:00
985,33,1930-07-01 16:00:00+00:00,1944-06-19 04:00:00+00:00
986,28,1928-10-01 20:00:00+00:00,1944-07-19 16:00:00+00:00
987,24,1928-10-01 16:00:00+00:00,1944-06-13 12:00:00+00:00
988,30,1930-01-23 16:00:00+00:00,1944-12-27 04:00:00+00:00
989,14,1928-09-28 20:00:00+00:00,1944-02-06 12:00:00+00:00
991,28,1926-02-11 08:00:00+00:00,1945-07-05 08:00:00+00:00
992,31,1927-06-06 08:00:00+00:00,1945-07-05 12:00:00+00:00
993,31,1926-01-31 08:00:00+00:00,1945-07-05 16:00:00+00:00
995,51,1934-09-27 16:00:00+00:00,1944-02-24 16:00:00+00:00
