,temperature
1/1/10,2.60
1/2/10,2.51
1/3/10,2.58
1/4/10,2.44
1/5/10,2.63
1/6/10,2.69
1/7/10,2.61
1/8/10,2.55
1/9/10,2.62
1/10/10,2.46
1/11/10,2.52
1/12/10,2.75
1/13/10,2.67
1/14/10,3.02
1/15/10,3.05
1/16/10,3.02
1/17/10,2.98
1/18/10,2.96
1/19/10,2.75
1/20/10,2.58
1/21/10,2.39
1/22/10,2.22
1/23/10,2.10
1/24/10,1.99
1/25/10,1.97
1/26/10,1.92
1/27/10,1.81
1/28/10,1.81
1/29/10,1.99
1/30/10,1.97
1/31/10,1.97
2/1/10,1.95
2/2/10,1.96
2/3/10,1.95
2/4/10,1.85
2/5/10,1.52
2/6/10,0.98
2/7/10,0.66
2/8/10,0.61
2/9/10,0.60
2/10/10,0.64
2/11/10,0.70
2/12/10,0.74
2/13/10,0.69
2/14/10,0.68
2/15/10,0.59
2/16/10,0.49
2/17/10,0.58
2/18/10,0.77
2/19/10,0.76
2/20/10,0.73
2/21/10,0.44
2/22/10,0.18
2/23/10,0.22
2/24/10,0.44
2/25/10,0.59
2/26/10,0.62
2/27/10,0.37
2/28/10,-0.66
3/1/10,-1.23
3/2/10,-1.44
3/3/10,-1.36
3/4/10,-1.41
3/5/10,-1.60
3/6/10,-1.69
3/7/10,-1.69
3/8/10,-1.70
3/9/10,-1.72
3/10/10,-1.73
3/11/10,-1.73
3/12/10,-1.73
3/13/10,-1.73
3/14/10,-1.74
3/15/10,-1.75
3/16/10,-1.75
3/17/10,-1.74
3/18/10,-1.74
3/19/10,-1.74
3/20/10,-1.74
3/21/10,-1.73
3/22/10,-1.73
3/23/10,-1.73
3/24/10,-1.73
3/25/10,-1.73
3/26/10,-1.72
3/27/10,-1.73
3/28/10,-1.73
3/29/10,-1.74
3/30/10,-1.74
3/31/10,-1.74
4/1/10,-1.74
4/2/10,-1.73
4/3/10,-1.74
4/4/10,-1.74
4/5/10,-1.74
4/6/10,-1.74
4/7/10,-1.74
4/8/10,-1.74
4/9/10,-1.73
4/10/10,-1.74
4/11/10,-1.74
4/12/10,-1.73
4/13/10,-1.73
4/14/10,-1.73
4/15/10,-1.71
4/16/10,-1.71
4/17/10,-1.70
4/18/10,-1.68
4/19/10,-1.66
4/20/10,-1.63
4/21/10,-1.61
4/22/10,-1.63
4/23/10,-1.63
4/24/10,-1.61
4/25/10,-1.59
4/26/10,-1.57
4/27/10,-1.49
4/28/10,-1.46
4/29/10,-1.47
4/30/10,-1.50
5/1/10,
5/2/10,
5/3/10,
5/4/10,
5/5/10,
5/6/10,
5/7/10,
5/8/10,
5/9/10,
5/10/10,
5/11/10,
5/12/10,-1.45
5/13/10,-1.44
5/14/10,-1.42
5/15/10,-1.41
5/16/10,-1.40
5/17/10,-1.39
5/18/10,-1.39
5/19/10,-1.38
5/20/10,-1.36
5/21/10,-1.34
5/22/10,-1.33
5/23/10,-1.32
5/24/10,-1.29
5/25/10,-1.27
5/26/10,-1.26
5/27/10,-1.22
5/28/10,-1.14
5/29/10,-1.10
5/30/10,-1.09
5/31/10,-1.07
6/1/10,-1.04
6/2/10,-1.01
6/3/10,-0.97
6/4/10,-0.98
6/5/10,-0.96
6/6/10,-0.95
6/7/10,-0.97
6/8/10,-0.98
6/9/10,-0.96
6/10/10,-0.95
6/11/10,-0.94
6/12/10,-0.91
6/13/10,-0.90
6/14/10,-0.89
6/15/10,-0.85
6/16/10,-0.84
6/17/10,-0.85
6/18/10,-0.90
6/19/10,-0.92
6/20/10,-0.92
6/21/10,-0.91
6/22/10,-0.89
6/23/10,-0.86
6/24/10,-0.85
6/25/10,-0.83
6/26/10,-0.80
6/27/10,-0.78
6/28/10,-0.76
6/29/10,-0.75
6/30/10,-0.73
7/1/10,-0.71
7/2/10,-0.70
7/3/10,-0.69
7/4/10,-0.69
7/5/10,-0.69
7/6/10,-0.68
7/7/10,-0.68
7/8/10,-0.67
7/9/10,-0.65
7/10/10,-0.63
7/11/10,-0.62
7/12/10,-0.61
7/13/10,-0.58
7/14/10,-0.56
7/15/10,-0.54
7/16/10,-0.51
7/17/10,-0.49
7/18/10,-0.47
7/19/10,-0.45
7/20/10,-0.43
7/21/10,-0.42
7/22/10,-0.40
7/23/10,-0.39
7/24/10,-0.40
7/25/10,-0.39
7/26/10,-0.39
7/27/10,-0.38
7/28/10,-0.37
7/29/10,-0.37
7/30/10,-0.37
7/31/10,-0.36
8/1/10,-0.35
8/2/10,-0.33
8/3/10,-0.34
8/4/10,-0.34
8/5/10,-0.34
8/6/10,-0.34
8/7/10,-0.34
8/8/10,-0.33
8/9/10,-0.32
8/10/10,-0.31
8/11/10,-0.31
8/12/10,-0.29
8/13/10,-0.27
8/14/10,-0.26
8/15/10,-0.25
8/16/10,-0.22
8/17/10,-0.22
8/18/10,-0.19
8/19/10,-0.16
8/20/10,-0.15
8/21/10,-0.14
8/22/10,-0.16
8/23/10,-0.16
8/24/10,-0.16
8/25/10,-0.14
8/26/10,-0.13
8/27/10,-0.14
8/28/10,-0.13
8/29/10,-0.12
8/30/10,-0.12
8/31/10,-0.12
9/1/10,-0.11
9/2/10,-0.11
9/3/10,-0.09
9/4/10,-0.09
9/5/10,-0.10
9/6/10,-0.08
9/7/10,-0.06
9/8/10,-0.04
9/9/10,-0.01
9/10/10,0.03
9/11/10,0.06
9/12/10,0.10
9/13/10,0.13
9/14/10,0.14
9/15/10,0.15
9/16/10,0.16
9/17/10,0.21
9/18/10,0.30
9/19/10,0.31
9/20/10,0.28
9/21/10,0.28
9/22/10,0.23
9/23/10,0.22
9/24/10,0.27
9/25/10,0.29
9/26/10,0.22
9/27/10,0.17
9/28/10,0.13
9/29/10,0.06
9/30/10,0.05
10/1/10,0.11
10/2/10,0.23
10/3/10,0.27
10/4/10,0.29
10/5/10,0.28
10/6/10,0.27
10/7/10,0.28
10/8/10,0.30
10/9/10,0.32
10/10/10,0.36
10/11/10,0.41
10/12/10,0.48
10/13/10,0.51
10/14/10,0.52
10/15/10,0.51
10/16/10,0.52
10/17/10,0.60
10/18/10,1.35
10/19/10,1.10
10/20/10,1.04
10/21/10,1.17
10/22/10,1.61
10/23/10,1.86
10/24/10,1.97
10/25/10,1.94
10/26/10,1.92
10/27/10,1.92
10/28/10,1.93
10/29/10,2.06
10/30/10,2.31
10/31/10,2.34
11/1/10,2.27
11/2/10,2.31
11/3/10,2.38
11/4/10,2.34
11/5/10,2.33
11/6/10,2.34
11/7/10,2.29
11/8/10,2.21
11/9/10,2.16
11/10/10,2.15
11/11/10,1.99
11/12/10,2.11
11/13/10,2.26
11/14/10,2.25
11/15/10,2.19
11/16/10,2.13
11/17/10,1.99
11/18/10,1.68
11/19/10,1.58
11/20/10,1.66
11/21/10,1.68
11/22/10,1.69
11/23/10,1.71
11/24/10,1.64
11/25/10,1.52
11/26/10,1.84
11/27/10,2.00
11/28/10,1.92
11/29/10,1.69
11/30/10,1.79
12/1/10,1.88
12/2/10,2.35
12/3/10,2.36
12/4/10,2.45
12/5/10,2.60
12/6/10,2.52
12/7/10,2.43
12/8/10,2.44
12/9/10,2.02
12/10/10,1.47
12/11/10,1.08
12/12/10,0.86
12/13/10,0.78
12/14/10,0.79
12/15/10,0.71
12/16/10,0.61
12/17/10,0.68
12/18/10,0.71
12/19/10,0.64
12/20/10,0.61
12/21/10,0.58
12/22/10,0.82
12/23/10,1.18
12/24/10,1.21
12/25/10,1.11
12/26/10,0.95
12/27/10,0.86
12/28/10,0.77
12/29/10,0.61
12/30/10,0.41
12/31/10,0.25
1/1/11,0.26
1/2/11,0.08
1/3/11,0.08
1/4/11,0.02
1/5/11,-0.06
1/6/11,-0.14
1/7/11,-0.20
1/8/11,-0.29
1/9/11,-0.31
1/10/11,-0.16
1/11/11,-0.14
1/12/11,-0.13
1/13/11,-0.07
1/14/11,-0.06
1/15/11,-0.10
1/16/11,-0.12
1/17/11,-0.13
1/18/11,-0.16
1/19/11,-0.29
1/20/11,-0.30
1/21/11,-0.33
1/22/11,-0.33
1/23/11,-0.24
1/24/11,-0.12
1/25/11,0.24
1/26/11,0.28
1/27/11,0.21
1/28/11,0.34
1/29/11,0.39
1/30/11,0.39
1/31/11,0.60
2/1/11,0.44
2/2/11,0.18
2/3/11,0.07
2/4/11,-0.07
2/5/11,-0.20
2/6/11,-0.01
2/7/11,0.16
2/8/11,0.20
2/9/11,0.25
2/10/11,0.08
2/11/11,-0.16
2/12/11,-0.30
2/13/11,-0.30
2/14/11,-0.64
2/15/11,-0.86
2/16/11,-0.93
2/17/11,-0.93
2/18/11,-0.86
2/19/11,-0.77
2/20/11,-0.75
2/21/11,-0.62
2/22/11,-0.57
2/23/11,-0.59
2/24/11,-0.43
2/25/11,-0.20
2/26/11,-0.42
2/27/11,-0.41
2/28/11,-0.43
3/1/11,-0.48
3/2/11,-0.50
3/3/11,-0.54
3/4/11,-0.78
3/5/11,-0.78
3/6/11,-0.60
3/7/11,-0.74
3/8/11,-0.77
3/9/11,-0.59
3/10/11,-0.53
3/11/11,-0.54
3/12/11,-0.51
3/13/11,-0.42
3/14/11,-0.39
3/15/11,-0.47
3/16/11,-0.43
3/17/11,-0.47
3/18/11,-0.53
3/19/11,-0.39
3/20/11,-0.30
3/21/11,-0.26
3/22/11,-0.18
3/23/11,-0.16
3/24/11,-0.13
3/25/11,-0.11
3/26/11,-0.11
3/27/11,-0.09
3/28/11,-0.12
3/29/11,-0.06
3/30/11,-0.08
3/31/11,-0.26
4/1/11,-0.47
4/2/11,-0.34
4/3/11,-0.25
4/4/11,0.01
4/5/11,0.08
4/6/11,0.15
4/7/11,0.13
4/8/11,0.15
4/9/11,0.10
4/10/11,0.07
4/11/11,0.08
4/12/11,0.03
4/13/11,0.01
4/14/11,-0.05
4/15/11,-0.01
4/16/11,-0.01
4/17/11,-0.06
4/18/11,-0.15
4/19/11,-0.27
4/20/11,-0.32
4/21/11,-0.35
4/22/11,-0.46
4/23/11,-0.38
4/24/11,0.14
4/25/11,0.20
4/26/11,0.01
4/27/11,-0.13
4/28/11,-0.18
4/29/11,-0.15
4/30/11,-0.12
5/1/11,-0.11
5/2/11,-0.10
5/3/11,0.01
5/4/11,0.18
5/5/11,0.22
5/6/11,0.19
5/7/11,0.15
5/8/11,0.14
5/9/11,-0.04
5/10/11,0.11
5/11/11,0.19
5/12/11,0.19
5/13/11,0.17
5/14/11,0.22
5/15/11,0.32
5/16/11,0.55
5/17/11,0.66
5/18/11,0.69
5/19/11,0.71
5/20/11,0.67
5/21/11,0.69
5/22/11,0.69
5/23/11,0.70
5/24/11,0.71
5/25/11,0.69
5/26/11,0.58
5/27/11,0.59
5/28/11,0.63
5/29/11,0.51
5/30/11,0.56
5/31/11,0.50
6/1/11,0.46
6/2/11,0.56
6/3/11,0.54
6/4/11,0.79
6/5/11,0.99
6/6/11,1.06
6/7/11,1.10
6/8/11,1.15
6/9/11,1.18
6/10/11,1.20
6/11/11,1.29
6/12/11,1.32
6/13/11,1.36
6/14/11,1.39
6/15/11,1.43
6/16/11,1.48
6/17/11,1.60
6/18/11,1.61
6/19/11,1.62
6/20/11,1.66
6/21/11,1.69
6/22/11,1.72
6/23/11,1.73
6/24/11,1.73
6/25/11,1.75
6/26/11,1.75
6/27/11,1.75
6/28/11,1.78
6/29/11,1.82
6/30/11,1.82
7/1/11,1.82
7/2/11,1.85
7/3/11,1.86
7/4/11,1.87
7/5/11,1.88
7/6/11,1.86
7/7/11,1.87
7/8/11,1.87
7/9/11,1.92
7/10/11,1.96
7/11/11,1.94
7/12/11,1.93
7/13/11,1.96
7/14/11,1.97
7/15/11,1.97
7/16/11,1.96
7/17/11,1.99
7/18/11,2.00
7/19/11,1.99
7/20/11,2.00
7/21/11,2.03
7/22/11,2.08
7/23/11,2.08
7/24/11,2.10
7/25/11,2.14
7/26/11,2.16
7/27/11,2.16
7/28/11,2.16
7/29/11,2.16
7/30/11,2.13
7/31/11,2.12
8/1/11,2.13
8/2/11,2.15
8/3/11,2.15
8/4/11,2.16
8/5/11,2.19
8/6/11,2.20
8/7/11,2.22
8/8/11,2.24
8/9/11,2.26
8/10/11,2.28
8/11/11,2.30
8/12/11,2.31
8/13/11,2.32
8/14/11,2.33
8/15/11,2.33
8/16/11,2.35
8/17/11,2.35
8/18/11,2.34
8/19/11,2.32
8/20/11,2.31
8/21/11,2.31
8/22/11,2.31
8/23/11,2.32
8/24/11,2.32
8/25/11,2.34
8/26/11,2.33
8/27/11,2.33
8/28/11,2.31
8/29/11,2.32
8/30/11,2.32
8/31/11,2.32
9/1/11,2.36
9/2/11,2.37
9/3/11,2.37
9/4/11,2.37
9/5/11,2.33
9/6/11,2.28
9/7/11,2.20
9/8/11,2.33
9/9/11,2.47
9/10/11,2.43
9/11/11,2.38
9/12/11,2.42
9/13/11,2.48
9/14/11,2.49
9/15/11,2.50
9/16/11,2.52
9/17/11,2.52
9/18/11,2.55
9/19/11,2.52
9/20/11,2.72
9/21/11,2.97
9/22/11,3.05
9/23/11,3.08
9/24/11,3.08
9/25/11,3.07
9/26/11,3.07
9/27/11,3.06
9/28/11,3.05
9/29/11,3.06
9/30/11,3.05
10/1/11,3.05
10/2/11,3.09
10/3/11,3.12
10/4/11,3.11
10/5/11,3.10
10/6/11,3.10
10/7/11,3.11
10/8/11,3.11
10/9/11,3.12
10/10/11,3.10
10/11/11,3.11
10/12/11,3.18
10/13/11,3.18
10/14/11,3.14
10/15/11,3.13
10/16/11,3.13
10/17/11,3.13
10/18/11,3.13
10/19/11,3.13
10/20/11,3.13
10/21/11,3.16
10/22/11,3.16
10/23/11,3.20
10/24/11,3.20
10/25/11,3.16
10/26/11,3.16
10/27/11,3.18
10/28/11,3.22
10/29/11,3.24
10/30/11,3.26
10/31/11,3.28
11/1/11,3.30
11/2/11,3.32
11/3/11,3.35
11/4/11,3.42
11/5/11,3.53
11/6/11,3.65
11/7/11,3.57
11/8/11,3.55
11/9/11,3.70
11/10/11,3.91
11/11/11,4.01
11/12/11,4.05
11/13/11,3.87
11/14/11,3.74
11/15/11,3.61
11/16/11,3.45
11/17/11,3.36
11/18/11,3.32
11/19/11,3.34
11/20/11,3.39
11/21/11,3.38
11/22/11,3.22
11/23/11,3.07
11/24/11,2.97
11/25/11,2.84
11/26/11,2.77
11/27/11,2.71
11/28/11,2.67
11/29/11,2.68
11/30/11,2.82
12/1/11,2.95
12/2/11,2.97
12/3/11,2.99
12/4/11,2.95
12/5/11,2.93
12/6/11,2.90
12/7/11,2.94
12/8/11,2.86
12/9/11,2.81
12/10/11,2.77
12/11/11,2.70
12/12/11,2.69
12/13/11,2.67
12/14/11,2.60
12/15/11,2.69
12/16/11,2.99
12/17/11,3.18
12/18/11,3.31
12/19/11,3.29
12/20/11,3.25
12/21/11,3.24
12/22/11,3.23
12/23/11,3.19
12/24/11,3.10
12/25/11,2.94
12/26/11,2.79
12/27/11,2.67
12/28/11,2.57
12/29/11,2.48
12/30/11,2.35
12/31/11,2.19
1/1/12,2.14
1/2/12,2.19
1/3/12,2.02
1/4/12,1.90
1/5/12,1.88
1/6/12,1.83
1/7/12,1.63
1/8/12,1.36
1/9/12,1.26
1/10/12,1.19
1/11/12,1.03
1/12/12,0.96
1/13/12,0.93
1/14/12,0.85
1/15/12,0.85
1/16/12,0.89
1/17/12,0.80
1/18/12,0.91
1/19/12,0.89
1/20/12,0.76
1/21/12,0.64
1/22/12,0.23
1/23/12,-0.28
1/24/12,-0.72
1/25/12,-0.93
1/26/12,-0.99
1/27/12,-1.05
1/28/12,-1.30
1/29/12,-1.50
1/30/12,-1.48
1/31/12,-1.48
2/1/12,-1.48
2/2/12,-1.55
2/3/12,-1.62
2/4/12,-1.62
2/5/12,-1.59
2/6/12,-1.53
2/7/12,-1.47
2/8/12,-1.49
2/9/12,-1.46
2/10/12,-1.53
2/11/12,-1.48
2/12/12,-0.86
2/13/12,-0.77
2/14/12,-1.13
2/15/12,-1.09
2/16/12,-0.98
2/17/12,-0.51
2/18/12,-0.26
2/19/12,-0.40
2/20/12,-0.26
2/21/12,-0.20
2/22/12,-0.43
2/23/12,-0.40
2/24/12,-0.02
2/25/12,-0.09
2/26/12,-0.37
2/27/12,0.09
2/28/12,-0.12
2/29/12,-0.43
3/1/12,-0.66
3/2/12,-0.92
3/3/12,-0.93
3/4/12,-0.87
3/5/12,-0.97
3/6/12,-0.90
3/7/12,-0.95
3/8/12,-1.15
3/9/12,-1.25
3/10/12,-1.32
3/11/12,-1.47
3/12/12,-1.49
3/13/12,-1.34
3/14/12,-1.23
3/15/12,-1.10
3/16/12,-1.09
3/17/12,-1.06
3/18/12,-1.08
3/19/12,-1.09
3/20/12,-1.06
3/21/12,-1.10
3/22/12,-1.12
3/23/12,-1.16
3/24/12,-1.16
3/25/12,-1.38
3/26/12,-1.48
3/27/12,-1.24
3/28/12,-0.92
3/29/12,-0.85
3/30/12,-0.90
3/31/12,-0.99
4/1/12,-0.96
4/2/12,-0.86
4/3/12,-0.89
4/4/12,-0.92
4/5/12,-0.64
4/6/12,-0.56
4/7/12,-0.60
4/8/12,-0.59
4/9/12,-0.71
4/10/12,-0.98
4/11/12,-1.06
4/12/12,-1.03
4/13/12,-0.99
4/14/12,-0.99
4/15/12,-0.98
4/16/12,-1.05
4/17/12,-1.05
4/18/12,-1.03
4/19/12,-0.96
4/20/12,-0.95
4/21/12,-1.00
4/22/12,-0.98
4/23/12,-0.83
4/24/12,-0.68
4/25/12,-0.69
4/26/12,-0.69
4/27/12,-0.68
4/28/12,-0.65
4/29/12,-0.65
4/30/12,-0.68
5/1/12,-0.72
5/2/12,-0.73
5/3/12,-0.74
5/4/12,-0.72
5/5/12,-0.70
5/6/12,-0.65
5/7/12,-0.58
5/8/12,-0.59
5/9/12,
5/10/12,
5/11/12,
5/12/12,
5/13/12,
5/14/12,
5/15/12,
5/16/12,
5/17/12,
5/18/12,
5/19/12,
5/20/12,
5/21/12,-0.76
5/22/12,-0.72
5/23/12,-0.75
5/24/12,-0.73
5/25/12,-0.77
5/26/12,-0.72
5/27/12,-0.67
5/28/12,-0.61
5/29/12,-0.70
5/30/12,-0.73
5/31/12,-0.69
6/1/12,-0.69
6/2/12,-0.71
6/3/12,-0.71
6/4/12,-0.71
6/5/12,-0.74
6/6/12,-0.77
6/7/12,-0.77
6/8/12,-0.69
6/9/12,-0.70
6/10/12,-0.66
6/11/12,-0.62
6/12/12,-0.59
6/13/12,-0.62
6/14/12,-0.62
6/15/12,-0.61
6/16/12,-0.64
6/17/12,-0.68
6/18/12,-0.68
6/19/12,-0.69
6/20/12,-0.69
6/21/12,-0.63
6/22/12,-0.63
6/23/12,-0.62
6/24/12,-0.57
6/25/12,-0.49
6/26/12,-0.48
6/27/12,-0.48
6/28/12,-0.47
6/29/12,-0.44
6/30/12,-0.43
7/1/12,-0.42
7/2/12,-0.38
7/3/12,-0.39
7/4/12,-0.41
7/5/12,-0.37
7/6/12,-0.28
7/7/12,-0.11
7/8/12,-0.12
7/9/12,-0.15
7/10/12,-0.21
7/11/12,-0.16
7/12/12,-0.09
7/13/12,-0.15
7/14/12,-0.20
7/15/12,-0.19
7/16/12,-0.18
7/17/12,-0.20
7/18/12,-0.21
7/19/12,-0.27
7/20/12,-0.28
7/21/12,-0.26
7/22/12,-0.26
7/23/12,-0.24
7/24/12,-0.24
7/25/12,-0.15
7/26/12,-0.15
7/27/12,-0.21
7/28/12,-0.22
7/29/12,-0.19
7/30/12,-0.13
7/31/12,-0.14
8/1/12,-0.15
8/2/12,-0.15
8/3/12,-0.14
8/4/12,-0.14
8/5/12,-0.13
8/6/12,-0.10
8/7/12,-0.09
8/8/12,-0.07
8/9/12,-0.09
8/10/12,-0.10
8/11/12,-0.09
8/12/12,-0.07
8/13/12,-0.08
8/14/12,-0.08
8/15/12,-0.06
8/16/12,-0.03
8/17/12,0.01
8/18/12,0.12
8/19/12,0.16
8/20/12,0.10
8/21/12,0.09
8/22/12,0.12
8/23/12,0.14
8/24/12,0.16
8/25/12,0.18
8/26/12,0.24
8/27/12,0.25
8/28/12,0.29
8/29/12,0.30
8/30/12,0.42
8/31/12,0.45
9/1/12,0.43
9/2/12,0.45
9/3/12,0.51
9/4/12,0.58
9/5/12,0.52
9/6/12,0.91
9/7/12,1.10
9/8/12,1.17
9/9/12,1.16
9/10/12,1.09
9/11/12,1.10
9/12/12,1.12
9/13/12,1.11
9/14/12,1.08
9/15/12,0.98
9/16/12,0.82
9/17/12,0.62
9/18/12,0.69
9/19/12,0.75
9/20/12,0.84
9/21/12,0.85
9/22/12,0.75
9/23/12,0.56
9/24/12,0.56
9/25/12,0.51
9/26/12,0.41
9/27/12,0.41
9/28/12,0.42
9/29/12,0.43
9/30/12,0.45
10/1/12,0.45
10/2/12,0.47
10/3/12,0.48
10/4/12,0.48
10/5/12,0.50
10/6/12,0.52
10/7/12,0.52
10/8/12,0.52
10/9/12,0.54
10/10/12,0.57
10/11/12,0.59
10/12/12,0.61
10/13/12,0.59
10/14/12,0.55
10/15/12,0.53
10/16/12,0.55
10/17/12,0.58
10/18/12,0.68
10/19/12,0.87
10/20/12,1.07
10/21/12,1.15
10/22/12,1.20
10/23/12,1.26
10/24/12,1.35
10/25/12,1.56
10/26/12,1.79
10/27/12,2.06
10/28/12,2.31
10/29/12,2.47
10/30/12,2.64
10/31/12,3.15
11/1/12,3.18
11/2/12,3.09
11/3/12,2.97
11/4/12,2.87
11/5/12,2.57
11/6/12,2.41
11/7/12,2.49
11/8/12,2.48
11/9/12,2.32
11/10/12,2.09
11/11/12,2.06
11/12/12,2.08
11/13/12,2.08
11/14/12,2.07
11/15/12,2.18
11/16/12,2.12
11/17/12,2.01
11/18/12,1.94
11/19/12,1.83
11/20/12,1.90
11/21/12,1.89
11/22/12,1.79
11/23/12,1.66
11/24/12,1.55
11/25/12,1.37
11/26/12,1.32
11/27/12,1.23
11/28/12,1.05
11/29/12,1.16
11/30/12,1.21
12/1/12,1.14
12/2/12,1.11
12/3/12,1.07
12/4/12,0.95
12/5/12,0.85
12/6/12,0.89
12/7/12,0.95
12/8/12,0.89
12/9/12,0.21
12/10/12,0.48
12/11/12,0.51
12/12/12,0.43
12/13/12,0.46
12/14/12,0.53
12/15/12,0.55
12/16/12,0.55
12/17/12,0.49
12/18/12,0.46
12/19/12,0.43
12/20/12,0.39
12/21/12,0.23
12/22/12,0.21
12/23/12,0.23
12/24/12,0.24
12/25/12,0.15
12/26/12,0.07
12/27/12,-0.21
12/28/12,-0.08
12/29/12,-0.09
12/30/12,-0.08
12/31/12,-0.13
1/1/13,-0.17
1/2/13,-0.19
1/3/13,-0.17
1/4/13,-0.08
1/5/13,0.35
1/6/13,0.66
1/7/13,0.67
1/8/13,0.42
1/9/13,0.17
1/10/13,0.27
1/11/13,0.25
1/12/13,-0.05
1/13/13,0.53
1/14/13,0.64
1/15/13,0.71
1/16/13,0.84
1/17/13,0.47
1/18/13,0.09
1/19/13,0.49
1/20/13,1.06
1/21/13,0.88
1/22/13,1.25
1/23/13,1.43
1/24/13,1.60
1/25/13,1.84
1/26/13,2.00
1/27/13,1.93
1/28/13,1.28
1/29/13,1.25
1/30/13,1.78
1/31/13,2.02
2/1/13,2.03
2/2/13,1.97
2/3/13,1.93
2/4/13,1.95
2/5/13,1.94
2/6/13,1.59
2/7/13,1.66
2/8/13,1.85
2/9/13,1.90
2/10/13,1.83
2/11/13,1.57
2/12/13,1.51
2/13/13,1.68
2/14/13,1.48
2/15/13,1.31
2/16/13,1.22
2/17/13,1.07
2/18/13,0.90
2/19/13,0.69
2/20/13,0.58
2/21/13,0.53
2/22/13,0.47
2/23/13,0.47
2/24/13,0.53
2/25/13,0.52
2/26/13,0.51
2/27/13,0.26
2/28/13,0.77
3/1/13,0.86
3/2/13,0.66
3/3/13,0.40
3/4/13,0.25
3/5/13,0.37
3/6/13,0.42
3/7/13,0.23
3/8/13,0.43
3/9/13,0.24
3/10/13,-0.02
3/11/13,-0.13
3/12/13,-0.04
3/13/13,0.04
3/14/13,-0.08
3/15/13,-0.16
3/16/13,-0.17
3/17/13,-0.24
3/18/13,-0.24
3/19/13,-0.23
3/20/13,-0.21
3/21/13,-0.14
3/22/13,-0.17
3/23/13,-0.19
3/24/13,-0.18
3/25/13,-0.18
3/26/13,-0.12
3/27/13,-0.06
3/28/13,-0.10
3/29/13,-0.21
3/30/13,-0.25
3/31/13,-0.26
4/1/13,-0.24
4/2/13,-0.25
4/3/13,-0.31
4/4/13,-0.45
4/5/13,-0.57
4/6/13,-0.62
4/7/13,-0.61
4/8/13,-0.66
4/9/13,-0.72
4/10/13,-0.74
4/11/13,-0.77
4/12/13,-0.77
4/13/13,-0.77
4/14/13,-0.75
4/15/13,-0.69
4/16/13,-0.73
4/17/13,-1.27
4/18/13,-1.40
4/19/13,-1.39
4/20/13,-1.36
4/21/13,-1.34
4/22/13,-1.27
4/23/13,-1.18
4/24/13,-1.10
4/25/13,-1.09
4/26/13,-1.08
4/27/13,-1.07
4/28/13,-0.96
4/29/13,-0.95
4/30/13,-0.94
5/1/13,-0.96
5/2/13,-0.93
5/3/13,-0.86
5/4/13,-0.82
5/5/13,-0.83
5/6/13,-0.86
5/7/13,-0.87
5/8/13,-0.70
5/9/13,-0.69
5/10/13,-0.65
5/11/13,-0.65
5/12/13,-0.64
5/13/13,-0.63
5/14/13,-0.51
5/15/13,-0.51
5/16/13,-0.56
5/17/13,-0.50
5/18/13,-0.46
5/19/13,-0.50
5/20/13,-0.53
5/21/13,-0.43
5/22/13,-0.36
5/23/13,-0.33
5/24/13,-0.29
5/25/13,-0.29
5/26/13,-0.25
5/27/13,-0.22
5/28/13,-0.19
5/29/13,-0.13
5/30/13,-0.05
5/31/13,0.13
6/1/13,0.24
6/2/13,0.27
6/3/13,0.27
6/4/13,0.30
6/5/13,0.27
6/6/13,0.26
6/7/13,0.26
6/8/13,0.20
6/9/13,0.21
6/10/13,0.15
6/11/13,0.13
6/12/13,0.21
6/13/13,0.29
6/14/13,0.39
6/15/13,0.37
6/16/13,0.34
6/17/13,0.31
6/18/13,0.31
6/19/13,0.27
6/20/13,0.26
6/21/13,0.25
6/22/13,0.24
6/23/13,0.23
6/24/13,0.25
6/25/13,0.30
6/26/13,0.37
6/27/13,0.40
6/28/13,0.44
6/29/13,0.49
6/30/13,0.55
7/1/13,0.58
7/2/13,0.63
7/3/13,0.62
7/4/13,0.72
7/5/13,0.73
7/6/13,0.79
7/7/13,0.81
7/8/13,0.84
7/9/13,0.85
7/10/13,0.86
7/11/13,0.86
7/12/13,0.89
7/13/13,0.95
7/14/13,0.95
7/15/13,0.95
7/16/13,1.00
7/17/13,1.00
7/18/13,1.07
7/19/13,1.12
7/20/13,1.11
7/21/13,1.13
7/22/13,1.12
7/23/13,1.13
7/24/13,1.17
7/25/13,1.25
7/26/13,1.29
7/27/13,1.32
7/28/13,1.42
7/29/13,1.48
7/30/13,1.48
7/31/13,1.51
8/1/13,1.42
8/2/13,1.34
8/3/13,1.30
8/4/13,1.34
8/5/13,1.35
8/6/13,1.30
8/7/13,1.29
8/8/13,1.32
8/9/13,1.27
8/10/13,1.19
8/11/13,1.25
8/12/13,1.25
8/13/13,1.25
8/14/13,1.29
8/15/13,1.35
8/16/13,1.43
8/17/13,1.53
8/18/13,1.50
8/19/13,1.50
8/20/13,1.53
8/21/13,1.57
8/22/13,1.62
8/23/13,1.58
8/24/13,1.58
8/25/13,1.57
8/26/13,1.56
8/27/13,1.66
8/28/13,1.66
8/29/13,1.64
8/30/13,1.72
8/31/13,1.87
9/1/13,1.82
9/2/13,1.88
9/3/13,1.79
9/4/13,1.74
9/5/13,1.76
9/6/13,1.87
9/7/13,1.87
9/8/13,1.86
9/9/13,1.95
9/10/13,2.01
9/11/13,1.99
9/12/13,2.02
9/13/13,1.96
9/14/13,1.96
9/15/13,1.97
9/16/13,1.98
9/17/13,2.00
9/18/13,2.03
9/19/13,2.04
9/20/13,2.05
9/21/13,2.11
9/22/13,2.02
9/23/13,2.01
9/24/13,2.05
9/25/13,1.96
9/26/13,1.89
9/27/13,1.71
9/28/13,1.77
9/29/13,1.80
9/30/13,1.83
10/1/13,1.81
10/2/13,1.82
10/3/13,1.88
10/4/13,1.86
10/5/13,1.80
10/6/13,1.83
10/7/13,1.88
10/8/13,1.92
10/9/13,2.11
10/10/13,2.37
10/11/13,2.71
10/12/13,2.71
10/13/13,2.19
10/14/13,2.24
10/15/13,2.38
10/16/13,2.56
10/17/13,2.64
10/18/13,2.68
10/19/13,2.54
10/20/13,2.47
10/21/13,2.48
10/22/13,
10/23/13,
10/24/13,
10/25/13,
10/26/13,
10/27/13,
10/28/13,
10/29/13,
10/30/13,
10/31/13,
11/1/13,
11/2/13,
11/3/13,
11/4/13,
11/5/13,
11/6/13,
11/7/13,
11/8/13,
11/9/13,
11/10/13,
11/11/13,
11/12/13,
11/13/13,
11/14/13,
11/15/13,
11/16/13,
11/17/13,
11/18/13,
11/19/13,
11/20/13,
11/21/13,
11/22/13,
11/23/13,
11/24/13,
11/25/13,
11/26/13,
11/27/13,
11/28/13,
11/29/13,
11/30/13,
12/1/13,
12/2/13,
12/3/13,
12/4/13,
12/5/13,
12/6/13,
12/7/13,
12/8/13,
12/9/13,
12/10/13,
12/11/13,
12/12/13,
12/13/13,
12/14/13,
12/15/13,
12/16/13,
12/17/13,
12/18/13,
12/19/13,
12/20/13,
12/21/13,
12/22/13,
12/23/13,
12/24/13,
12/25/13,
12/26/13,
12/27/13,
12/28/13,
12/29/13,
12/30/13,
12/31/13,
1/1/14,
1/2/14,
1/3/14,
1/4/14,
1/5/14,
1/6/14,
1/7/14,
1/8/14,
1/9/14,
1/10/14,
1/11/14,
1/12/14,
1/13/14,
1/14/14,
1/15/14,
1/16/14,
1/17/14,
1/18/14,
1/19/14,
1/20/14,
1/21/14,
1/22/14,
1/23/14,
1/24/14,
1/25/14,
1/26/14,
1/27/14,
1/28/14,
1/29/14,
1/30/14,
1/31/14,
2/1/14,
2/2/14,
2/3/14,
2/4/14,
2/5/14,
2/6/14,
2/7/14,
2/8/14,
2/9/14,
2/10/14,
2/11/14,
2/12/14,
2/13/14,
2/14/14,
2/15/14,
2/16/14,
2/17/14,
2/18/14,
2/19/14,
2/20/14,
2/21/14,
2/22/14,
2/23/14,
2/24/14,
2/25/14,
2/26/14,
2/27/14,
2/28/14,
3/1/14,
3/2/14,
3/3/14,
3/4/14,
3/5/14,
3/6/14,
3/7/14,
3/8/14,
3/9/14,
3/10/14,
3/11/14,
3/12/14,
3/13/14,
3/14/14,
3/15/14,
3/16/14,
3/17/14,
3/18/14,
3/19/14,
3/20/14,
3/21/14,
3/22/14,
3/23/14,
3/24/14,
3/25/14,
3/26/14,
3/27/14,
3/28/14,
3/29/14,
3/30/14,
3/31/14,
4/1/14,
4/2/14,
4/3/14,
4/4/14,
4/5/14,
4/6/14,
4/7/14,
4/8/14,
4/9/14,
4/10/14,
4/11/14,
4/12/14,
4/13/14,
4/14/14,
4/15/14,
4/16/14,
4/17/14,
4/18/14,
4/19/14,
4/20/14,
4/21/14,
4/22/14,
4/23/14,
4/24/14,
4/25/14,
4/26/14,
4/27/14,
4/28/14,
4/29/14,
4/30/14,
5/1/14,
5/2/14,
5/3/14,
5/4/14,
5/5/14,
5/6/14,
5/7/14,
5/8/14,
5/9/14,
5/10/14,2.78
5/11/14,2.74
5/12/14,2.72
5/13/14,2.74
5/14/14,2.75
5/15/14,2.79
5/16/14,2.79
5/17/14,2.75
5/18/14,2.79
5/19/14,2.84
5/20/14,2.87
5/21/14,2.94
5/22/14,2.96
5/23/14,3.01
5/24/14,3.06
5/25/14,3.12
5/26/14,3.14
5/27/14,3.14
5/28/14,3.14
5/29/14,3.17
5/30/14,3.18
5/31/14,3.20
6/1/14,3.19
6/2/14,3.13
6/3/14,3.19
6/4/14,3.25
6/5/14,3.24
6/6/14,3.26
6/7/14,3.27
6/8/14,3.26
6/9/14,3.29
6/10/14,3.28
6/11/14,3.28
6/12/14,3.30
6/13/14,3.33
6/14/14,3.33
6/15/14,3.32
6/16/14,3.34
6/17/14,3.34
6/18/14,3.43
6/19/14,3.46
6/20/14,3.45
6/21/14,3.47
6/22/14,3.48
6/23/14,3.51
6/24/14,3.52
6/25/14,3.55
6/26/14,3.56
6/27/14,3.58
6/28/14,3.59
6/29/14,3.62
6/30/14,3.68
7/1/14,3.71
7/2/14,3.73
7/3/14,3.74
7/4/14,3.75
7/5/14,3.76
7/6/14,3.77
7/7/14,3.78
7/8/14,3.77
7/9/14,3.79
7/10/14,3.77
7/11/14,3.76
7/12/14,3.74
7/13/14,3.69
7/14/14,3.75
7/15/14,3.78
7/16/14,3.82
7/17/14,3.84
7/18/14,3.85
7/19/14,3.86
7/20/14,3.89
7/21/14,3.93
7/22/14,3.95
7/23/14,3.93
7/24/14,3.95
7/25/14,3.97
7/26/14,3.98
7/27/14,3.99
7/28/14,4.00
7/29/14,4.00
7/30/14,4.03
7/31/14,4.06
8/1/14,4.08
8/2/14,4.07
8/3/14,4.06
8/4/14,3.98
8/5/14,3.98
8/6/14,4.04
8/7/14,4.05
8/8/14,4.05
8/9/14,4.00
8/10/14,3.99
8/11/14,3.99
8/12/14,4.00
8/13/14,4.02
8/14/14,4.01
8/15/14,4.01
8/16/14,4.09
8/17/14,4.15
8/18/14,4.17
8/19/14,4.20
8/20/14,4.23
8/21/14,4.23
8/22/14,4.22
8/23/14,4.22
8/24/14,4.21
8/25/14,4.18
8/26/14,4.19
8/27/14,4.23
8/28/14,4.21
8/29/14,4.25
8/30/14,4.21
8/31/14,3.81
9/1/14,3.64
9/2/14,3.72
9/3/14,3.91
9/4/14,3.94
9/5/14,3.85
9/6/14,3.72
9/7/14,3.73
9/8/14,3.73
9/9/14,3.79
9/10/14,3.97
9/11/14,4.20
9/12/14,4.08
9/13/14,3.80
9/14/14,3.87
9/15/14,3.88
9/16/14,3.90
9/17/14,3.91
9/18/14,3.82
9/19/14,3.81
9/20/14,3.80
9/21/14,3.80
9/22/14,3.82
9/23/14,3.83
9/24/14,3.84
9/25/14,3.84
9/26/14,3.85
9/27/14,3.86
9/28/14,3.84
9/29/14,3.84
9/30/14,3.84
10/1/14,3.85
10/2/14,3.88
10/3/14,3.91
10/4/14,3.92
10/5/14,3.92
10/6/14,3.94
10/7/14,3.96
10/8/14,4.02
10/9/14,4.06
10/10/14,4.09
10/11/14,4.03
10/12/14,4.00
10/13/14,4.02
10/14/14,4.04
10/15/14,4.08
10/16/14,4.10
10/17/14,4.10
10/18/14,4.14
10/19/14,
10/20/14,4.16
10/21/14,4.19
10/22/14,4.24
10/23/14,4.27
10/24/14,4.28
10/25/14,4.29
10/26/14,4.32
10/27/14,4.33
10/28/14,4.34
10/29/14,4.37
10/30/14,4.42
10/31/14,4.51
11/1/14,4.47
11/2/14,4.39
11/3/14,4.44
11/4/14,4.63
11/5/14,4.74
11/6/14,4.79
11/7/14,4.83
11/8/14,4.87
11/9/14,4.92
11/10/14,4.94
11/11/14,4.93
11/12/14,4.91
11/13/14,4.90
11/14/14,4.92
11/15/14,4.94
11/16/14,4.95
11/17/14,4.96
11/18/14,4.96
11/19/14,4.96
11/20/14,4.95
11/21/14,4.94
11/22/14,4.92
11/23/14,4.91
11/24/14,4.92
11/25/14,4.90
11/26/14,4.89
11/27/14,4.89
11/28/14,4.88
11/29/14,4.84
11/30/14,4.82
12/1/14,4.82
12/2/14,4.82
12/3/14,4.86
12/4/14,4.86
12/5/14,4.84
12/6/14,4.79
12/7/14,4.88
12/8/14,5.15
12/9/14,5.53
12/10/14,5.74
12/11/14,5.64
12/12/14,5.55
12/13/14,5.42
12/14/14,5.36
12/15/14,5.53
12/16/14,5.81
12/17/14,5.82
12/18/14,5.79
12/19/14,5.80
12/20/14,5.82
12/21/14,5.86
12/22/14,5.81
12/23/14,5.67
12/24/14,5.62
12/25/14,5.54
12/26/14,5.47
12/27/14,5.49
12/28/14,5.46
12/29/14,5.41
12/30/14,5.30
12/31/14,5.27
1/1/15,5.26
1/2/15,5.26
1/3/15,5.26
1/4/15,5.27
1/5/15,5.28
1/6/15,5.08
1/7/15,4.95
1/8/15,4.89
1/9/15,4.91
1/10/15,4.86
1/11/15,4.82
1/12/15,4.86
1/13/15,4.88
1/14/15,4.97
1/15/15,4.95
1/16/15,4.94
1/17/15,4.92
1/18/15,4.86
1/19/15,4.78
1/20/15,4.72
1/21/15,4.65
1/22/15,4.60
1/23/15,4.51
1/24/15,4.36
1/25/15,4.27
1/26/15,4.23
1/27/15,4.26
1/28/15,4.23
1/29/15,4.15
1/30/15,4.03
1/31/15,4.06
2/1/15,4.02
2/2/15,3.97
2/3/15,3.84
2/4/15,3.75
2/5/15,3.72
2/6/15,3.75
2/7/15,3.75
2/8/15,3.47
2/9/15,3.51
2/10/15,3.43
2/11/15,3.30
2/12/15,3.37
2/13/15,3.63
2/14/15,3.63
2/15/15,3.60
2/16/15,3.57
2/17/15,3.50
2/18/15,3.46
2/19/15,3.46
2/20/15,3.46
2/21/15,3.49
2/22/15,3.52
2/23/15,3.54
2/24/15,3.52
2/25/15,3.50
2/26/15,3.47
2/27/15,3.45
2/28/15,3.44
3/1/15,3.44
3/2/15,3.43
3/3/15,3.40
3/4/15,3.41
3/5/15,3.41
3/6/15,3.40
3/7/15,3.40
3/8/15,3.42
3/9/15,3.38
3/10/15,3.19
3/11/15,3.05
3/12/15,2.89
3/13/15,2.75
3/14/15,2.70
3/15/15,2.77
3/16/15,2.78
3/17/15,2.88
3/18/15,2.90
3/19/15,2.90
3/20/15,2.94
3/21/15,2.96
3/22/15,2.98
3/23/15,3.03
3/24/15,3.06
3/25/15,3.10
3/26/15,3.13
3/27/15,3.17
3/28/15,3.30
3/29/15,3.34
3/30/15,3.32
3/31/15,3.29
4/1/15,3.26
4/2/15,3.20
4/3/15,3.13
4/4/15,3.06
4/5/15,3.05
4/6/15,3.10
4/7/15,3.14
4/8/15,3.14
4/9/15,3.11
4/10/15,3.12
4/11/15,3.00
4/12/15,3.07
4/13/15,2.96
4/14/15,2.98
4/15/15,2.97
4/16/15,2.89
4/17/15,2.81
4/18/15,2.81
4/19/15,2.92
4/20/15,2.98
4/21/15,2.98
4/22/15,2.99
4/23/15,3.00
4/24/15,3.03
4/25/15,3.07
4/26/15,3.09
4/27/15,3.12
4/28/15,3.12
4/29/15,3.11
4/30/15,3.10
5/1/15,3.06
5/2/15,3.10
5/3/15,3.13
5/4/15,3.11
5/5/15,3.07
5/6/15,3.07
5/7/15,3.07
5/8/15,3.08
5/9/15,3.08
5/10/15,3.10
5/11/15,3.14
5/12/15,3.15
5/13/15,3.11
5/14/15,3.07
5/15/15,3.05
5/16/15,3.07
5/17/15,3.09
5/18/15,3.15
5/19/15,3.19
5/20/15,3.22
5/21/15,3.23
5/22/15,3.25
5/23/15,3.26
5/24/15,3.27
5/25/15,3.28
5/26/15,3.29
5/27/15,3.30
5/28/15,3.31
5/29/15,3.30
5/30/15,3.31
5/31/15,3.31
6/1/15,3.31
6/2/15,3.30
6/3/15,3.32
6/4/15,3.35
6/5/15,3.32
6/6/15,3.31
6/7/15,3.33
6/8/15,3.35
6/9/15,3.36
6/10/15,3.37
6/11/15,3.39
6/12/15,3.42
6/13/15,3.49
6/14/15,3.55
6/15/15,3.56
6/16/15,3.54
6/17/15,3.54
6/18/15,3.54
6/19/15,3.55
6/20/15,3.56
6/21/15,3.58
6/22/15,3.60
6/23/15,3.62
6/24/15,3.64
6/25/15,3.63
6/26/15,3.62
6/27/15,3.62
6/28/15,3.62
6/29/15,3.62
6/30/15,3.62
7/1/15,3.62
7/2/15,3.63
7/3/15,3.64
7/4/15,3.65
7/5/15,3.66
7/6/15,3.68
7/7/15,3.69
7/8/15,3.75
7/9/15,3.78
7/10/15,3.79
7/11/15,3.80
7/12/15,3.81
7/13/15,3.82
7/14/15,3.83
7/15/15,3.84
7/16/15,3.84
7/17/15,3.84
7/18/15,3.84
7/19/15,3.84
7/20/15,3.85
7/21/15,3.85
7/22/15,3.86
7/23/15,3.88
7/24/15,3.88
7/25/15,3.89
7/26/15,3.86
7/27/15,3.87
7/28/15,3.87
7/29/15,3.88
7/30/15,3.87
7/31/15,3.87
8/1/15,3.89
8/2/15,3.92
8/3/15,3.93
8/4/15,3.90
8/5/15,3.90
8/6/15,3.91
8/7/15,3.92
8/8/15,3.93
8/9/15,3.94
8/10/15,3.95
8/11/15,3.96
8/12/15,3.98
8/13/15,3.98
8/14/15,3.98
8/15/15,3.98
8/16/15,3.99
8/17/15,3.99
8/18/15,3.99
8/19/15,4.01
8/20/15,4.01
8/21/15,4.03
8/22/15,4.02
8/23/15,4.03
8/24/15,4.05
8/25/15,4.06
8/26/15,4.10
8/27/15,4.12
8/28/15,4.15
8/29/15,4.17
8/30/15,4.20
8/31/15,4.23
9/1/15,4.29
9/2/15,4.31
9/3/15,4.31
9/4/15,4.34
9/5/15,4.38
9/6/15,4.38
9/7/15,4.39
9/8/15,4.37
9/9/15,4.38
9/10/15,4.34
9/11/15,4.30
9/12/15,4.30
9/13/15,4.34
9/14/15,4.36
9/15/15,4.44
9/16/15,4.49
9/17/15,4.53
9/18/15,4.53
9/19/15,4.51
9/20/15,4.49
9/21/15,4.51
9/22/15,4.50
9/23/15,4.47
9/24/15,4.46
9/25/15,4.47
9/26/15,4.51
9/27/15,
9/28/15,4.52
9/29/15,4.52
9/30/15,4.51
10/1/15,4.55
10/2/15,4.67
10/3/15,4.78
10/4/15,4.81
10/5/15,4.82
10/6/15,4.78
10/7/15,4.97
10/8/15,4.99
10/9/15,4.91
10/10/15,4.64
10/11/15,4.55
10/12/15,4.60
10/13/15,4.61
10/14/15,4.60
10/15/15,4.61
10/16/15,4.61
10/17/15,4.57
10/18/15,4.55
10/19/15,4.60
10/20/15,4.59
10/21/15,4.56
10/22/15,4.56
10/23/15,4.56
10/24/15,4.54
10/25/15,4.54
10/26/15,4.56
10/27/15,4.57
10/28/15,4.61
10/29/15,4.67
10/30/15,4.70
10/31/15,4.72
11/1/15,4.74
11/2/15,4.75
11/3/15,4.75
11/4/15,4.75
11/5/15,4.75
11/6/15,4.76
11/7/15,4.75
11/8/15,4.77
11/9/15,4.77
11/10/15,4.80
11/11/15,5.13
11/12/15,5.69
11/13/15,5.73
11/14/15,5.63
11/15/15,5.52
11/16/15,5.51
11/17/15,5.43
11/18/15,5.37
11/19/15,5.34
11/20/15,5.35
11/21/15,5.23
11/22/15,5.09
11/23/15,5.04
11/24/15,5.05
11/25/15,5.10
11/26/15,5.12
11/27/15,5.07
11/28/15,5.02
11/29/15,4.96
11/30/15,4.92
12/1/15,4.91
12/2/15,4.85
12/3/15,4.79
12/4/15,4.75
12/5/15,4.70
12/6/15,4.69
12/7/15,4.68
12/8/15,4.75
12/9/15,4.69
12/10/15,4.64
12/11/15,4.57
12/12/15,4.48
12/13/15,4.42
12/14/15,4.37
12/15/15,4.31
12/16/15,4.25
12/17/15,4.19
12/18/15,4.14
12/19/15,4.12
12/20/15,4.08
12/21/15,4.09
12/22/15,4.06
12/23/15,4.02
12/24/15,4.01
12/25/15,4.07
12/26/15,4.05
12/27/15,4.02
12/28/15,4.09
12/29/15,4.09
12/30/15,4.03
12/31/15,3.97
1/1/16,3.94
1/2/16,3.89
1/3/16,3.84
1/4/16,3.79
1/5/16,3.75
1/6/16,3.70
1/7/16,3.66
1/8/16,3.64
1/9/16,3.65
1/10/16,3.67
1/11/16,3.63
1/12/16,3.53
1/13/16,3.47
1/14/16,3.42
1/15/16,3.39
1/16/16,3.37
1/17/16,3.33
1/18/16,3.36
1/19/16,3.39
1/20/16,3.38
1/21/16,3.37
1/22/16,3.37
1/23/16,3.37
1/24/16,3.32
1/25/16,3.42
1/26/16,3.55
1/27/16,3.56
1/28/16,3.82
1/29/16,3.93
1/30/16,3.87
1/31/16,3.86
2/1/16,3.83
2/2/16,3.83
2/3/16,3.91
2/4/16,3.95
2/5/16,4.01
2/6/16,4.02
2/7/16,4.08
2/8/16,4.09
2/9/16,4.11
2/10/16,4.07
2/11/16,4.06
2/12/16,4.05
2/13/16,4.07
2/14/16,4.09
2/15/16,4.09
2/16/16,4.08
2/17/16,4.06
2/18/16,4.02
2/19/16,4.02
2/20/16,3.98
2/21/16,3.94
2/22/16,3.99
2/23/16,3.99
2/24/16,3.97
2/25/16,3.97
2/26/16,3.97
2/27/16,3.97
2/28/16,3.99
2/29/16,3.98
3/1/16,3.98
3/2/16,3.99
3/3/16,3.99
3/4/16,3.97
3/5/16,3.89
3/6/16,3.82
3/7/16,3.80
3/8/16,3.78
3/9/16,3.76
3/10/16,3.72
3/11/16,3.74
3/12/16,3.73
3/13/16,3.73
3/14/16,3.77
3/15/16,3.82
3/16/16,3.89
3/17/16,3.86
3/18/16,3.80
3/19/16,3.77
3/20/16,3.71
3/21/16,3.52
3/22/16,3.46
3/23/16,3.51
3/24/16,3.52
3/25/16,3.55
3/26/16,3.55
3/27/16,3.59
3/28/16,3.61
3/29/16,3.69
3/30/16,3.75
3/31/16,3.81
4/1/16,4.05
4/2/16,3.99
4/3/16,4.00
4/4/16,3.95
4/5/16,3.86
4/6/16,3.95
4/7/16,4.07
4/8/16,4.04
4/9/16,4.01
4/10/16,4.10
4/11/16,4.13
4/12/16,4.16
4/13/16,4.15
4/14/16,4.11
4/15/16,4.08
4/16/16,4.06
4/17/16,4.10
4/18/16,4.15
4/19/16,4.14
4/20/16,4.09
4/21/16,4.14
4/22/16,4.14
4/23/16,4.15
4/24/16,4.14
4/25/16,4.14
4/26/16,4.14
4/27/16,4.15
4/28/16,4.16
4/29/16,4.17
4/30/16,4.18
5/1/16,4.17
5/2/16,4.17
5/3/16,4.19
5/4/16,
5/5/16,4.25
5/6/16,4.25
5/7/16,4.25
5/8/16,4.28
5/9/16,4.30
5/10/16,4.34
5/11/16,4.40
5/12/16,4.42
5/13/16,4.48
5/14/16,4.53
5/15/16,4.51
5/16/16,4.50
5/17/16,4.52
5/18/16,4.51
5/19/16,4.55
5/20/16,4.55
5/21/16,4.56
5/22/16,4.56
5/23/16,4.57
5/24/16,4.57
5/25/16,4.57
5/26/16,4.57
5/27/16,4.57
5/28/16,4.57
5/29/16,4.57
5/30/16,4.57
5/31/16,4.57
6/1/16,4.57
6/2/16,4.57
6/3/16,4.58
6/4/16,4.59
6/5/16,4.60
6/6/16,4.61
6/7/16,4.62
6/8/16,4.63
6/9/16,4.64
6/10/16,4.65
6/11/16,4.66
6/12/16,4.67
6/13/16,4.67
6/14/16,4.68
6/15/16,4.69
6/16/16,4.69
6/17/16,4.69
6/18/16,4.70
6/19/16,4.70
6/20/16,4.71
6/21/16,4.72
6/22/16,4.73
6/23/16,4.75
6/24/16,4.77
6/25/16,4.78
6/26/16,4.78
6/27/16,4.79
6/28/16,4.79
6/29/16,4.79
6/30/16,4.79
7/1/16,4.80
7/2/16,4.80
7/3/16,4.81
7/4/16,4.81
7/5/16,4.81
7/6/16,4.82
7/7/16,4.84
7/8/16,4.85
7/9/16,4.86
7/10/16,4.86
7/11/16,4.85
7/12/16,4.86
7/13/16,4.86
7/14/16,4.87
7/15/16,4.87
7/16/16,4.87
7/17/16,4.87
7/18/16,4.87
7/19/16,4.87
7/20/16,4.87
7/21/16,4.88
7/22/16,4.88
7/23/16,4.89
7/24/16,4.90
7/25/16,4.90
7/26/16,4.91
7/27/16,4.91
7/28/16,4.91
7/29/16,4.91
7/30/16,4.92
7/31/16,4.93
8/1/16,4.93
8/2/16,4.94
8/3/16,4.95
8/4/16,4.96
8/5/16,4.95
8/6/16,4.95
8/7/16,4.96
8/8/16,4.97
8/9/16,4.98
8/10/16,4.99
8/11/16,4.99
8/12/16,5.00
8/13/16,4.99
8/14/16,4.99
8/15/16,4.96
8/16/16,4.95
8/17/16,4.95
8/18/16,4.97
8/19/16,4.95
8/20/16,4.95
8/21/16,4.94
8/22/16,4.93
8/23/16,4.94
8/24/16,4.94
8/25/16,4.95
8/26/16,4.96
8/27/16,4.97
8/28/16,4.97
8/29/16,4.99
8/30/16,5.00
8/31/16,5.01
9/1/16,5.01
9/2/16,5.02
9/3/16,5.02
9/4/16,5.02
9/5/16,5.00
9/6/16,4.99
9/7/16,4.98
9/8/16,4.98
9/9/16,4.99
9/10/16,4.99
9/11/16,4.99
9/12/16,4.99
9/13/16,4.99
9/14/16,4.99
9/15/16,4.99
9/16/16,4.99
9/17/16,4.99
9/18/16,5.00
9/19/16,5.01
9/20/16,5.01
9/21/16,5.02
9/22/16,5.02
9/23/16,5.02
9/24/16,5.03
9/25/16,5.04
9/26/16,5.05
9/27/16,5.03
9/28/16,5.03
9/29/16,5.07
9/30/16,5.03
10/1/16,5.02
10/2/16,5.01
10/3/16,5.02
10/4/16,5.03
10/5/16,5.04
10/6/16,5.05
10/7/16,5.08
10/8/16,5.09
10/9/16,5.13
10/10/16,5.16
10/11/16,5.08
10/12/16,5.07
10/13/16,5.07
10/14/16,5.00
10/15/16,5.00
10/16/16,5.01
10/17/16,5.03
10/18/16,5.08
10/19/16,5.04
10/20/16,5.06
10/21/16,5.09
10/22/16,5.12
10/23/16,5.17
10/24/16,5.21
10/25/16,5.23
10/26/16,5.25
10/27/16,5.26
10/28/16,5.26
10/29/16,5.19
10/30/16,5.21
10/31/16,5.27
11/1/16,5.17
11/2/16,5.18
11/3/16,5.22
11/4/16,5.23
11/5/16,5.41
11/6/16,5.46
11/7/16,5.44
11/8/16,5.42
11/9/16,5.37
11/10/16,5.36
11/11/16,5.35
11/12/16,5.65
11/13/16,5.78
11/14/16,6.16
11/15/16,6.12
11/16/16,6.00
11/17/16,5.92
11/18/16,5.88
11/19/16,5.82
11/20/16,5.79
11/21/16,5.73
11/22/16,5.69
11/23/16,5.64
11/24/16,5.66
11/25/16,5.61
11/26/16,5.54
11/27/16,5.58
11/28/16,5.72
11/29/16,6.06
11/30/16,6.08
12/1/16,5.96
12/2/16,5.81
12/3/16,5.75
12/4/16,5.70
12/5/16,5.74
12/6/16,5.61
12/7/16,5.46
12/8/16,5.29
12/9/16,5.21
12/10/16,5.29
12/11/16,5.23
12/12/16,5.26
12/13/16,5.24
12/14/16,5.23
12/15/16,5.21
12/16/16,5.17
12/17/16,5.14
12/18/16,5.14
12/19/16,5.03
12/20/16,5.12
12/21/16,5.06
12/22/16,4.97
12/23/16,4.88
12/24/16,4.87
12/25/16,4.96
12/26/16,4.98
12/27/16,5.03
12/28/16,4.98
12/29/16,4.97
12/30/16,4.82
12/31/16,4.71
1/1/17,4.70
1/2/17,4.76
1/3/17,4.90
1/4/17,4.84
1/5/17,4.80
1/6/17,4.71
1/7/17,4.59
1/8/17,4.50
1/9/17,4.43
1/10/17,4.40
1/11/17,4.38
1/12/17,4.34
1/13/17,4.23
1/14/17,4.01
1/15/17,3.91
1/16/17,3.81
1/17/17,3.68
1/18/17,3.56
1/19/17,3.48
1/20/17,3.63
1/21/17,3.46
1/22/17,3.34
1/23/17,3.50
1/24/17,3.63
1/25/17,3.78
1/26/17,3.76
1/27/17,3.76
1/28/17,3.71
1/29/17,3.65
1/30/17,3.59
1/31/17,3.59
2/1/17,3.56
2/2/17,3.52
2/3/17,3.50
2/4/17,3.50
2/5/17,3.49
2/6/17,3.49
2/7/17,3.49
2/8/17,3.47
2/9/17,3.40
2/10/17,3.25
2/11/17,2.97
2/12/17,2.74
2/13/17,2.57
2/14/17,2.41
2/15/17,2.43
2/16/17,2.45
2/17/17,2.32
2/18/17,2.20
2/19/17,1.98
2/20/17,1.76
2/21/17,1.68
2/22/17,1.77
2/23/17,1.83
2/24/17,1.93
2/25/17,1.90
2/26/17,1.82
2/27/17,1.82
2/28/17,1.69
3/1/17,1.47
3/2/17,1.15
3/3/17,0.92
3/4/17,0.67
3/5/17,0.63
3/6/17,0.71
3/7/17,0.61
3/8/17,0.37
3/9/17,0.26
3/10/17,0.20
3/11/17,0.19
3/12/17,0.20
3/13/17,0.28
3/14/17,0.54
3/15/17,0.67
3/16/17,0.48
3/17/17,0.30
3/18/17,0.07
3/19/17,-0.17
3/20/17,-0.22
3/21/17,-0.11
3/22/17,-0.06
3/23/17,-0.04
3/24/17,-0.01
3/25/17,0.07
3/26/17,0.10
3/27/17,0.06
3/28/17,-0.01
3/29/17,-0.11
3/30/17,-0.07
3/31/17,0.03
4/1/17,-0.06
4/2/17,-0.34
4/3/17,-0.49
4/4/17,-0.50
4/5/17,-0.23
4/6/17,-0.04
4/7/17,-0.05
4/8/17,-0.09
4/9/17,-0.18
4/10/17,-0.19
4/11/17,-0.19
4/12/17,-0.21
4/13/17,-0.18
4/14/17,-0.41
4/15/17,-0.77
4/16/17,-1.02
4/17/17,-1.45
4/18/17,-1.48
4/19/17,-1.50
4/20/17,-1.39
4/21/17,-1.16
4/22/17,-1.01
4/23/17,-0.94
4/24/17,-0.90
4/25/17,-0.95
4/26/17,-0.98
4/27/17,-0.40
4/28/17,-0.40
4/29/17,-0.40
4/30/17,-0.43
5/1/17,-0.38
5/2/17,-0.38
5/3/17,-0.36
5/4/17,-0.35
5/5/17,-0.40
5/6/17,-0.41
5/7/17,-0.40
5/8/17,-0.47
5/9/17,-0.42
5/10/17,-0.46
5/11/17,-0.47
5/12/17,-0.48
5/13/17,-0.50
5/14/17,-0.47
5/15/17,-0.44
5/16/17,-0.45
5/17/17,-0.44
5/18/17,-0.43
5/19/17,-0.41
5/20/17,-0.41
5/21/17,-0.43
5/22/17,-0.39
5/23/17,-0.34
5/24/17,-0.34
5/25/17,-0.37
5/26/17,-0.35
5/27/17,-0.38
5/28/17,-0.38
5/29/17,-0.36
5/30/17,-0.36
5/31/17,-0.35
6/1/17,-0.35
6/2/17,-0.35
6/3/17,-0.31
6/4/17,-0.31
6/5/17,-0.35
6/6/17,-0.31
6/7/17,-0.19
6/8/17,-0.17
6/9/17,-0.16
6/10/17,-0.17
6/11/17,-0.17
6/12/17,-0.19
6/13/17,-0.23
6/14/17,-0.27
6/15/17,-0.35
6/16/17,-0.35
6/17/17,-0.34
6/18/17,-0.38
6/19/17,-0.42
6/20/17,-0.43
6/21/17,-0.45
6/22/17,-0.44
6/23/17,-0.42
6/24/17,-0.40
6/25/17,-0.38
6/26/17,-0.32
6/27/17,-0.27
6/28/17,-0.22
6/29/17,-0.24
6/30/17,-0.23
7/1/17,-0.22
7/2/17,-0.20
7/3/17,-0.15
7/4/17,-0.12
7/5/17,-0.08
7/6/17,-0.05
7/7/17,0.02
7/8/17,0.10
7/9/17,0.04
7/10/17,0.03
7/11/17,0.09
7/12/17,0.10
7/13/17,0.18
7/14/17,0.24
7/15/17,0.27
7/16/17,0.29
7/17/17,0.31
7/18/17,0.27
7/19/17,0.24
7/20/17,0.27
7/21/17,0.31
7/22/17,0.32
7/23/17,0.37
7/24/17,0.43
7/25/17,0.46
7/26/17,0.50
7/27/17,0.53
7/28/17,0.59
7/29/17,0.62
7/30/17,0.69
7/31/17,0.74
8/1/17,0.77
8/2/17,0.79
8/3/17,0.82
8/4/17,0.86
8/5/17,0.87
8/6/17,0.87
8/7/17,0.93
8/8/17,1.01
8/9/17,1.06
8/10/17,0.96
8/11/17,0.99
8/12/17,0.99
8/13/17,0.94
8/14/17,1.07
8/15/17,1.11
8/16/17,1.11
8/17/17,1.11
8/18/17,1.14
8/19/17,1.27
8/20/17,1.27
8/21/17,1.25
8/22/17,1.20
8/23/17,1.22
8/24/17,1.18
8/25/17,1.14
8/26/17,1.09
8/27/17,1.04
8/28/17,1.02
8/29/17,0.98
8/30/17,1.00
8/31/17,1.12
9/1/17,1.19
9/2/17,1.27
9/3/17,1.27
9/4/17,1.16
9/5/17,1.05
9/6/17,1.08
9/7/17,1.09
9/8/17,1.10
9/9/17,1.12
9/10/17,1.13
9/11/17,1.18
9/12/17,1.20
9/13/17,1.17
9/14/17,1.17
9/15/17,1.17
9/16/17,1.47
9/17/17,1.76
9/18/17,2.04
9/19/17,2.07
9/20/17,2.00
9/21/17,1.97
9/22/17,2.02
9/23/17,2.04
9/24/17,
9/25/17,
9/26/17,
9/27/17,
9/28/17,
9/29/17,
9/30/17,
10/1/17,
10/2/17,2.00
10/3/17,1.92
10/4/17,1.85
10/5/17,1.92
10/6/17,2.03
10/7/17,2.11
10/8/17,1.80
10/9/17,1.81
10/10/17,2.12
10/11/17,2.21
10/12/17,2.27
10/13/17,2.31
10/14/17,2.30
10/15/17,2.32
10/16/17,2.35
10/17/17,2.35
10/18/17,2.31
10/19/17,2.32
10/20/17,2.31
10/21/17,2.37
10/22/17,2.38
10/23/17,2.35
10/24/17,2.34
10/25/17,2.39
10/26/17,2.43
10/27/17,2.48
10/28/17,2.52
10/29/17,2.52
10/30/17,2.55
10/31/17,2.63
11/1/17,2.62
11/2/17,2.63
11/3/17,2.65
11/4/17,2.66
11/5/17,2.68
11/6/17,2.71
11/7/17,2.74
11/8/17,2.77
11/9/17,2.81
11/10/17,2.81
11/11/17,2.83
11/12/17,2.91
11/13/17,2.98
11/14/17,3.04
11/15/17,3.07
11/16/17,3.12
11/17/17,3.24
11/18/17,3.42
11/19/17,3.61
11/20/17,4.37
11/21/17,4.55
11/22/17,4.67
11/23/17,4.79
11/24/17,5.05
11/25/17,5.08
11/26/17,5.02
11/27/17,4.57
11/28/17,4.25
11/29/17,4.31
11/30/17,4.34
12/1/17,4.07
12/2/17,4.08
12/3/17,4.12
12/4/17,4.09
12/5/17,4.13
12/6/17,4.12
12/7/17,4.11
12/8/17,4.05
12/9/17,4.03
12/10/17,3.92
12/11/17,3.83
12/12/17,3.79
12/13/17,3.74
12/14/17,3.70
12/15/17,3.67
12/16/17,3.57
12/17/17,3.53
12/18/17,3.53
12/19/17,3.51
12/20/17,3.53
12/21/17,3.63
12/22/17,3.60
12/23/17,3.46
12/24/17,3.53
12/25/17,3.38
12/26/17,3.32
12/27/17,3.29
12/28/17,3.23
12/29/17,3.36
12/30/17,3.40
12/31/17,3.25
1/1/18,3.14
1/2/18,3.11
1/3/18,3.09
1/4/18,3.05
1/5/18,3.05
1/6/18,3.19
1/7/18,3.37
1/8/18,3.41
1/9/18,3.65
1/10/18,3.40
1/11/18,3.65
1/12/18,3.84
1/13/18,3.85
1/14/18,3.66
1/15/18,3.69
1/16/18,3.82
1/17/18,3.84
1/18/18,3.71
1/19/18,3.60
1/20/18,3.44
1/21/18,3.32
1/22/18,2.99
1/23/18,2.48
1/24/18,2.26
1/25/18,2.22
1/26/18,2.14
1/27/18,1.79
1/28/18,1.62
1/29/18,1.63
1/30/18,1.54
1/31/18,1.38
2/1/18,1.29
2/2/18,1.29
2/3/18,1.26
2/4/18,1.29
2/5/18,1.36
2/6/18,1.44
2/7/18,1.55
2/8/18,1.53
2/9/18,1.46
2/10/18,1.42
2/11/18,1.48
2/12/18,1.56
2/13/18,1.56
2/14/18,1.63
2/15/18,1.63
2/16/18,1.65
2/17/18,1.56
2/18/18,1.57
2/19/18,1.69
2/20/18,1.83
2/21/18,2.06
2/22/18,2.28
2/23/18,2.04
2/24/18,1.98
2/25/18,2.18
2/26/18,2.10
2/27/18,2.00
2/28/18,1.91
3/1/18,1.85
3/2/18,1.97
3/3/18,2.10
3/4/18,2.13
3/5/18,2.10
3/6/18,2.05
3/7/18,2.16
3/8/18,2.18
3/9/18,2.28
3/10/18,2.31
3/11/18,2.12
3/12/18,2.00
3/13/18,1.98
3/14/18,2.00
3/15/18,2.00
3/16/18,2.10
3/17/18,2.27
3/18/18,2.43
3/19/18,2.52
3/20/18,2.49
3/21/18,2.56
3/22/18,2.47
3/23/18,2.51
3/24/18,2.58
3/25/18,2.74
3/26/18,2.90
3/27/18,3.01
3/28/18,3.07
3/29/18,3.09
3/30/18,3.10
3/31/18,3.08
4/1/18,3.06
4/2/18,3.09
4/3/18,2.99
4/4/18,2.93
4/5/18,2.95
4/6/18,3.00
4/7/18,2.98
4/8/18,2.97
4/9/18,2.93
4/10/18,2.94
4/11/18,2.91
4/12/18,2.83
4/13/18,2.90
4/14/18,3.06
4/15/18,3.01
4/16/18,2.85
4/17/18,2.86
4/18/18,3.03
4/19/18,3.06
4/20/18,3.08
4/21/18,3.05
4/22/18,3.06
4/23/18,3.14
4/24/18,3.17
4/25/18,3.43
4/26/18,3.48
4/27/18,3.50
4/28/18,3.52
4/29/18,3.54
4/30/18,3.60
5/1/18,
5/2/18,3.61
5/3/18,3.61
5/4/18,3.64
5/5/18,3.70
5/6/18,3.73
5/7/18,3.75
5/8/18,3.78
5/9/18,3.79
5/10/18,3.80
5/11/18,3.80
5/12/18,3.77
5/13/18,3.80
5/14/18,3.82
5/15/18,3.83
5/16/18,3.84
5/17/18,3.84
5/18/18,3.83
5/19/18,3.82
5/20/18,3.83
5/21/18,3.81
5/22/18,3.80
5/23/18,3.82
5/24/18,3.83
5/25/18,3.83
5/26/18,3.83
5/27/18,3.83
5/28/18,3.85
5/29/18,3.86
5/30/18,3.87
5/31/18,3.88
6/1/18,3.89
6/2/18,3.91
6/3/18,3.94
6/4/18,3.95
6/5/18,3.94
6/6/18,3.95
6/7/18,3.95
6/8/18,3.96
6/9/18,3.97
6/10/18,3.98
6/11/18,3.97
6/12/18,3.97
6/13/18,3.96
6/14/18,3.96
6/15/18,3.98
6/16/18,3.98
6/17/18,4.00
6/18/18,4.01
6/19/18,4.04
6/20/18,4.07
6/21/18,4.08
6/22/18,4.09
6/23/18,4.10
6/24/18,4.11
6/25/18,4.12
6/26/18,4.12
6/27/18,4.12
6/28/18,4.12
6/29/18,4.13
6/30/18,4.14
7/1/18,4.15
7/2/18,4.16
7/3/18,4.18
7/4/18,4.19
7/5/18,4.21
7/6/18,4.21
7/7/18,4.21
7/8/18,4.18
7/9/18,4.16
7/10/18,4.16
7/11/18,4.17
7/12/18,4.17
7/13/18,4.18
7/14/18,4.17
7/15/18,4.18
7/16/18,4.18
7/17/18,4.19
7/18/18,4.20
7/19/18,4.21
7/20/18,4.22
7/21/18,4.22
7/22/18,4.22
7/23/18,4.22
7/24/18,4.22
7/25/18,4.22
7/26/18,4.23
7/27/18,4.23
7/28/18,4.23
7/29/18,4.25
7/30/18,4.26
7/31/18,4.28
8/1/18,4.34
8/2/18,4.36
8/3/18,4.38
8/4/18,4.39
8/5/18,4.40
8/6/18,4.41
8/7/18,4.41
8/8/18,4.43
8/9/18,4.44
8/10/18,4.45
8/11/18,4.46
8/12/18,4.49
8/13/18,4.48
8/14/18,4.59
8/15/18,4.65
8/16/18,4.67
8/17/18,4.68
8/18/18,4.69
8/19/18,4.69
8/20/18,4.67
8/21/18,4.65
8/22/18,4.65
8/23/18,4.66
8/24/18,4.67
8/25/18,4.70
8/26/18,4.71
8/27/18,4.75
8/28/18,4.79
8/29/18,4.80
8/30/18,4.81
8/31/18,4.90
9/1/18,4.94
9/2/18,4.95
9/3/18,4.96
9/4/18,4.96
9/5/18,4.97
9/6/18,4.97
9/7/18,4.97
9/8/18,4.97
9/9/18,4.94
9/10/18,4.93
9/11/18,4.95
9/12/18,4.96
9/13/18,4.95
9/14/18,4.95
9/15/18,4.96
9/16/18,4.99
9/17/18,5.00
9/18/18,5.00
9/19/18,4.99
9/20/18,5.08
9/21/18,5.17
9/22/18,5.44
9/23/18,5.96
9/24/18,6.36
9/25/18,6.31
9/26/18,6.33
9/27/18,6.29
9/28/18,6.06
9/29/18,5.65
9/30/18,5.68
10/1/18,5.71
10/2/18,5.34
10/3/18,5.11
10/4/18,5.12
10/5/18,5.16
10/6/18,5.17
10/7/18,5.17
10/8/18,5.17
10/9/18,5.19
10/10/18,5.24
10/11/18,5.31
10/12/18,5.35
10/13/18,5.39
10/14/18,5.42
10/15/18,5.45
10/16/18,5.37
10/17/18,5.35
10/18/18,5.30
10/19/18,5.28
10/20/18,5.26
10/21/18,5.31
10/22/18,5.29
10/23/18,5.20
10/24/18,5.21
10/25/18,5.26
10/26/18,5.14
10/27/18,5.06
10/28/18,5.15
10/29/18,5.16
10/30/18,5.19
10/31/18,5.24
11/1/18,5.28
11/2/18,5.25
11/3/18,5.17
11/4/18,5.13
11/5/18,5.17
11/6/18,5.21
11/7/18,5.25
11/8/18,5.27
11/9/18,5.31
11/10/18,5.45
11/11/18,5.44
11/12/18,5.35
11/13/18,5.20
11/14/18,5.17
11/15/18,5.16
11/16/18,5.14
11/17/18,5.15
11/18/18,5.15
11/19/18,5.15
11/20/18,5.17
11/21/18,5.20
11/22/18,5.19
11/23/18,5.31
11/24/18,5.30
11/25/18,5.28
11/26/18,5.62
11/27/18,5.78
11/28/18,5.71
11/29/18,5.65
11/30/18,5.60
12/1/18,5.60
12/2/18,5.56
12/3/18,5.51
12/4/18,5.47
12/5/18,5.48
12/6/18,5.47
12/7/18,5.47
12/8/18,5.40
12/9/18,5.33
12/10/18,5.29
12/11/18,5.17
12/12/18,5.02
12/13/18,4.92
12/14/18,4.83
12/15/18,4.73
12/16/18,4.60
12/17/18,4.50
12/18/18,4.38
12/19/18,4.30
12/20/18,4.23
12/21/18,4.14
12/22/18,4.06
12/23/18,3.95
12/24/18,3.86
12/25/18,3.79
12/26/18,3.71
12/27/18,3.64
12/28/18,3.54
12/29/18,3.42
12/30/18,3.32
12/31/18,3.30
1/1/19,3.33
1/2/19,3.32
1/3/19,3.29
1/4/19,3.27
1/5/19,3.23
1/6/19,3.23
1/7/19,3.22
1/8/19,3.24
1/9/19,3.21
1/10/19,3.26
1/11/19,3.24
1/12/19,3.13
1/13/19,3.18
1/14/19,3.33
1/15/19,3.40
1/16/19,3.43
1/17/19,3.34
1/18/19,3.12
1/19/19,2.95
1/20/19,3.05
1/21/19,3.09
1/22/19,3.20
1/23/19,3.24
1/24/19,3.25
1/25/19,3.31
1/26/19,3.48
1/27/19,3.62
1/28/19,3.64
1/29/19,3.61
1/30/19,3.59
1/31/19,3.58
2/1/19,3.60
2/2/19,3.68
2/3/19,3.74
2/4/19,3.79
2/5/19,3.86
2/6/19,3.90
2/7/19,3.86
2/8/19,3.89
2/9/19,4.03
2/10/19,3.96
2/11/19,3.82
2/12/19,3.97
2/13/19,3.97
2/14/19,3.96
2/15/19,3.91
2/16/19,3.87
2/17/19,3.81
2/18/19,3.76
2/19/19,3.81
2/20/19,3.79
2/21/19,3.77
2/22/19,3.74
2/23/19,3.73
2/24/19,3.74
2/25/19,3.72
2/26/19,3.68
2/27/19,3.64
2/28/19,3.64
3/1/19,3.65
3/2/19,3.65
3/3/19,3.63
3/4/19,3.59
3/5/19,3.57
3/6/19,3.57
3/7/19,3.56
3/8/19,3.58
3/9/19,3.65
3/10/19,3.70
3/11/19,3.68
3/12/19,3.65
3/13/19,3.61
3/14/19,3.56
3/15/19,3.57
3/16/19,3.54
3/17/19,3.51
3/18/19,3.50
3/19/19,3.44
3/20/19,3.40
3/21/19,3.39
3/22/19,3.38
3/23/19,3.42
3/24/19,3.46
3/25/19,3.49
3/26/19,3.47
3/27/19,3.45
3/28/19,3.46
3/29/19,3.45
3/30/19,3.43
3/31/19,3.43
4/1/19,3.43
4/2/19,3.42
4/3/19,3.40
4/4/19,3.45
4/5/19,3.49
4/6/19,3.51
4/7/19,3.50
4/8/19,3.47
4/9/19,3.45
4/10/19,3.45
4/11/19,3.50
4/12/19,3.56
4/13/19,3.67
4/14/19,3.75
4/15/19,3.76
4/16/19,3.77
4/17/19,3.78
4/18/19,3.83
4/19/19,3.87
4/20/19,3.85
4/21/19,3.83
4/22/19,3.77
4/23/19,3.70
4/24/19,3.68
4/25/19,3.70
4/26/19,3.70
4/27/19,3.70
4/28/19,3.69
4/29/19,3.69
4/30/19,3.71
5/1/19,3.74
5/2/19,3.76
5/3/19,3.76
5/4/19,3.76
5/5/19,3.75
5/6/19,3.76
5/7/19,3.78
5/8/19,3.79
5/9/19,3.81
5/10/19,3.82
5/11/19,3.83
5/12/19,3.84
5/13/19,3.86
5/14/19,3.91
5/15/19,3.91
5/16/19,3.94
5/17/19,3.96
5/18/19,3.97
5/19/19,3.98
5/20/19,3.99
5/21/19,3.99
5/22/19,3.97
5/23/19,3.97
5/24/19,3.99
5/25/19,3.97
5/26/19,4.00
5/27/19,4.02
5/28/19,4.02
5/29/19,3.98
5/30/19,3.97
5/31/19,4.00
6/1/19,4.01
6/2/19,4.01
6/3/19,4.02
6/4/19,4.02
6/5/19,4.02
6/6/19,4.03
6/7/19,4.06
6/8/19,4.08
6/9/19,4.10
6/10/19,4.09
6/11/19,4.11
6/12/19,4.15
6/13/19,4.16
6/14/19,4.13
6/15/19,4.09
6/16/19,4.08
6/17/19,4.09
6/18/19,4.14
6/19/19,4.15
6/20/19,4.16
6/21/19,4.17
6/22/19,4.17
6/23/19,4.17
6/24/19,4.17
6/25/19,4.16
6/26/19,4.17
6/27/19,4.17
6/28/19,4.13
6/29/19,4.09
6/30/19,4.09
7/1/19,4.10
7/2/19,4.10
7/3/19,4.11
7/4/19,4.14
7/5/19,4.17
7/6/19,4.21
7/7/19,4.29
7/8/19,4.30
7/9/19,4.31
7/10/19,4.33
7/11/19,4.33
7/12/19,4.31
7/13/19,4.31
7/14/19,4.32
7/15/19,4.34
7/16/19,4.35
7/17/19,4.35
7/18/19,4.35
7/19/19,4.36
7/20/19,4.36
7/21/19,4.37
7/22/19,4.37
7/23/19,4.37
7/24/19,4.37
7/25/19,4.37
7/26/19,4.36
7/27/19,4.37
7/28/19,4.35
7/29/19,4.35
7/30/19,4.35
7/31/19,4.34
8/1/19,4.34
8/2/19,4.34
8/3/19,4.35
8/4/19,4.38
8/5/19,4.41
8/6/19,4.44
8/7/19,4.47
8/8/19,4.49
8/9/19,4.50
8/10/19,4.51
8/11/19,4.53
8/12/19,4.54
8/13/19,4.56
8/14/19,4.61
8/15/19,4.63
8/16/19,4.64
8/17/19,4.64
8/18/19,4.67
8/19/19,4.67
8/20/19,4.66
8/21/19,4.64
8/22/19,4.62
8/23/19,4.60
8/24/19,4.61
8/25/19,4.62
8/26/19,4.64
8/27/19,4.65
8/28/19,4.66
8/29/19,4.67
8/30/19,4.68
8/31/19,4.65
9/1/19,4.65
9/2/19,4.55
9/3/19,4.57
9/4/19,4.60
9/5/19,4.61
9/6/19,4.63
9/7/19,4.62
9/8/19,4.64
9/9/19,4.66
9/10/19,4.68
9/11/19,4.70
9/12/19,4.72
9/13/19,4.78
9/14/19,4.85
9/15/19,4.88
9/16/19,4.90
9/17/19,4.92
9/18/19,4.92
9/19/19,5.04
9/20/19,5.09
9/21/19,5.12
9/22/19,5.19
9/23/19,5.09
9/24/19,5.02
9/25/19,5.04
9/26/19,5.14
9/27/19,5.10
9/28/19,5.07
9/29/19,5.10
9/30/19,5.13
10/1/19,5.16
10/2/19,5.17
10/3/19,5.18
10/4/19,5.18
10/5/19,5.19
10/6/19,5.22
10/7/19,5.23
10/8/19,5.23
10/9/19,5.23
10/10/19,5.23
10/11/19,5.23
10/12/19,5.32
10/13/19,5.49
10/14/19,5.89
10/15/19,5.55
10/16/19,5.05
10/17/19,4.78
10/18/19,4.80
10/19/19,4.83
10/20/19,4.86
10/21/19,4.87
10/22/19,4.87
10/23/19,4.86
10/24/19,4.93
10/25/19,4.99
10/26/19,5.05
10/27/19,5.11
10/28/19,5.16
10/29/19,5.24
10/30/19,5.27
10/31/19,5.25
11/1/19,5.34
11/2/19,5.62
11/3/19,5.85
11/4/19,6.02
11/5/19,6.02
11/6/19,6.17
11/7/19,6.26
11/8/19,6.19
11/9/19,6.15
11/10/19,6.07
11/11/19,6.06
11/12/19,6.07
11/13/19,6.04
11/14/19,6.01
11/15/19,5.99
11/16/19,6.01
11/17/19,6.04
11/18/19,6.04
11/19/19,6.04
11/20/19,6.01
11/21/19,5.89
11/22/19,6.01
11/23/19,5.98
11/24/19,5.96
11/25/19,6.05
11/26/19,6.13
11/27/19,6.19
11/28/19,6.18
11/29/19,6.15
11/30/19,6.14
12/1/19,6.12
12/2/19,6.11
12/3/19,6.11
12/4/19,6.09
12/5/19,6.09
12/6/19,6.06
12/7/19,5.97
12/8/19,5.96
12/9/19,5.92
12/10/19,5.56
12/11/19,5.52
12/12/19,5.42
12/13/19,5.32
12/14/19,5.24
12/15/19,5.22
12/16/19,5.20
12/17/19,5.18
12/18/19,5.18
12/19/19,5.15
12/20/19,5.11
12/21/19,5.09
12/22/19,5.03
12/23/19,5.00
12/24/19,4.95
12/25/19,4.82
12/26/19,4.68
12/27/19,4.48
12/28/19,4.28
12/29/19,4.07
12/30/19,3.92
12/31/19,3.72
1/1/20,3.39
1/2/20,3.02
1/3/20,2.74
1/4/20,2.61
1/5/20,2.53
1/6/20,2.51
1/7/20,2.55
1/8/20,2.60
1/9/20,2.78
1/10/20,2.85
1/11/20,2.91
1/12/20,2.92
1/13/20,2.91
1/14/20,2.87
1/15/20,2.78
1/16/20,2.67
1/17/20,2.63
1/18/20,2.62
1/19/20,2.70
1/20/20,2.72
1/21/20,2.73
1/22/20,2.68
1/23/20,2.59
1/24/20,2.39
1/25/20,2.11
1/26/20,1.93
1/27/20,1.55
1/28/20,1.10
1/29/20,0.66
1/30/20,0.03
1/31/20,-0.10
2/1/20,-0.21
2/2/20,-0.35
2/3/20,-0.47
2/4/20,-0.33
2/5/20,-0.23
2/6/20,-0.19
2/7/20,-0.39
2/8/20,-0.25
2/9/20,0.30
2/10/20,0.34
2/11/20,0.70
2/12/20,0.76
2/13/20,0.73
2/14/20,0.76
2/15/20,0.71
2/16/20,0.79
2/17/20,0.77
2/18/20,1.20
2/19/20,1.24
2/20/20,1.12
2/21/20,1.05
2/22/20,0.97
2/23/20,0.90
2/24/20,0.78
2/25/20,0.69
2/26/20,0.57
2/27/20,0.51
2/28/20,0.64
2/29/20,0.60
3/1/20,0.89
3/2/20,1.00
3/3/20,0.94
3/4/20,0.81
3/5/20,0.69
3/6/20,0.65
3/7/20,0.90
3/8/20,1.16
3/9/20,1.23
3/10/20,0.92
3/11/20,0.78
3/12/20,0.76
3/13/20,0.53
3/14/20,0.46
3/15/20,0.30
3/16/20,0.22
3/17/20,0.20
3/18/20,0.41
3/19/20,0.49
3/20/20,0.65
3/21/20,0.67
3/22/20,0.61
3/23/20,0.60
3/24/20,0.65
3/25/20,0.82
3/26/20,1.12
3/27/20,1.08
3/28/20,1.30
3/29/20,1.10
3/30/20,1.07
3/31/20,1.07
4/1/20,1.11
4/2/20,1.18
4/3/20,1.18
4/4/20,1.12
4/5/20,1.09
4/6/20,1.08
4/7/20,1.21
4/8/20,1.42
4/9/20,1.62
4/10/20,1.66
4/11/20,1.63
4/12/20,1.60
4/13/20,1.62
4/14/20,1.67
4/15/20,1.68
4/16/20,1.72
4/17/20,1.74
4/18/20,1.74
4/19/20,1.75
4/20/20,1.76
4/21/20,1.78
4/22/20,1.77
4/23/20,1.73
4/24/20,1.61
4/25/20,1.63
4/26/20,1.61
4/27/20,1.66
4/28/20,1.74
4/29/20,1.81
4/30/20,1.84
5/1/20,1.87
5/2/20,1.89
5/3/20,1.89
5/4/20,1.88
5/5/20,1.89
5/6/20,1.89
5/7/20,1.89
5/8/20,1.90
5/9/20,1.92
5/10/20,1.93
5/11/20,1.94
5/12/20,1.95
5/13/20,1.97
5/14/20,1.98
5/15/20,1.99
5/16/20,1.98
5/17/20,1.99
5/18/20,2.00
5/19/20,2.01
5/20/20,2.03
5/21/20,2.06
5/22/20,2.08
5/23/20,2.05
5/24/20,2.04
5/25/20,2.02
5/26/20,2.04
5/27/20,2.08
5/28/20,2.09
5/29/20,2.11
5/30/20,2.12
5/31/20,2.15
6/1/20,2.18
6/2/20,2.21
6/3/20,2.24
6/4/20,2.25
6/5/20,2.27
6/6/20,2.29
6/7/20,2.31
6/8/20,2.33
6/9/20,2.35
6/10/20,2.36
6/11/20,2.40
6/12/20,2.42
6/13/20,2.42
6/14/20,2.42
6/15/20,2.43
6/16/20,2.41
6/17/20,2.40
6/18/20,2.42
6/19/20,2.43
6/20/20,2.43
6/21/20,2.43
6/22/20,2.44
6/23/20,2.47
6/24/20,2.49
6/25/20,2.50
6/26/20,2.51
6/27/20,2.51
6/28/20,2.52
6/29/20,2.55
6/30/20,2.59
7/1/20,2.61
7/2/20,2.61
7/3/20,2.64
7/4/20,2.67
7/5/20,2.70
7/6/20,2.72
7/7/20,2.73
7/8/20,2.73
7/9/20,2.73
7/10/20,2.73
7/11/20,2.74
7/12/20,2.74
7/13/20,2.74
7/14/20,2.72
7/15/20,2.70
7/16/20,2.70
7/17/20,2.70
7/18/20,2.71
7/19/20,2.71
7/20/20,2.72
7/21/20,2.74
7/22/20,2.75
7/23/20,2.78
7/24/20,2.80
7/25/20,2.82
7/26/20,2.83
7/27/20,2.84
7/28/20,2.85
7/29/20,2.85
7/30/20,2.88
7/31/20,2.92
8/1/20,2.95
8/2/20,2.97
8/3/20,2.98
8/4/20,2.98
8/5/20,2.98
8/6/20,2.97
8/7/20,3.00
8/8/20,3.04
8/9/20,3.04
8/10/20,3.02
8/11/20,3.01
8/12/20,3.02
8/13/20,3.05
8/14/20,3.02
8/15/20,3.03
8/16/20,3.02
8/17/20,2.98
8/18/20,2.98
8/19/20,3.01
8/20/20,3.05
8/21/20,3.07
8/22/20,3.09
8/23/20,3.11
8/24/20,3.13
8/25/20,3.16
8/26/20,3.16
8/27/20,3.11
8/28/20,3.08
8/29/20,3.09
8/30/20,3.08
8/31/20,3.10
9/1/20,3.04
9/2/20,3.21
9/3/20,3.21
9/4/20,3.20
9/5/20,3.31
9/6/20,3.30
9/7/20,3.20
9/8/20,3.07
9/9/20,3.16
9/10/20,3.11
9/11/20,3.14
9/12/20,3.13
9/13/20,3.16
9/14/20,3.20
9/15/20,3.29
9/16/20,3.30
9/17/20,3.29
9/18/20,3.40
9/19/20,3.41
9/20/20,3.38
9/21/20,3.43
9/22/20,3.25
9/23/20,3.15
9/24/20,3.08
9/25/20,3.10
9/26/20,3.15
9/27/20,3.15
9/28/20,3.07
9/29/20,3.09
9/30/20,3.03
10/1/20,2.84
10/2/20,2.80
10/3/20,2.83
10/4/20,2.84
10/5/20,2.84
10/6/20,2.85
10/7/20,2.84
10/8/20,2.82
10/9/20,2.83
10/10/20,2.86
10/11/20,2.90
10/12/20,2.95
10/13/20,2.97
10/14/20,2.97
10/15/20,2.99
10/16/20,2.98
10/17/20,2.98
10/18/20,2.99
10/19/20,3.04
10/20/20,3.09
10/21/20,3.12
10/22/20,3.19
10/23/20,3.15
10/24/20,3.16
10/25/20,3.23
10/26/20,3.28
10/27/20,3.30
10/28/20,3.30
10/29/20,3.30
10/30/20,3.30
10/31/20,3.37
11/1/20,3.45
11/2/20,3.43
11/3/20,3.41
11/4/20,3.53
11/5/20,4.14
11/6/20,4.85
11/7/20,5.03
11/8/20,4.37
11/9/20,4.42
11/10/20,4.85
11/11/20,4.91
11/12/20,4.86
11/13/20,4.98
11/14/20,5.11
11/15/20,5.23
11/16/20,5.26
11/17/20,5.17
11/18/20,5.17
11/19/20,5.10
11/20/20,4.83
11/21/20,4.68
11/22/20,4.80
11/23/20,4.89
11/24/20,4.93
11/25/20,4.88
11/26/20,4.91
11/27/20,4.87
11/28/20,4.76
11/29/20,4.69
11/30/20,4.67
12/1/20,4.52
12/2/20,4.41
12/3/20,4.33
12/4/20,4.25
12/5/20,4.19
12/6/20,4.11
12/7/20,3.94
12/8/20,3.96
12/9/20,3.80
12/10/20,3.71
12/11/20,3.63
12/12/20,3.63
12/13/20,3.78
12/14/20,3.84
12/15/20,3.83
12/16/20,3.81
12/17/20,3.81
12/18/20,3.82
12/19/20,3.84
12/20/20,3.90
12/21/20,3.98
12/22/20,3.96
12/23/20,3.78
12/24/20,3.71
12/25/20,3.85
12/26/20,3.75
12/27/20,3.71
12/28/20,3.62
12/29/20,3.67
12/30/20,3.71
12/31/20,3.76
1/1/21,3.74
1/2/21,3.61
1/3/21,3.53
1/4/21,3.50
1/5/21,3.22
1/6/21,3.21
1/7/21,3.11
1/8/21,3.00
1/9/21,2.97
1/10/21,2.83
1/11/21,2.51
1/12/21,2.46
1/13/21,2.46
1/14/21,2.50
1/15/21,2.35
1/16/21,2.43
1/17/21,2.44
1/18/21,2.16
1/19/21,1.99
1/20/21,2.07
1/21/21,1.85
1/22/21,1.96
1/23/21,1.93
1/24/21,2.24
1/25/21,2.34
1/26/21,2.34
1/27/21,2.37
1/28/21,2.40
1/29/21,2.44
1/30/21,2.37
1/31/21,2.33
2/1/21,2.32
2/2/21,2.23
2/3/21,2.18
2/4/21,2.17
2/5/21,2.17
2/6/21,2.16
2/7/21,2.14
2/8/21,2.04
2/9/21,2.01
2/10/21,2.01
2/11/21,1.92
2/12/21,1.77
2/13/21,1.59
2/14/21,1.55
2/15/21,1.56
2/16/21,1.56
2/17/21,1.57
2/18/21,1.58
2/19/21,1.55
2/20/21,1.53
2/21/21,1.54
2/22/21,1.58
2/23/21,1.57
2/24/21,1.62
2/25/21,1.76
2/26/21,1.80
2/27/21,1.76
2/28/21,1.60
3/1/21,1.57
3/2/21,1.75
3/3/21,1.69
3/4/21,1.87
3/5/21,1.67
3/6/21,1.86
3/7/21,2.07
3/8/21,2.16
3/9/21,2.24
3/10/21,2.29
3/11/21,2.34
3/12/21,2.34
3/13/21,2.31
3/14/21,2.30
3/15/21,2.36
3/16/21,2.41
3/17/21,2.38
3/18/21,2.29
3/19/21,2.27
3/20/21,2.00
3/21/21,1.79
3/22/21,1.78
3/23/21,1.88
3/24/21,1.80
3/25/21,1.76
3/26/21,1.76
3/27/21,1.74
3/28/21,1.74
3/29/21,1.73
3/30/21,1.80
3/31/21,1.84
4/1/21,1.92
4/2/21,2.00
4/3/21,2.03
4/4/21,2.08
4/5/21,2.15
4/6/21,2.09
4/7/21,2.05
4/8/21,1.93
4/9/21,2.07
4/10/21,1.99
4/11/21,1.96
4/12/21,1.98
4/13/21,2.01
4/14/21,2.01
4/15/21,1.88
4/16/21,2.08
4/17/21,2.05
4/18/21,1.90
4/19/21,1.87
4/20/21,1.90
4/21/21,2.12
4/22/21,2.21
4/23/21,2.18
4/24/21,2.16
4/25/21,2.14
4/26/21,2.09
4/27/21,2.18
4/28/21,2.27
4/29/21,2.31
4/30/21,2.41
5/1/21,2.43
5/2/21,2.44
5/3/21,2.45
5/4/21,2.47